research_id,index_ai_intro_date,index_ai_intro_month,membership_tenure_days_at_index,ai_intro_count_total,ai_intro_count_first_30d,ai_intro_count_first_60d,ai_intro_count_first_90d,unique_members_introduced_count,matching_cycles_participated,first_vs_recurring_intro,average_group_size,repeat_match_count,repeat_match_rate,average_pair_score,median_pair_score,minimum_pair_score,maximum_pair_score,average_ai_correlation_score,matching_source_category,matching_algorithm_version,matching_pool_size,network_density_category,intro_delivered_count,successful_delivery_rate,retained_30d,retained_60d,retained_90d,retained_120d,retained_180d,days_from_index_to_service_end,valid_access_at_analysis_date,number_of_previous_introductions
R000001,2026-09-01,2026-09,139,1,1,1,1,2,1,0,3,0,0,0.381845,0.381845,0.373486,0.390203,0.571801,ai_unified_email_engine,14,90,high_density,1,1,,,,,,,1,0
R000002,2026-09-01,2026-09,267,1,1,1,1,2,1,1,3,0,0,0.492884,0.492884,0.321398,0.664369,0.374629,ai_unified_email_engine,14,30,medium_density,1,1,,,,,,,1,4
R000003,2026-09-01,2026-09,216,1,1,1,1,2,1,1,3,0,0,0.555805,0.555805,0.444186,0.667423,0.522199,ai_unified_email_engine,14,33,medium_density,1,1,,,,,,,1,3
R000004,2026-09-01,2026-09,246,1,1,1,1,2,1,1,3,1,0.1111,0.800974,0.800974,0.788002,0.813947,0.540876,ai_unified_email_engine,14,20,low_density,1,1,,,,,,,1,4
R000005,2026-09-01,2026-09,243,1,1,1,1,2,1,1,3,0,0,0.529599,0.529599,0.526344,0.532854,0.573337,ai_unified_email_engine,14,9,very_low_density,1,1,,,,,,,1,4
R000006,2026-09-01,2026-09,341,1,1,1,1,2,1,1,3,1,0.0667,0.728338,0.728338,0.695601,0.761075,0.600968,ai_unified_email_engine,14,90,high_density,1,1,,,,,,,1,7
R000007,2026-09-01,2026-09,20,1,1,1,1,2,1,0,3,0,0,0.778136,0.778136,0.744709,0.811562,0.548044,ai_unified_email_engine,14,45,high_density,1,1,,,,,,,1,0
R000008,2026-09-01,2026-09,249,1,1,1,1,2,1,1,3,0,0,0.347474,0.347474,0.265301,0.429646,0,ai_unified_email_engine,14,20,low_density,1,1,,,,,,,1,4
R000009,2026-09-01,2026-09,28,1,1,1,1,2,1,0,3,0,0,0.825289,0.825289,0.821752,0.828826,0.6072,ai_unified_email_engine,14,69,high_density,1,1,,,,,,,1,0
R000010,2026-09-01,2026-09,287,1,1,1,1,2,1,1,3,2,0.2,0.570045,0.570045,0.569564,0.570526,0.534545,ai_unified_email_engine,14,11,low_density,1,1,,,,,,,1,5
R000011,2026-09-01,2026-09,215,1,1,1,1,2,1,1,3,0,0,0.752263,0.752263,0.713126,0.7914,0.612172,ai_unified_email_engine,14,17,low_density,1,1,,,,,,,1,2
R000012,2026-09-01,2026-09,214,1,1,1,1,2,1,1,3,0,0,0.638408,0.638408,0.530438,0.746378,0.579026,ai_unified_email_engine,14,39,high_density,1,1,,,,,,0,0,3
R000013,2026-09-01,2026-09,50,1,1,1,1,2,1,0,3,0,0,0.590949,0.590949,0.575174,0.606724,0.365872,ai_unified_email_engine,14,28,medium_density,1,1,,,,,,,1,0
R000014,2026-09-01,2026-09,145,1,1,1,1,2,1,0,3,0,0,0.796716,0.796716,0.781632,0.811799,0.554906,ai_unified_email_engine,14,17,low_density,1,1,,,,,,,1,0
R000015,2026-09-01,2026-09,356,1,1,1,1,2,1,1,3,1,0.0667,0.607023,0.607023,0.596339,0.617706,0.558415,ai_unified_email_engine,14,22,low_density,1,1,,,,,,,1,7
R000016,2026-09-01,2026-09,303,1,1,1,1,3,1,1,4,2,0.1538,0.604512,0.576817,0.451138,0.78558,0.517798,ai_unified_email_engine,14,7,very_low_density,1,1,,,,,,6,0,6
R000017,2026-09-01,2026-09,243,1,1,1,1,2,1,1,3,1,0.1111,0.783441,0.783441,0.748962,0.81792,0.585134,ai_unified_email_engine,14,42,high_density,1,1,,,,,,,1,4
R000018,2026-09-01,2026-09,147,1,1,1,1,2,1,0,3,0,0,0.620153,0.620153,0.618434,0.621871,0.60979,ai_unified_email_engine,14,8,very_low_density,1,1,,,,,,0,0,0
R000019,2026-09-01,2026-09,227,1,1,1,1,2,1,1,3,0,0,0.730413,0.730413,0.716296,0.744529,0.617,ai_unified_email_engine,14,53,high_density,1,1,,,,,,0,0,3
R000020,2026-09-01,2026-09,88,1,1,1,1,2,1,0,3,0,0,0.567636,0.567636,0.563993,0.571279,0.61128,ai_unified_email_engine,14,22,low_density,1,1,,,,,,,1,0
R000021,2026-09-01,2026-09,406,1,1,1,1,2,1,1,3,1,0.0909,0.81868,0.81868,0.817921,0.819439,0.580034,ai_unified_email_engine,14,98,high_density,1,1,,,,,,,1,5
R000022,2026-09-01,2026-09,196,1,1,1,1,2,1,1,3,1,0.2,0.576415,0.576415,0.575746,0.577083,0.540187,ai_unified_email_engine,14,17,low_density,1,1,,,,,,,1,2
R000023,2026-09-01,2026-09,318,1,1,1,1,2,1,1,3,0,0,0.566648,0.566648,0.457962,0.675334,0.542002,ai_unified_email_engine,14,23,low_density,1,1,,,,,,,1,6
R000024,2026-09-01,2026-09,84,1,1,1,1,2,1,0,3,0,0,0.803104,0.803104,0.784567,0.821641,0.540776,ai_unified_email_engine,14,53,high_density,1,1,,,,,,,1,0
R000025,2026-09-01,2026-09,302,1,1,1,1,2,1,1,3,2,0.1667,0.809807,0.809807,0.783674,0.83594,0.529578,ai_unified_email_engine,14,24,medium_density,1,1,,,,,,,1,6
R000026,2026-09-01,2026-09,303,1,1,1,1,2,1,1,3,0,0,0.579898,0.579898,0.562904,0.596892,0.637201,ai_unified_email_engine,14,8,very_low_density,1,1,,,,,,,1,4
R000027,2026-09-01,2026-09,339,1,1,1,1,2,1,1,3,0,0,0.660458,0.660458,0.587892,0.733024,0.528576,ai_unified_email_engine,14,42,high_density,1,1,,,,,,,1,7
R000028,2026-09-01,2026-09,307,1,1,1,1,2,1,1,3,0,0,0.685021,0.685021,0.632102,0.73794,0,ai_unified_email_engine,14,31,medium_density,1,1,,,,,,,1,6
R000029,2026-09-01,2026-09,174,1,1,1,1,2,1,1,3,1,0.3333,0.663531,0.663531,0.638017,0.689044,0.648651,ai_unified_email_engine,14,18,low_density,1,1,,,,,,12,0,1
R000030,2026-09-01,2026-09,353,1,1,1,1,2,1,1,3,3,0.2,0.796137,0.796137,0.789694,0.802579,0.602069,ai_unified_email_engine,14,72,high_density,1,1,,,,,,12,0,8
R000031,2026-09-01,2026-09,199,1,1,1,1,3,1,1,4,0,0,0.524645,0.478463,0.413599,0.681873,0.16919,ai_unified_email_engine,14,13,low_density,1,1,,,,,,,1,2
R000032,2026-09-01,2026-09,361,1,1,1,1,2,1,1,3,1,0.0667,0.650772,0.650772,0.642233,0.659311,0.597594,ai_unified_email_engine,14,35,medium_density,1,1,,,,,,,1,7
R000033,2026-09-01,2026-09,237,1,1,1,1,2,1,1,3,0,0,0.827006,0.827006,0.824396,0.829615,0.560328,ai_unified_email_engine,14,48,high_density,1,1,,,,,,,1,3
R000034,2026-09-01,2026-09,212,1,1,1,1,2,1,1,3,0,0,0.573787,0.573787,0.572399,0.575174,0.256088,ai_unified_email_engine,14,28,medium_density,1,1,,,,,,,1,3
R000035,2026-09-01,2026-09,378,1,1,1,1,2,1,1,3,1,0.0588,0.771925,0.771925,0.762328,0.781521,0.56805,ai_unified_email_engine,14,33,medium_density,1,1,,,,,,,1,8
R000036,2026-09-01,2026-09,321,1,1,1,1,3,1,1,4,0,0,0.30907,0.286339,0.227273,0.413599,0,ai_unified_email_engine,14,13,low_density,1,1,,,,,,,1,3
R000037,2026-09-01,2026-09,238,1,1,1,1,2,1,1,3,0,0,0.528959,0.528959,0.498868,0.55905,0.359006,ai_unified_email_engine,14,35,medium_density,1,1,,,,,,,1,4
R000038,2026-09-01,2026-09,355,1,1,1,1,2,1,1,3,0,0,0.518319,0.518319,0.510124,0.526513,0,ai_unified_email_engine,14,35,medium_density,1,1,,,,,,,1,5
R000039,2026-09-01,2026-09,356,1,1,1,1,2,1,1,3,0,0,0.744107,0.744107,0.743506,0.744709,0.486781,ai_unified_email_engine,14,45,high_density,1,1,,,,,,5,0,7
R000040,2026-09-01,2026-09,298,1,1,1,1,2,1,1,3,1,0.2,0.844032,0.844032,0.843654,0.84441,0.569977,ai_unified_email_engine,14,48,high_density,1,1,,,,,,0,0,2
R000041,2026-09-01,2026-09,44,1,1,1,1,2,1,0,3,0,0,0.792742,0.792742,0.77973,0.805753,0.555023,ai_unified_email_engine,14,31,medium_density,1,1,,,,,,,1,0
R000042,2026-09-01,2026-09,232,1,1,1,1,3,1,1,4,1,0.1667,0.257442,0.270472,0.227273,0.27458,0.35398,ai_unified_email_engine,14,7,very_low_density,1,1,,,,,,,1,2
R000043,2026-09-01,2026-09,232,1,1,1,1,2,1,1,3,1,0.1429,0.810129,0.810129,0.784781,0.835476,0.435042,ai_unified_email_engine,14,28,medium_density,1,1,,,,,,,1,3
R000044,2026-09-01,2026-09,258,1,1,1,1,2,1,1,3,0,0,0.74933,0.74933,0.672353,0.826306,0.606789,ai_unified_email_engine,14,24,medium_density,1,1,,,,,,,1,4
R000045,2026-09-01,2026-09,271,1,1,1,1,2,1,1,3,0,0,0.681548,0.681548,0.671406,0.691691,0.576506,ai_unified_email_engine,14,33,medium_density,1,1,,,,,,,1,5
R000046,2026-09-01,2026-09,117,1,1,1,1,2,1,0,3,0,0,0.618019,0.618019,0.614878,0.621159,0.584745,ai_unified_email_engine,14,48,high_density,1,1,,,,,,,1,0
R000047,2026-09-01,2026-09,112,1,1,1,1,2,1,0,3,0,0,0.610367,0.610367,0.593723,0.62701,0.626781,ai_unified_email_engine,14,98,high_density,1,1,,,,,,0,0,0
R000048,2026-09-01,2026-09,241,1,1,1,1,2,1,1,3,1,0.1429,0.585556,0.585556,0.565086,0.606026,0.566822,ai_unified_email_engine,14,3,very_low_density,1,1,,,,,,,1,3
R000049,2026-09-01,2026-09,211,1,1,1,1,2,1,1,3,0,0,0.637631,0.637631,0.543939,0.731323,0.574315,ai_unified_email_engine,14,10,low_density,1,1,,,,,,,1,3
R000050,2026-09-01,2026-09,326,1,1,1,1,2,1,1,3,1,0.0769,0.766827,0.766827,0.761075,0.772579,0.631904,ai_unified_email_engine,14,90,high_density,1,1,,,,,,,1,6
R000051,2026-09-01,2026-09,318,1,1,1,1,2,1,1,3,0,0,0.672865,0.672865,0.568031,0.7777,0.559375,ai_unified_email_engine,14,38,high_density,1,1,,,,,,,1,6
R000052,2026-09-01,2026-09,33,1,1,1,1,2,1,0,3,0,0,0.667549,0.667549,0.566971,0.768126,0.551017,ai_unified_email_engine,14,69,high_density,1,1,,,,,,,1,0
R000053,2026-09-01,2026-09,65,1,1,1,1,2,1,0,3,0,0,0.686577,0.686577,0.647516,0.725638,0.539837,ai_unified_email_engine,14,53,high_density,1,1,,,,,,,1,0
R000054,2026-09-01,2026-09,246,1,1,1,1,2,1,1,3,0,0,0.677458,0.677458,0.603374,0.751542,0.575384,ai_unified_email_engine,14,35,medium_density,1,1,,,,,,,1,4
R000055,2026-09-01,2026-09,69,1,1,1,1,2,1,0,3,0,0,0.669279,0.669279,0.644928,0.693629,0.44329,ai_unified_email_engine,14,42,high_density,1,1,,,,,,,1,0
R000056,2026-09-01,2026-09,215,1,1,1,1,2,1,1,3,0,0,0.722295,0.722295,0.712173,0.732416,0.573163,ai_unified_email_engine,14,31,medium_density,1,1,,,,,,,1,3
R000057,2026-09-01,2026-09,340,1,1,1,1,2,1,1,3,0,0,0.818344,0.818344,0.814936,0.821752,0.566236,ai_unified_email_engine,14,69,high_density,1,1,,,,,,,1,7
R000058,2026-09-01,2026-09,340,1,1,1,1,2,1,1,3,1,0.0667,0.820857,0.820857,0.780766,0.860948,0.38605,ai_unified_email_engine,14,69,high_density,1,1,,,,,,,1,7
R000059,2026-09-01,2026-09,240,1,1,1,1,2,1,1,3,1,0.1111,0.672356,0.672356,0.565416,0.779296,0.615504,ai_unified_email_engine,14,42,high_density,1,1,,,,,,,1,4
R000060,2026-09-01,2026-09,253,1,1,1,1,2,1,1,3,1,0.1111,0.61287,0.61287,0.611684,0.614055,0.524335,ai_unified_email_engine,14,5,very_low_density,1,1,,,,,,14,0,4
R000061,2026-09-01,2026-09,274,1,1,1,1,2,1,1,3,1,0.1,0.818583,0.818583,0.817424,0.819741,0.612157,ai_unified_email_engine,14,31,medium_density,1,1,,,,,,1,0,5
R000062,2026-09-01,2026-09,24,1,1,1,1,2,1,0,3,0,0,0.822965,0.822965,0.81181,0.83412,0.567483,ai_unified_email_engine,14,38,high_density,1,1,,,,,,,1,0
R000063,2026-09-01,2026-09,60,1,1,1,1,2,1,0,3,0,0,0.79311,0.79311,0.746024,0.840195,0.565805,ai_unified_email_engine,14,56,high_density,1,1,,,,,,,1,0
R000064,2026-09-01,2026-09,104,1,1,1,1,2,1,0,3,0,0,0.7616,0.7616,0.715267,0.807932,0.532341,ai_unified_email_engine,14,35,medium_density,1,1,,,,,,,1,0
R000065,2026-09-01,2026-09,367,1,1,1,1,2,1,1,3,0,0,0.740509,0.740509,0.712394,0.768623,0.568904,ai_unified_email_engine,14,90,high_density,1,1,,,,,,,1,8
R000066,2026-09-01,2026-09,236,1,1,1,1,2,1,1,3,0,0,0.451414,0.451414,0.396708,0.50612,0,ai_unified_email_engine,14,42,high_density,1,1,,,,,,,1,3
R000067,2026-09-01,2026-09,86,1,1,1,1,2,1,0,3,0,0,0.567502,0.567502,0.553688,0.581315,0.378219,ai_unified_email_engine,14,27,medium_density,1,1,,,,,,,1,0
R000068,2026-09-01,2026-09,335,1,1,1,1,2,1,1,3,0,0,0.736806,0.736806,0.662052,0.811559,0.594674,ai_unified_email_engine,14,54,high_density,1,1,,,,,,,1,7
R000069,2026-09-01,2026-09,8,1,1,1,1,2,1,0,3,0,0,0.660726,0.660726,0.6592,0.662251,0.289135,ai_unified_email_engine,14,90,high_density,1,1,,,,,,,1,0
R000070,2026-09-01,2026-09,178,1,1,1,1,2,1,1,3,0,0,0.676088,0.676088,0.671163,0.681012,0.566305,ai_unified_email_engine,14,39,high_density,1,1,,,,,,2,0,1
R000071,2026-09-01,2026-09,297,1,1,1,1,2,1,1,3,0,0,0.559904,0.559904,0.511307,0.6085,0.570775,ai_unified_email_engine,14,17,low_density,1,1,,,,,,0,0,5
R000072,2026-09-01,2026-09,380,1,1,1,1,2,1,1,3,0,0,0.498856,0.498856,0.457352,0.540359,0.128034,ai_unified_email_engine,14,12,low_density,1,1,,,,,,,1,8
R000073,2026-09-01,2026-09,203,1,1,1,1,2,1,1,3,0,0,0.582404,0.582404,0.575411,0.589397,0.523154,ai_unified_email_engine,14,33,medium_density,1,1,,,,,,,1,1
R000074,2026-09-01,2026-09,235,1,1,1,1,2,1,1,3,0,0,0.656957,0.656957,0.50158,0.812333,0.473042,ai_unified_email_engine,14,98,high_density,1,1,,,,,,,1,3
R000075,2026-09-01,2026-09,489,1,1,1,1,2,1,1,3,0,0,0.487493,0.487493,0.457468,0.517518,0.579477,ai_unified_email_engine,14,25,medium_density,1,1,,,,,,,1,10
R000076,2026-09-01,2026-09,250,1,1,1,1,2,1,1,3,0,0,0.55481,0.55481,0.516736,0.592884,0.322427,ai_unified_email_engine,14,6,very_low_density,1,1,,,,,,,1,4
R000077,2026-09-01,2026-09,265,1,1,1,1,2,1,1,3,0,0,0.828769,0.828769,0.827086,0.830452,0.534281,ai_unified_email_engine,14,98,high_density,1,1,,,,,,9,0,4
R000078,2026-09-01,2026-09,292,1,1,1,1,2,1,1,3,1,0.1,0.681947,0.681947,0.519433,0.84446,0.582175,ai_unified_email_engine,14,14,low_density,1,1,,,,,,,1,5
R000079,2026-09-01,2026-09,205,1,1,1,1,2,1,1,3,0,0,0.685351,0.685351,0.535627,0.835074,0.498508,ai_unified_email_engine,14,9,very_low_density,1,1,,,,,,,1,2
R000080,2026-09-01,2026-09,103,1,1,1,1,2,1,0,3,0,0,0.437612,0.437612,0.437583,0.437642,0.203079,ai_unified_email_engine,14,49,high_density,1,1,,,,,,,1,0
R000081,2026-09-01,2026-09,341,1,1,1,1,2,1,1,3,0,0,0.822748,0.822748,0.801594,0.843902,0.579491,ai_unified_email_engine,14,23,low_density,1,1,,,,,,,1,7
R000082,2026-09-01,2026-09,16,1,1,1,1,2,1,0,3,0,0,0.57445,0.57445,0.562126,0.586774,0.195433,ai_unified_email_engine,14,16,low_density,1,1,,,,,,,1,0
R000083,2026-09-01,2026-09,341,1,1,1,1,2,1,1,3,0,0,0.813771,0.813771,0.808938,0.818603,0.608273,ai_unified_email_engine,14,42,high_density,1,1,,,,,,,1,7
R000084,2026-09-01,2026-09,145,1,1,1,1,2,1,0,3,0,0,0.795546,0.795546,0.777321,0.813771,0.539299,ai_unified_email_engine,14,39,high_density,1,1,,,,,,,1,0
R000085,2026-09-01,2026-09,322,1,1,1,1,2,1,1,3,1,0.0769,0.495528,0.495528,0.448537,0.542519,0.253078,ai_unified_email_engine,14,14,low_density,1,1,,,,,,,1,6
R000086,2026-09-01,2026-09,417,1,1,1,1,2,1,1,3,0,0,0.765757,0.765757,0.750749,0.780765,0.512527,ai_unified_email_engine,14,25,medium_density,1,1,,,,,,,1,9
R000087,2026-09-01,2026-09,234,1,1,1,1,2,1,1,3,0,0,0.804582,0.804582,0.798138,0.811025,0.54741,ai_unified_email_engine,14,35,medium_density,1,1,,,,,,,1,3
R000088,2026-09-01,2026-09,238,1,1,1,1,2,1,1,3,0,0,0.596354,0.596354,0.571819,0.620889,0.590949,ai_unified_email_engine,14,56,high_density,1,1,,,,,,,1,4
R000089,2026-09-01,2026-09,253,1,1,1,1,2,1,1,3,0,0,0.779996,0.779996,0.765707,0.794285,0.533463,ai_unified_email_engine,14,26,medium_density,1,1,,,,,,,1,4
R000090,2026-09-01,2026-09,179,1,1,1,1,2,1,1,3,0,0,0.654749,0.654749,0.559363,0.750134,0.560986,ai_unified_email_engine,14,31,medium_density,1,1,,,,,,5,0,1
R000091,2026-09-01,2026-09,248,1,1,1,1,2,1,1,3,0,0,0.515185,0.515185,0.389121,0.641248,0.296508,ai_unified_email_engine,14,3,very_low_density,1,1,,,,,,,1,3
R000092,2026-09-01,2026-09,338,1,1,1,1,2,1,1,3,0,0,0.598738,0.598738,0.590802,0.606673,0,ai_unified_email_engine,14,130,high_density,1,1,,,,,,,1,4
R000093,2026-09-01,2026-09,379,1,1,1,1,2,1,1,3,0,0,0.746134,0.746134,0.727188,0.76508,0.600531,ai_unified_email_engine,14,45,high_density,1,1,,,,,,,1,8
R000094,2026-09-01,2026-09,84,1,1,1,1,2,1,0,3,0,0,0.668807,0.668807,0.563993,0.773621,0.614699,ai_unified_email_engine,14,22,low_density,1,1,,,,,,,1,0
R000095,2026-09-01,2026-09,342,1,1,1,1,2,1,1,3,0,0,0.518136,0.518136,0.457671,0.5786,0.625562,ai_unified_email_engine,14,39,high_density,1,1,,,,,,,1,7
R000096,2026-09-01,2026-09,245,1,1,1,1,2,1,1,3,0,0,0.75499,0.75499,0.718798,0.791181,0.518602,ai_unified_email_engine,14,35,medium_density,1,1,,,,,,,1,4
R000097,2026-09-01,2026-09,189,1,1,1,1,2,1,1,3,0,0,0.58895,0.58895,0.575763,0.602138,0.391019,ai_unified_email_engine,14,15,low_density,1,1,,,,,,,1,2
R000098,2026-09-01,2026-09,240,1,1,1,1,2,1,1,3,0,0,0.712703,0.712703,0.600923,0.824484,0.545075,ai_unified_email_engine,14,130,high_density,1,1,,,,,,,1,4
R000099,2026-09-01,2026-09,167,1,1,1,1,2,1,1,3,0,0,0.507349,0.507349,0.401696,0.613001,0.50117,ai_unified_email_engine,14,18,low_density,1,1,,,,,,,1,1
R000100,2026-09-01,2026-09,293,1,1,1,1,2,1,1,3,1,0.0909,0.729055,0.729055,0.71047,0.747639,0.508215,ai_unified_email_engine,14,54,high_density,1,1,,,,,,,1,5
R000101,2026-09-01,2026-09,240,1,1,1,1,3,1,1,4,1,0.1,0.537893,0.558216,0.486825,0.568637,0.597564,ai_unified_email_engine,14,7,very_low_density,1,1,,,,,,,1,4
R000102,2026-09-01,2026-09,356,1,1,1,1,2,1,1,3,2,0.125,0.836812,0.836812,0.830751,0.842872,0.583251,ai_unified_email_engine,14,72,high_density,1,1,,,,,,,1,8
R000103,2026-09-01,2026-09,236,1,1,1,1,2,1,1,3,0,0,0.538047,0.538047,0.528749,0.547344,0,ai_unified_email_engine,14,98,high_density,1,1,,,,,,,1,3
R000104,2026-09-01,2026-09,295,1,1,1,1,2,1,1,3,1,0.1667,0.822501,0.822501,0.796251,0.84875,0.596273,ai_unified_email_engine,14,19,low_density,1,1,,,,,,0,0,3
R000105,2026-09-01,2026-09,151,1,1,1,1,2,1,0,3,0,0,0.815068,0.815068,0.805733,0.824403,0.5605,ai_unified_email_engine,14,56,high_density,1,1,,,,,,,1,0
R000106,2026-09-01,2026-09,382,1,1,1,1,2,1,1,3,0,0,0.576869,0.576869,0.57122,0.582519,0.22961,ai_unified_email_engine,14,72,high_density,1,1,,,,,,,1,8
R000107,2026-09-01,2026-09,190,1,1,1,1,2,1,1,3,0,0,0.734089,0.734089,0.695436,0.772741,0.548739,ai_unified_email_engine,14,72,high_density,1,1,,,,,,,1,2
R000108,2026-09-01,2026-09,245,1,1,1,1,2,1,1,3,0,0,0.542059,0.542059,0.526344,0.557773,0.577489,ai_unified_email_engine,14,9,very_low_density,1,1,,,,,,,1,4
R000109,2026-09-01,2026-09,272,1,1,1,1,2,1,1,3,1,0.0909,0.80947,0.80947,0.800724,0.818215,0.707421,ai_unified_email_engine,14,22,low_density,1,1,,,,,,,1,5
R000110,2026-09-01,2026-09,301,1,1,1,1,2,1,1,3,1,0.0909,0.534281,0.534281,0.526043,0.542519,0.428911,ai_unified_email_engine,14,14,low_density,1,1,,,,,,,1,6
R000111,2026-09-01,2026-09,32,1,1,1,1,2,1,0,3,0,0,0.663412,0.663412,0.544562,0.782262,0,ai_unified_email_engine,14,27,medium_density,1,1,,,,,,,1,0
R000112,2026-09-01,2026-09,237,1,1,1,1,3,1,1,4,0,0,0.593342,0.597576,0.50491,0.677541,0.391454,ai_unified_email_engine,14,49,high_density,1,1,,,,,,,1,3
R000113,2026-09-01,2026-09,359,1,1,1,1,2,1,1,3,0,0,0.677251,0.677251,0.587085,0.767417,0.560409,ai_unified_email_engine,14,45,high_density,1,1,,,,,,,1,7
R000114,2026-09-01,2026-09,219,1,1,1,1,2,1,1,3,0,0,0.72263,0.72263,0.711684,0.733576,0.555363,ai_unified_email_engine,14,17,low_density,1,1,,,,,,,1,3
R000115,2026-09-01,2026-09,211,1,1,1,1,2,1,1,3,0,0,0.575738,0.575738,0.550719,0.600757,0,ai_unified_email_engine,14,130,high_density,1,1,,,,,,,1,3
R000116,2026-09-01,2026-09,286,1,1,1,1,2,1,1,3,2,0.2222,0.749658,0.749658,0.735366,0.76395,0.537354,ai_unified_email_engine,14,11,low_density,1,1,,,,,,,1,5
R000117,2026-09-01,2026-09,291,1,1,1,1,2,1,1,3,1,0.0909,0.832796,0.832796,0.817921,0.84767,0.591895,ai_unified_email_engine,14,98,high_density,1,1,,,,,,,1,5
R000118,2026-09-01,2026-09,254,1,1,1,1,3,1,1,4,2,0.2857,0.547606,0.590504,0.389103,0.663211,0.570727,ai_unified_email_engine,14,4,very_low_density,1,1,,,,,,,1,3
R000119,2026-09-01,2026-09,323,1,1,1,1,2,1,1,3,0,0,0.767373,0.767373,0.747841,0.786905,0.587274,ai_unified_email_engine,14,31,medium_density,1,1,,,,,,,1,6
R000120,2026-09-01,2026-09,316,1,1,1,1,2,1,1,3,1,0.0769,0.801542,0.801542,0.783594,0.81949,0.555621,ai_unified_email_engine,14,13,low_density,1,1,,,,,,,1,6
R000121,2026-09-01,2026-09,201,1,1,1,1,2,1,1,3,0,0,0.792406,0.792406,0.773013,0.811799,0.546406,ai_unified_email_engine,14,17,low_density,1,1,,,,,,,1,2
R000122,2026-09-01,2026-09,248,1,1,1,1,2,1,1,3,0,0,0.545314,0.545314,0.532854,0.557773,0.607992,ai_unified_email_engine,14,9,very_low_density,1,1,,,,,,,1,4
R000123,2026-09-01,2026-09,187,1,1,1,1,2,1,1,3,0,0,0.573954,0.573954,0.535226,0.612682,0.554072,ai_unified_email_engine,14,7,very_low_density,1,1,,,,,,,1,2
R000124,2026-09-01,2026-09,243,1,1,1,1,2,1,1,3,0,0,0.520093,0.520093,0.449033,0.591152,0.257858,ai_unified_email_engine,14,34,medium_density,1,1,,,,,,,1,3
R000125,2026-09-01,2026-09,195,1,1,1,1,2,1,1,3,0,0,0.818812,0.818812,0.798234,0.83939,0.54255,ai_unified_email_engine,14,98,high_density,1,1,,,,,,,1,2
R000126,2026-09-01,2026-09,63,1,1,1,1,2,1,0,3,0,0,0.805502,0.805502,0.781993,0.829011,0.523122,ai_unified_email_engine,14,130,high_density,1,1,,,,,,,1,0
R000127,2026-09-01,2026-09,176,1,1,1,1,2,1,1,3,0,0,0.523837,0.523837,0.488259,0.559414,0.586293,ai_unified_email_engine,14,69,high_density,1,1,,,,,,7,0,1
R000128,2026-09-01,2026-09,204,1,1,1,1,2,1,1,3,0,0,0.831997,0.831997,0.827321,0.836672,0.652504,ai_unified_email_engine,14,69,high_density,1,1,,,,,,,1,2
R000129,2026-09-01,2026-09,271,1,1,1,1,2,1,1,3,1,0.1111,0.679616,0.679616,0.654668,0.704563,0.581476,ai_unified_email_engine,14,34,medium_density,1,1,,,,,,,1,4
R000130,2026-09-01,2026-09,201,1,1,1,1,2,1,1,3,0,0,0.690528,0.690528,0.547177,0.833879,0.500909,ai_unified_email_engine,14,7,very_low_density,1,1,,,,,,,1,2
R000131,2026-09-01,2026-09,168,1,1,1,1,2,1,1,3,0,0,0.777322,0.777322,0.773013,0.781632,0.548574,ai_unified_email_engine,14,17,low_density,1,1,,,,,,,1,1
R000132,2026-09-01,2026-09,48,1,1,1,1,2,1,0,3,0,0,0.73781,0.73781,0.712554,0.763066,0.537114,ai_unified_email_engine,14,49,high_density,1,1,,,,,,,1,0
R000133,2026-09-01,2026-09,268,1,1,1,1,2,1,1,3,1,0.1111,0.798706,0.798706,0.779197,0.818215,0.624913,ai_unified_email_engine,14,22,low_density,1,1,,,,,,5,0,4
R000134,2026-09-01,2026-09,203,1,1,1,1,2,1,1,3,0,0,0.770412,0.770412,0.767573,0.773251,0.26933,ai_unified_email_engine,14,17,low_density,1,1,,,,,,,1,2
R000135,2026-09-01,2026-09,236,1,1,1,1,2,1,1,3,0,0,0.649852,0.649852,0.503075,0.796628,0,ai_unified_email_engine,14,33,medium_density,1,1,,,,,,,1,3
R000136,2026-09-01,2026-09,228,1,1,1,1,2,1,1,3,0,0,0.757345,0.757345,0.71047,0.804219,0.4887,ai_unified_email_engine,14,54,high_density,1,1,,,,,,,1,3
R000137,2026-09-01,2026-09,177,1,1,1,1,2,1,1,3,0,0,0.814217,0.814217,0.78679,0.841644,0.586653,ai_unified_email_engine,14,35,medium_density,1,1,,,,,,,1,1
R000138,2026-09-01,2026-09,341,1,1,1,1,2,1,1,3,0,0,0.763755,0.763755,0.762637,0.764872,0.548498,ai_unified_email_engine,14,42,high_density,1,1,,,,,,,1,7
R000139,2026-09-01,2026-09,309,1,1,1,1,2,1,1,3,0,0,0.816767,0.816767,0.811892,0.821641,0.582415,ai_unified_email_engine,14,53,high_density,1,1,,,,,,,1,6
R000140,2026-09-01,2026-09,224,1,1,1,1,2,1,1,3,0,0,0.448997,0.448997,0.436104,0.461889,0.214732,ai_unified_email_engine,14,30,medium_density,1,1,,,,,,,1,3
R000141,2026-09-01,2026-09,339,1,1,1,1,2,1,1,3,0,0,0.531175,0.531175,0.526667,0.535683,0,ai_unified_email_engine,14,23,low_density,1,1,,,,,,,1,3
R000142,2026-09-01,2026-09,236,1,1,1,1,2,1,1,3,0,0,0.418909,0.418909,0.194069,0.643748,0.339541,ai_unified_email_engine,14,90,high_density,1,1,,,,,,,1,3
R000143,2026-09-01,2026-09,34,1,1,1,1,3,1,0,4,0,0,0.643311,0.659682,0.601067,0.669183,0.593457,ai_unified_email_engine,14,22,low_density,1,1,,,,,,,1,0
R000144,2026-09-01,2026-09,284,1,1,1,1,2,1,1,3,0,0,0.67397,0.67397,0.615901,0.732038,0.543146,ai_unified_email_engine,14,18,low_density,1,1,,,,,,,1,5
R000145,2026-09-01,2026-09,290,1,1,1,1,2,1,1,3,2,0.2,0.63199,0.63199,0.59301,0.67097,0.298261,ai_unified_email_engine,14,38,high_density,1,1,,,,,,,1,5
R000146,2026-09-01,2026-09,176,1,1,1,1,2,1,1,3,0,0,0.674297,0.674297,0.568182,0.780411,0.248997,ai_unified_email_engine,14,30,medium_density,1,1,,,,,,,1,1
R000147,2026-09-01,2026-09,340,1,1,1,1,2,1,1,3,0,0,0.713064,0.713064,0.690469,0.735659,0,ai_unified_email_engine,14,49,high_density,1,1,,,,,,,1,7
R000148,2026-09-01,2026-09,130,1,1,1,1,2,1,0,3,0,0,0.470305,0.470305,0.379799,0.56081,0.594725,ai_unified_email_engine,14,72,high_density,1,1,,,,,,,1,0
R000149,2026-09-01,2026-09,381,1,1,1,1,2,1,1,3,0,0,0.802702,0.802702,0.776392,0.829011,0.524559,ai_unified_email_engine,14,130,high_density,1,1,,,,,,,1,8
R000150,2026-09-01,2026-09,169,1,1,1,1,2,1,1,3,0,0,0.68476,0.68476,0.599051,0.770468,0.571013,ai_unified_email_engine,14,18,low_density,1,1,,,,,,,1,1
R000151,2026-09-01,2026-09,236,1,1,1,1,2,1,1,3,0,0,0.737848,0.737848,0.727602,0.748093,0.532742,ai_unified_email_engine,14,27,medium_density,1,1,,,,,,,1,3
R000152,2026-09-01,2026-09,271,1,1,1,1,2,1,1,3,0,0,0.694886,0.694886,0.614793,0.774978,0.539211,ai_unified_email_engine,14,20,low_density,1,1,,,,,,,1,5
R000153,2026-09-01,2026-09,386,1,1,1,1,2,1,1,3,0,0,0.654966,0.654966,0.605208,0.704723,0.54194,ai_unified_email_engine,14,9,very_low_density,1,1,,,,,,,1,8
R000154,2026-09-01,2026-09,168,1,1,1,1,2,1,1,3,0,0,0.666521,0.666521,0.660689,0.672353,0.572899,ai_unified_email_engine,14,24,medium_density,1,1,,,,,,,1,1
R000155,2026-09-01,2026-09,175,1,1,1,1,2,1,1,3,0,0,0.732796,0.732796,0.721898,0.743693,0.593387,ai_unified_email_engine,14,35,medium_density,1,1,,,,,,9,0,1
R000156,2026-09-01,2026-09,204,1,1,1,1,2,1,1,3,0,0,0.704774,0.704774,0.677612,0.731936,0.559445,ai_unified_email_engine,14,27,medium_density,1,1,,,,,,0,0,2
R000157,2026-09-01,2026-09,18,1,1,1,1,2,1,0,3,0,0,0.656749,0.656749,0.632102,0.681395,0.192278,ai_unified_email_engine,14,48,high_density,1,1,,,,,,,1,0
R000158,2026-09-01,2026-09,37,1,1,1,1,2,1,0,3,0,0,0.678935,0.678935,0.602181,0.755688,0.549765,ai_unified_email_engine,14,56,high_density,1,1,,,,,,,1,0
R000159,2026-09-01,2026-09,239,1,1,1,1,2,1,1,3,2,0.25,0.68874,0.68874,0.679708,0.697772,0.556107,ai_unified_email_engine,14,11,low_density,1,1,,,,,,,1,4
R000160,2026-09-01,2026-09,137,1,1,1,1,2,1,0,3,0,0,0.658629,0.658629,0.487642,0.829615,0.502876,ai_unified_email_engine,14,42,high_density,1,1,,,,,,,1,0
R000161,2026-09-01,2026-09,229,1,1,1,1,2,1,1,3,0,0,0.785797,0.785797,0.774839,0.796754,0.541531,ai_unified_email_engine,14,31,medium_density,1,1,,,,,,,1,3
R000162,2026-09-01,2026-09,377,1,1,1,1,2,1,1,3,3,0.1765,0.830262,0.830262,0.829519,0.831004,0.558251,ai_unified_email_engine,14,72,high_density,1,1,,,,,,,1,9
R000163,2026-09-01,2026-09,71,1,1,1,1,2,1,0,3,0,0,0.619108,0.619108,0.474677,0.763539,0.570806,ai_unified_email_engine,14,11,low_density,1,1,,,,,,,1,0
R000164,2026-09-01,2026-09,372,1,1,1,1,2,1,1,3,0,0,0.60609,0.60609,0.57504,0.63714,0.259456,ai_unified_email_engine,14,90,high_density,1,1,,,,,,,1,8
R000165,2026-09-01,2026-09,230,1,1,1,1,2,1,1,3,1,0.1429,0.725187,0.725187,0.61122,0.839153,0.579477,ai_unified_email_engine,14,98,high_density,1,1,,,,,,,1,3
R000166,2026-09-01,2026-09,62,1,1,1,1,2,1,0,3,0,0,0.741488,0.741488,0.689044,0.793931,0.632416,ai_unified_email_engine,14,18,low_density,1,1,,,,,,6,0,0
R000167,2026-09-01,2026-09,237,1,1,1,1,2,1,1,3,0,0,0.417132,0.417132,0.396708,0.437556,0,ai_unified_email_engine,14,42,high_density,1,1,,,,,,,1,3
R000168,2026-09-01,2026-09,255,1,1,1,1,2,1,1,3,0,0,0.7131,0.7131,0.704723,0.721476,0.470561,ai_unified_email_engine,14,9,very_low_density,1,1,,,,,,,1,4
R000169,2026-09-01,2026-09,382,1,1,1,1,2,1,1,3,0,0,0.605257,0.605257,0.57986,0.630654,0.271495,ai_unified_email_engine,14,53,high_density,1,1,,,,,,,1,2
R000170,2026-09-01,2026-09,354,1,1,1,1,2,1,1,3,0,0,0.227273,0.227273,0.227273,0.227273,0,ai_unified_email_engine,14,39,high_density,1,1,,,,,,,1,3
R000171,2026-09-01,2026-09,334,1,1,1,1,2,1,1,3,1,0.0769,0.578512,0.578512,0.562126,0.594898,0.36498,ai_unified_email_engine,14,16,low_density,1,1,,,,,,,1,7
R000172,2026-09-01,2026-09,413,1,1,1,1,2,1,1,3,0,0,0.811827,0.811827,0.785419,0.838234,0,ai_unified_email_engine,14,53,high_density,1,1,,,,,,,1,3
R000173,2026-09-01,2026-09,294,1,1,1,1,2,1,1,3,0,0,0.783919,0.783919,0.781696,0.786141,0.527508,ai_unified_email_engine,14,25,medium_density,1,1,,,,,,,1,5
R000174,2026-09-01,2026-09,305,1,1,1,1,2,1,1,3,1,0.0769,0.787268,0.787268,0.780797,0.793738,0.287528,ai_unified_email_engine,14,42,high_density,1,1,,,,,,,1,6
R000175,2026-09-01,2026-09,203,1,1,1,1,1,1,1,2,0,0,0.834546,0.834546,0.834546,0.834546,0.458673,ai_unified_email_engine,14,8,very_low_density,1,1,,,,,,,1,2
R000176,2026-09-01,2026-09,377,1,1,1,1,2,1,1,3,0,0,0.698967,0.698967,0.580219,0.817715,0.594817,ai_unified_email_engine,14,90,high_density,1,1,,,,,,,1,8
R000177,2026-09-01,2026-09,200,1,1,1,1,2,1,1,3,0,0,0.75382,0.75382,0.709449,0.79819,0.603327,ai_unified_email_engine,14,39,high_density,1,1,,,,,,,1,2
R000178,2026-09-01,2026-09,323,1,1,1,1,2,1,1,3,0,0,0.520026,0.520026,0.519433,0.520619,0.596302,ai_unified_email_engine,14,14,low_density,1,1,,,,,,,1,6
R000179,2026-09-01,2026-09,266,1,1,1,1,2,1,1,3,2,0.25,0.476345,0.476345,0.445254,0.507436,0,ai_unified_email_engine,14,18,low_density,1,1,,,,,,8,0,4
R000180,2026-09-01,2026-09,226,1,1,1,1,3,1,1,4,1,0.1429,0.718105,0.767141,0.558216,0.828959,0.567254,ai_unified_email_engine,14,7,very_low_density,1,1,,,,,,,1,3
R000181,2026-09-01,2026-09,237,1,1,1,1,2,1,1,3,0,0,0.791719,0.791719,0.782848,0.80059,0.522839,ai_unified_email_engine,14,98,high_density,1,1,,,,,,,1,3
R000182,2026-09-01,2026-09,342,1,1,1,1,2,1,1,3,0,0,0.598734,0.598734,0.575182,0.622286,0.56953,ai_unified_email_engine,14,22,low_density,1,1,,,,,,,1,7
R000183,2026-09-01,2026-09,125,1,1,1,1,2,1,0,3,0,0,0.643483,0.643483,0.52632,0.760646,0.647977,ai_unified_email_engine,14,10,low_density,1,1,,,,,,,1,0
R000184,2026-09-01,2026-09,240,1,1,1,1,2,1,1,3,0,0,0.769934,0.769934,0.733734,0.806133,0.620349,ai_unified_email_engine,14,56,high_density,1,1,,,,,,0,0,4
R000185,2026-09-01,2026-09,314,1,1,1,1,2,1,1,3,0,0,0.430293,0.430293,0.388857,0.471729,0.584224,ai_unified_email_engine,14,49,high_density,1,1,,,,,,,1,6
R000186,2026-09-01,2026-09,225,1,1,1,1,2,1,1,3,0,0,0.816432,0.816432,0.789682,0.843181,0.523024,ai_unified_email_engine,14,69,high_density,1,1,,,,,,,1,3
R000187,2026-09-01,2026-09,143,1,1,1,1,2,1,0,3,0,0,0.669966,0.669966,0.527599,0.812333,0.478462,ai_unified_email_engine,14,98,high_density,1,1,,,,,,,1,0
R000188,2026-09-01,2026-09,325,1,1,1,1,2,1,1,3,0,0,0.740308,0.740308,0.684981,0.795635,0.61881,ai_unified_email_engine,14,69,high_density,1,1,,,,,,,1,6
R000189,2026-09-01,2026-09,243,1,1,1,1,2,1,1,3,0,0,0.791044,0.791044,0.745552,0.836537,0.502959,ai_unified_email_engine,14,69,high_density,1,1,,,,,,,1,4
R000190,2026-09-01,2026-09,127,1,1,1,1,2,1,0,3,0,0,0.650878,0.650878,0.555191,0.746565,0,ai_unified_email_engine,14,25,medium_density,1,1,,,,,,,1,0
R000191,2026-09-01,2026-09,241,1,1,1,1,2,1,1,3,0,0,0.761086,0.761086,0.755789,0.766383,0.563756,ai_unified_email_engine,14,130,high_density,1,1,,,,,,,1,4
R000192,2026-09-01,2026-09,348,1,1,1,1,2,1,1,3,1,0.0667,0.661062,0.661062,0.555339,0.766785,0.629685,ai_unified_email_engine,14,24,medium_density,1,1,,,,,,,1,7
R000193,2026-09-01,2026-09,271,1,1,1,1,2,1,1,3,1,0.0909,0.795804,0.795804,0.770258,0.82135,0.546971,ai_unified_email_engine,14,35,medium_density,1,1,,,,,,3,0,5
R000194,2026-09-01,2026-09,233,1,1,1,1,2,1,1,3,1,0.1429,0.674495,0.674495,0.662052,0.686937,0.565057,ai_unified_email_engine,14,54,high_density,1,1,,,,,,,1,3
R000195,2026-09-01,2026-09,112,1,1,1,1,2,1,0,3,0,0,0.509867,0.509867,0.48549,0.534243,0,ai_unified_email_engine,14,53,high_density,1,1,,,,,,,1,0
R000196,2026-09-01,2026-09,335,1,1,1,1,2,1,1,3,0,0,0.575841,0.575841,0.551045,0.600636,0.149237,ai_unified_email_engine,14,53,high_density,1,1,,,,,,,1,7
R000197,2026-09-01,2026-09,78,1,1,1,1,2,1,0,3,0,0,0.714628,0.714628,0.681998,0.747258,0.250248,ai_unified_email_engine,14,72,high_density,1,1,,,,,,13,0,0
R000198,2026-09-01,2026-09,242,1,1,1,1,2,1,1,3,1,0.1111,0.692975,0.692975,0.662499,0.723451,0.522792,ai_unified_email_engine,14,24,medium_density,1,1,,,,,,,1,4
R000199,2026-09-01,2026-09,179,1,1,1,1,2,1,1,3,0,0,0.620835,0.620835,0.509631,0.732038,0.554927,ai_unified_email_engine,14,18,low_density,1,1,,,,,,,1,1
R000200,2026-09-01,2026-09,194,1,1,1,1,2,1,1,3,0,0,0.75296,0.75296,0.712173,0.793748,0.543017,ai_unified_email_engine,14,31,medium_density,1,1,,,,,,,1,2
R000201,2026-09-01,2026-09,302,1,1,1,1,2,1,1,3,0,0,0.795138,0.795138,0.759147,0.831129,0.600636,ai_unified_email_engine,14,130,high_density,1,1,,,,,,,1,6
R000202,2026-09-01,2026-09,323,1,1,1,1,2,1,1,3,1,0.0769,0.548553,0.548553,0.516653,0.580452,0.599461,ai_unified_email_engine,14,11,low_density,1,1,,,,,,,1,6
R000203,2026-09-01,2026-09,235,1,1,1,1,2,1,1,3,2,0.3333,0.734703,0.734703,0.630252,0.839153,0.655817,ai_unified_email_engine,14,98,high_density,1,1,,,,,,,1,3
R000204,2026-09-01,2026-09,201,1,1,1,1,2,1,1,3,0,0,0.792901,0.792901,0.77884,0.806961,0.55324,ai_unified_email_engine,14,7,very_low_density,1,1,,,,,,,1,2
R000205,2026-09-01,2026-09,149,1,1,1,1,2,1,0,3,0,0,0.801316,0.801316,0.761799,0.840833,0.554023,ai_unified_email_engine,14,53,high_density,1,1,,,,,,,1,0
R000206,2026-09-01,2026-09,229,1,1,1,1,2,1,1,3,0,0,0.685435,0.685435,0.612671,0.758198,0.502977,ai_unified_email_engine,14,28,medium_density,1,1,,,,,,,1,2
R000207,2026-09-01,2026-09,236,1,1,1,1,2,1,1,3,0,0,0.565573,0.565573,0.502328,0.628818,0,ai_unified_email_engine,14,69,high_density,1,1,,,,,,,1,3
R000208,2026-09-01,2026-09,388,1,1,1,1,2,1,1,3,0,0,0.69643,0.69643,0.690064,0.702796,0,ai_unified_email_engine,14,130,high_density,1,1,,,,,,,1,4
R000209,2026-09-01,2026-09,356,1,1,1,1,2,1,1,3,0,0,0.515278,0.515278,0.450797,0.579759,0.600455,ai_unified_email_engine,14,23,low_density,1,1,,,,,,,1,7
R000210,2026-09-01,2026-09,189,1,1,1,1,2,1,1,3,0,0,0.803181,0.803181,0.775232,0.831129,0.597451,ai_unified_email_engine,14,130,high_density,1,1,,,,,,,1,2
R000211,2026-09-01,2026-09,250,1,1,1,1,2,1,1,3,1,0.1429,0.642371,0.642371,0.568182,0.716559,0,ai_unified_email_engine,14,9,very_low_density,1,1,,,,,,,1,3
R000212,2026-09-01,2026-09,377,1,1,1,1,2,1,1,3,0,0,0.51459,0.51459,0.50158,0.527599,0.305171,ai_unified_email_engine,14,98,high_density,1,1,,,,,,,1,8
R000213,2026-09-01,2026-09,200,1,1,1,1,2,1,1,3,0,0,0.744705,0.744705,0.744407,0.745003,0.485386,ai_unified_email_engine,14,15,low_density,1,1,,,,,,,1,2
R000214,2026-09-01,2026-09,336,1,1,1,1,2,1,1,3,1,0.0667,0.778099,0.778099,0.698428,0.85777,0.688257,ai_unified_email_engine,14,23,low_density,1,1,,,,,,,1,7
R000215,2026-09-01,2026-09,232,1,1,1,1,2,1,1,3,1,0.1429,0.788248,0.788248,0.74257,0.833927,0.477524,ai_unified_email_engine,14,8,very_low_density,1,1,,,,,,,1,3
R000216,2026-09-01,2026-09,385,1,1,1,1,2,1,1,3,1,0.0588,0.78818,0.78818,0.747481,0.828878,0.532288,ai_unified_email_engine,14,39,high_density,1,1,,,,,,,1,8
R000217,2026-09-01,2026-09,384,1,1,1,1,2,1,1,3,0,0,0.686772,0.686772,0.576915,0.796628,0,ai_unified_email_engine,14,33,medium_density,1,1,,,,,,,1,8
R000218,2026-09-01,2026-09,240,1,1,1,1,2,1,1,3,0,0,0.772528,0.772528,0.726146,0.818909,0.570134,ai_unified_email_engine,14,130,high_density,1,1,,,,,,,1,4
R000219,2026-09-01,2026-09,322,1,1,1,1,2,1,1,3,0,0,0.379945,0.379945,0.355143,0.404746,0.274616,ai_unified_email_engine,14,38,high_density,1,1,,,,,,,1,6
R000220,2026-09-01,2026-09,135,1,1,1,1,2,1,0,3,0,0,0.843429,0.843429,0.842508,0.84435,0.562905,ai_unified_email_engine,14,130,high_density,1,1,,,,,,,1,0
R000221,2026-09-01,2026-09,326,1,1,1,1,2,1,1,3,0,0,0.310839,0.310839,0.309863,0.311815,0,ai_unified_email_engine,14,35,medium_density,1,1,,,,,,,1,3
R000222,2026-09-01,2026-09,243,1,1,1,1,2,1,1,3,0,0,0.746824,0.746824,0.744005,0.749643,0.56673,ai_unified_email_engine,14,26,medium_density,1,1,,,,,,,1,4
R000223,2026-09-01,2026-09,308,1,1,1,1,2,1,1,3,0,0,0.581276,0.581276,0.567507,0.595045,0.600897,ai_unified_email_engine,14,26,medium_density,1,1,,,,,,,1,6
R000224,2026-09-01,2026-09,103,1,1,1,1,2,1,0,3,0,0,0.676263,0.676263,0.592884,0.759641,0.414135,ai_unified_email_engine,14,6,very_low_density,1,1,,,,,,,1,0
R000225,2026-09-01,2026-09,298,1,1,1,1,1,1,1,2,0,0,0.43358,0.43358,0.43358,0.43358,0.515031,ai_unified_email_engine,14,53,high_density,1,1,,,,,,0,0,5
R000226,2026-09-01,2026-09,268,1,1,1,1,2,1,1,3,0,0,0.484148,0.484148,0.408553,0.559743,0.624559,ai_unified_email_engine,14,33,medium_density,1,1,,,,,,,1,4
R000227,2026-09-01,2026-09,310,1,1,1,1,3,1,1,4,0,0,0.821959,0.821008,0.811365,0.833504,0.551062,ai_unified_email_engine,14,13,low_density,1,1,,,,,,,1,6
R000228,2026-09-01,2026-09,26,1,1,1,1,2,1,0,3,0,0,0.681045,0.681045,0.677109,0.684981,0.565119,ai_unified_email_engine,14,69,high_density,1,1,,,,,,,1,0
R000229,2026-09-01,2026-09,397,1,1,1,1,2,1,1,3,0,0,0.415689,0.415689,0.18821,0.643168,0,ai_unified_email_engine,14,35,medium_density,1,1,,,,,,,1,9
R000230,2026-09-01,2026-09,356,1,1,1,1,2,1,1,3,0,0,0.717434,0.717434,0.707688,0.72718,0.552814,ai_unified_email_engine,14,130,high_density,1,1,,,,,,8,0,7
R000231,2026-09-01,2026-09,128,1,1,1,1,2,1,0,3,0,0,0.389204,0.389204,0.276938,0.501469,0.566651,ai_unified_email_engine,14,56,high_density,1,1,,,,,,,1,0
R000232,2026-09-01,2026-09,241,1,1,1,1,2,1,1,3,0,0,0.673524,0.673524,0.564777,0.782271,0.565642,ai_unified_email_engine,14,98,high_density,1,1,,,,,,,1,4
R000233,2026-09-01,2026-09,339,1,1,1,1,2,1,1,3,0,0,0.754518,0.754518,0.745027,0.764009,0.530685,ai_unified_email_engine,14,45,high_density,1,1,,,,,,,1,7
R000234,2026-09-01,2026-09,204,1,1,1,1,3,1,1,4,0,0,0.486721,0.500707,0.454545,0.50491,0.371513,ai_unified_email_engine,14,49,high_density,1,1,,,,,,,1,2
R000235,2026-09-01,2026-09,179,1,1,1,1,2,1,1,3,0,0,0.798616,0.798616,0.77973,0.817501,0.560146,ai_unified_email_engine,14,31,medium_density,1,1,,,,,,,1,1
R000236,2026-09-01,2026-09,374,1,1,1,1,2,1,1,3,0,0,0.825287,0.825287,0.821244,0.829329,0.553001,ai_unified_email_engine,14,35,medium_density,1,1,,,,,,,1,8
R000237,2026-09-01,2026-09,349,1,1,1,1,3,1,1,4,0,0,0.49881,0.542998,0.384746,0.568687,0.618777,ai_unified_email_engine,14,22,low_density,1,1,,,,,,,1,7
R000238,2026-09-01,2026-09,233,1,1,1,1,1,1,1,2,0,0,0.511947,0.511947,0.511947,0.511947,0.187344,ai_unified_email_engine,14,11,low_density,1,1,,,,,,,1,3
R000239,2026-09-01,2026-09,219,1,1,1,1,2,1,1,3,1,0.1429,0.795259,0.795259,0.793888,0.79663,0,ai_unified_email_engine,14,26,medium_density,1,1,,,,,,,1,3
R000240,2026-09-01,2026-09,294,1,1,1,1,2,1,1,3,0,0,0.655715,0.655715,0.625857,0.685572,0.613107,ai_unified_email_engine,14,23,low_density,1,1,,,,,,,1,5
R000241,2026-09-01,2026-09,17,1,1,1,1,2,1,0,3,0,0,0.628063,0.628063,0.562496,0.693629,0.248071,ai_unified_email_engine,14,42,high_density,1,1,,,,,,,1,0
R000242,2026-09-01,2026-09,131,1,1,1,1,2,1,1,3,0,0,0.568182,0.568182,0.568182,0.568182,0,ai_unified_email_engine,14,54,high_density,1,1,,,,,,,1,1
R000243,2026-09-01,2026-09,74,1,1,1,1,2,1,0,3,0,0,0.80968,0.80968,0.805413,0.813947,0.549965,ai_unified_email_engine,14,20,low_density,1,1,,,,,,,1,0
R000244,2026-09-01,2026-09,255,1,1,1,1,3,1,1,4,1,0.1,0.411125,0.462339,0.27458,0.496456,0.371859,ai_unified_email_engine,14,7,very_low_density,1,1,,,,,,,1,4
R000245,2026-09-01,2026-09,13,1,1,1,1,2,1,0,3,0,0,0.544123,0.544123,0.476736,0.61151,0.129877,ai_unified_email_engine,14,9,very_low_density,1,1,,,,,,,1,0
R000246,2026-09-01,2026-09,146,1,1,1,1,2,1,0,3,0,0,0.746232,0.746232,0.662348,0.830115,0.271363,ai_unified_email_engine,14,98,high_density,1,1,,,,,,,1,0
R000247,2026-09-01,2026-09,230,1,1,1,1,1,1,1,2,1,0.1667,0.728669,0.728669,0.728669,0.728669,0.556441,ai_unified_email_engine,14,8,very_low_density,1,1,,,,,,,1,3
R000248,2026-09-01,2026-09,255,1,1,1,1,2,1,1,3,0,0,0.654737,0.654737,0.638068,0.671406,0.562202,ai_unified_email_engine,14,33,medium_density,1,1,,,,,,,1,4
R000249,2026-09-01,2026-09,251,1,1,1,1,2,1,1,3,0,0,0.788113,0.788113,0.759422,0.816804,0.572981,ai_unified_email_engine,14,90,high_density,1,1,,,,,,,1,4
R000250,2026-09-01,2026-09,297,1,1,1,1,2,1,1,3,0,0,0.482916,0.482916,0.476736,0.489095,0,ai_unified_email_engine,14,9,very_low_density,1,1,,,,,,,1,4
R000251,2026-09-01,2026-09,341,1,1,1,1,3,1,1,4,0,0,0.49769,0.510699,0.464607,0.517764,0,ai_unified_email_engine,14,13,low_density,1,1,,,,,,,1,2
R000252,2026-09-01,2026-09,231,1,1,1,1,2,1,1,3,0,0,0.749764,0.749764,0.723383,0.776145,0.547046,ai_unified_email_engine,14,28,medium_density,1,1,,,,,,0,0,3
R000253,2026-09-01,2026-09,19,1,1,1,1,2,1,0,3,0,0,0.257442,0.257442,0.18821,0.326673,0.125608,ai_unified_email_engine,14,35,medium_density,1,1,,,,,,,1,0
R000254,2026-09-01,2026-09,383,1,1,1,1,2,1,1,3,0,0,0.732148,0.732148,0.707688,0.756608,0.551953,ai_unified_email_engine,14,130,high_density,1,1,,,,,,,1,8
R000255,2026-09-01,2026-09,211,1,1,1,1,2,1,1,3,0,0,0.774218,0.774218,0.736405,0.812032,0.557567,ai_unified_email_engine,14,30,medium_density,1,1,,,,,,,1,3
R000256,2026-09-01,2026-09,354,1,1,1,1,2,1,1,3,0,0,0.728103,0.728103,0.612511,0.843695,0.543075,ai_unified_email_engine,14,90,high_density,1,1,,,,,,,1,7
R000257,2026-09-01,2026-09,354,1,1,1,1,2,1,1,3,0,0,0.814548,0.814548,0.810038,0.819057,0.560938,ai_unified_email_engine,14,90,high_density,1,1,,,,,,,1,7
R000258,2026-09-01,2026-09,385,1,1,1,1,2,1,1,3,1,0.0588,0.727618,0.727618,0.642233,0.813003,0.608585,ai_unified_email_engine,14,35,medium_density,1,1,,,,,,,1,8
R000259,2026-09-01,2026-09,298,1,1,1,1,2,1,1,3,1,0.0909,0.726647,0.726647,0.71956,0.733734,0.624322,ai_unified_email_engine,14,56,high_density,1,1,,,,,,,1,5
R000260,2026-09-01,2026-09,340,1,1,1,1,2,1,1,3,0,0,0.71412,0.71412,0.686049,0.742191,0.567173,ai_unified_email_engine,14,130,high_density,1,1,,,,,,,1,7
R000261,2026-09-01,2026-09,240,1,1,1,1,2,1,1,3,0,0,0.840926,0.840926,0.833857,0.847995,0.606735,ai_unified_email_engine,14,24,medium_density,1,1,,,,,,,1,4
R000262,2026-09-01,2026-09,213,1,1,1,1,2,1,1,3,1,0.1429,0.813414,0.813414,0.793101,0.833728,0.529643,ai_unified_email_engine,14,42,high_density,1,1,,,,,,,1,3
R000263,2026-09-01,2026-09,242,1,1,1,1,2,1,1,3,1,0.1111,0.843015,0.843015,0.842366,0.843665,0.55805,ai_unified_email_engine,14,30,medium_density,1,1,,,,,,,1,4
R000264,2026-09-01,2026-09,177,1,1,1,1,2,1,1,3,0,0,0.706492,0.706492,0.703197,0.709787,0.559729,ai_unified_email_engine,14,31,medium_density,1,1,,,,,,7,0,1
R000265,2026-09-01,2026-09,271,1,1,1,1,2,1,1,3,0,0,0.510582,0.510582,0.497391,0.523773,0.659661,ai_unified_email_engine,14,20,low_density,1,1,,,,,,2,0,5
R000266,2026-09-01,2026-09,493,1,1,1,1,2,1,1,3,0,0,0.799647,0.799647,0.758461,0.840833,0.534442,ai_unified_email_engine,14,53,high_density,1,1,,,,,,,1,13
R000267,2026-09-01,2026-09,337,1,1,1,1,2,1,1,3,0,0,0.502921,0.502921,0.471729,0.534113,0.573534,ai_unified_email_engine,14,49,high_density,1,1,,,,,,0,0,7
R000268,2026-09-01,2026-09,241,1,1,1,1,1,1,1,2,0,0,0.504317,0.504317,0.504317,0.504317,0.583981,ai_unified_email_engine,14,98,high_density,1,1,,,,,,,1,4
R000269,2026-09-01,2026-09,330,1,1,1,1,2,1,1,3,0,0,0.463753,0.463753,0.422113,0.505393,0,ai_unified_email_engine,14,72,high_density,1,1,,,,,,,1,6
R000270,2026-09-01,2026-09,98,1,1,1,1,3,1,0,4,0,0,0.812862,0.818317,0.79926,0.821008,0.574114,ai_unified_email_engine,14,13,low_density,1,1,,,,,,,1,0
R000271,2026-09-01,2026-09,139,1,1,1,1,2,1,0,3,0,0,0.830049,0.830049,0.827341,0.832757,0.594672,ai_unified_email_engine,14,98,high_density,1,1,,,,,,,1,0
R000272,2026-09-01,2026-09,240,1,1,1,1,2,1,1,3,0,0,0.647776,0.647776,0.523767,0.771784,0,ai_unified_email_engine,14,130,high_density,1,1,,,,,,,1,4
R000273,2026-09-01,2026-09,229,1,1,1,1,2,1,1,3,2,0.3333,0.547301,0.547301,0.531379,0.563222,0.555348,ai_unified_email_engine,14,11,low_density,1,1,,,,,,,1,3
R000274,2026-09-01,2026-09,352,1,1,1,1,2,1,1,3,0,0,0.835308,0.835308,0.834661,0.835954,0.578247,ai_unified_email_engine,14,56,high_density,1,1,,,,,,,1,7
R000275,2026-09-01,2026-09,128,1,1,1,1,2,1,0,3,0,0,0.679756,0.679756,0.562904,0.796607,0.58037,ai_unified_email_engine,14,8,very_low_density,1,1,,,,,,,1,0
R000276,2026-09-01,2026-09,232,1,1,1,1,2,1,1,3,0,0,0.632639,0.632639,0.630444,0.634834,0.243261,ai_unified_email_engine,14,26,medium_density,1,1,,,,,,,1,3
R000277,2026-09-01,2026-09,257,1,1,1,1,2,1,1,3,0,0,0.658888,0.658888,0.62759,0.690185,0.555041,ai_unified_email_engine,14,14,low_density,1,1,,,,,,,1,4
R000278,2026-09-01,2026-09,250,1,1,1,1,2,1,1,3,0,0,0.491836,0.491836,0.439099,0.544573,0.277857,ai_unified_email_engine,14,9,very_low_density,1,1,,,,,,,1,4
R000279,2026-09-01,2026-09,144,1,1,1,1,2,1,0,3,0,0,0.793947,0.793947,0.792791,0.795103,0.518183,ai_unified_email_engine,14,98,high_density,1,1,,,,,,,1,0
R000280,2026-09-01,2026-09,251,1,1,1,1,2,1,1,3,0,0,0.71219,0.71219,0.676115,0.748264,0.283393,ai_unified_email_engine,14,53,high_density,1,1,,,,,,,1,4
R000281,2026-09-01,2026-09,292,1,1,1,1,2,1,1,3,1,0.0909,0.843082,0.843082,0.843023,0.84314,0.558818,ai_unified_email_engine,14,48,high_density,1,1,,,,,,,1,5
R000282,2026-09-01,2026-09,201,1,1,1,1,2,1,1,3,0,0,0.527374,0.527374,0.521765,0.532983,0.24497,ai_unified_email_engine,14,6,very_low_density,1,1,,,,,,,1,1
R000283,2026-09-01,2026-09,114,1,1,1,1,2,1,0,3,0,0,0.807357,0.807357,0.797023,0.817691,0.593747,ai_unified_email_engine,14,56,high_density,1,1,,,,,,,1,0
R000284,2026-09-01,2026-09,269,1,1,1,1,2,1,1,3,0,0,0.487131,0.487131,0.406453,0.567809,0.38617,ai_unified_email_engine,14,30,medium_density,1,1,,,,,,,1,4
R000285,2026-09-01,2026-09,335,1,1,1,1,2,1,1,3,0,0,0.821092,0.821092,0.798281,0.843902,0.560057,ai_unified_email_engine,14,23,low_density,1,1,,,,,,,1,7
R000286,2026-09-01,2026-09,85,1,1,1,1,2,1,0,3,0,0,0.59626,0.59626,0.596181,0.596339,0.53482,ai_unified_email_engine,14,22,low_density,1,1,,,,,,7,0,0
R000287,2026-09-01,2026-09,302,1,1,1,1,2,1,1,3,0,0,0.778006,0.778006,0.764831,0.791181,0.531701,ai_unified_email_engine,14,35,medium_density,1,1,,,,,,,1,6
R000288,2026-09-01,2026-09,339,1,1,1,1,2,1,1,3,0,0,0.739355,0.739355,0.739355,0.739355,0,ai_unified_email_engine,14,54,high_density,1,1,,,,,,,1,7
R000289,2026-09-01,2026-09,47,1,1,1,1,2,1,0,3,0,0,0.723865,0.723865,0.650414,0.797316,0.544759,ai_unified_email_engine,14,130,high_density,1,1,,,,,,,1,0
R000290,2026-09-01,2026-09,297,1,1,1,1,2,1,1,3,0,0,0.669922,0.669922,0.599054,0.74079,0,ai_unified_email_engine,14,69,high_density,1,1,,,,,,,1,5
R000291,2026-09-01,2026-09,240,1,1,1,1,2,1,1,3,0,0,0.72903,0.72903,0.711571,0.746489,0.555554,ai_unified_email_engine,14,38,high_density,1,1,,,,,,,1,4
R000292,2026-09-01,2026-09,107,1,1,1,1,2,1,0,3,0,0,0.59659,0.59659,0.591016,0.602163,0.529242,ai_unified_email_engine,14,130,high_density,1,1,,,,,,0,0,0
R000293,2026-09-01,2026-09,293,1,1,1,1,2,1,1,3,0,0,0.741894,0.741894,0.72718,0.756608,0.568217,ai_unified_email_engine,14,130,high_density,1,1,,,,,,,1,5
R000294,2026-09-01,2026-09,68,1,1,1,1,2,1,0,3,0,0,0.802306,0.802306,0.792784,0.811827,0.574667,ai_unified_email_engine,14,69,high_density,1,1,,,,,,,1,0
R000295,2026-09-01,2026-09,224,1,1,1,1,3,1,1,4,0,0,0.602984,0.517764,0.46286,0.828327,0.375234,ai_unified_email_engine,14,13,low_density,1,1,,,,,,,1,3
R000296,2026-09-01,2026-09,202,1,1,1,1,3,1,1,4,1,0.1667,0.403071,0.478463,0.227273,0.503476,0.284915,ai_unified_email_engine,14,13,low_density,1,1,,,,,,,1,2
R000297,2026-09-01,2026-09,264,1,1,1,1,1,1,1,2,0,0,0.384961,0.384961,0.384961,0.384961,0,ai_unified_email_engine,14,35,medium_density,1,1,,,,,,9,0,4
R000298,2026-09-01,2026-09,337,1,1,1,1,1,1,1,2,0,0,0.71681,0.71681,0.71681,0.71681,0.614041,ai_unified_email_engine,14,35,medium_density,1,1,,,,,,,1,7
R000299,2026-09-01,2026-09,318,1,1,1,1,2,1,1,3,0,0,0.547768,0.547768,0.457671,0.637865,0.610822,ai_unified_email_engine,14,39,high_density,1,1,,,,,,,1,6
R000300,2026-09-01,2026-09,44,1,1,1,1,2,1,0,3,0,0,0.57838,0.57838,0.477236,0.679524,0.59916,ai_unified_email_engine,14,42,high_density,1,1,,,,,,,1,0
R000301,2026-09-01,2026-09,304,1,1,1,1,2,1,1,3,0,0,0.586251,0.586251,0.491829,0.680673,0,ai_unified_email_engine,14,33,medium_density,1,1,,,,,,,1,3
R000302,2026-09-01,2026-09,379,1,1,1,1,2,1,1,3,0,0,0.430618,0.430618,0.428388,0.432847,0,ai_unified_email_engine,14,90,high_density,1,1,,,,,,,1,8
R000303,2026-09-01,2026-09,302,1,1,1,1,2,1,1,3,0,0,0.795313,0.795313,0.770967,0.819658,0.536915,ai_unified_email_engine,14,90,high_density,1,1,,,,,,,1,6
R000304,2026-09-01,2026-09,379,1,1,1,1,2,1,1,3,2,0.1111,0.368846,0.368846,0.315578,0.422113,0,ai_unified_email_engine,14,72,high_density,1,1,,,,,,,1,9
R000305,2026-09-01,2026-09,239,1,1,1,1,2,1,1,3,1,0.1429,0.794131,0.794131,0.771731,0.816531,0.722591,ai_unified_email_engine,14,130,high_density,1,1,,,,,,,1,3
R000306,2026-09-01,2026-09,232,1,1,1,1,2,1,1,3,0,0,0.766855,0.766855,0.746549,0.787161,0.545479,ai_unified_email_engine,14,38,high_density,1,1,,,,,,,1,3
R000307,2026-09-01,2026-09,270,1,1,1,1,2,1,1,3,1,0.0909,0.607487,0.607487,0.503937,0.711037,0.571779,ai_unified_email_engine,14,34,medium_density,1,1,,,,,,,1,5
R000308,2026-09-01,2026-09,248,1,1,1,1,2,1,1,3,1,0.1429,0.771053,0.771053,0.704037,0.838068,0,ai_unified_email_engine,14,35,medium_density,1,1,,,,,,,1,3
R000309,2026-09-01,2026-09,214,1,1,1,1,2,1,1,3,0,0,0.65132,0.65132,0.578992,0.723648,0.355435,ai_unified_email_engine,14,39,high_density,1,1,,,,,,,1,2
R000310,2026-09-01,2026-09,148,1,1,1,1,2,1,0,3,0,0,0.598434,0.598434,0.505111,0.691757,0.566566,ai_unified_email_engine,14,31,medium_density,1,1,,,,,,,1,0
R000311,2026-09-01,2026-09,111,1,1,1,1,2,1,0,3,0,0,0.499271,0.499271,0.487949,0.510593,0,ai_unified_email_engine,14,38,high_density,1,1,,,,,,,1,0
R000312,2026-09-01,2026-09,486,1,1,1,1,2,1,1,3,3,0.1364,0.605962,0.605962,0.533708,0.678215,0.252665,ai_unified_email_engine,14,12,low_density,1,1,,,,,,6,0,12
R000313,2026-09-01,2026-09,330,1,1,1,1,2,1,1,3,0,0,0.705685,0.705685,0.638843,0.772527,0.61997,ai_unified_email_engine,14,130,high_density,1,1,,,,,,,1,6
R000314,2026-09-01,2026-09,198,1,1,1,1,2,1,1,3,0,0,0.526727,0.526727,0.483791,0.569662,0,ai_unified_email_engine,14,33,medium_density,1,1,,,,,,,1,2
R000315,2026-09-01,2026-09,365,1,1,1,1,2,1,1,3,0,0,0.800534,0.800534,0.773227,0.827841,0.301886,ai_unified_email_engine,14,72,high_density,1,1,,,,,,0,0,8
R000316,2026-09-01,2026-09,245,1,1,1,1,2,1,1,3,0,0,0.600841,0.600841,0.50163,0.700052,0.601032,ai_unified_email_engine,14,53,high_density,1,1,,,,,,,1,4
R000317,2026-09-01,2026-09,76,1,1,1,1,2,1,0,3,0,0,0.824356,0.824356,0.819453,0.82926,0.487198,ai_unified_email_engine,14,35,medium_density,1,1,,,,,,,1,0
R000318,2026-09-01,2026-09,247,1,1,1,1,2,1,1,3,0,0,0.748565,0.748565,0.740184,0.756946,0.582451,ai_unified_email_engine,14,38,high_density,1,1,,,,,,,1,4
R000319,2026-09-01,2026-09,251,1,1,1,1,2,1,1,3,1,0.1111,0.57733,0.57733,0.550696,0.603963,0,ai_unified_email_engine,14,31,medium_density,1,1,,,,,,,1,4
R000320,2026-09-01,2026-09,182,1,1,1,1,2,1,1,3,0,0,0.789296,0.789296,0.757241,0.82135,0.605336,ai_unified_email_engine,14,35,medium_density,1,1,,,,,,2,0,1
R000321,2026-09-01,2026-09,322,1,1,1,1,2,1,1,3,1,0.0769,0.638901,0.638901,0.580452,0.697349,0.559008,ai_unified_email_engine,14,11,low_density,1,1,,,,,,13,0,6
R000322,2026-09-01,2026-09,341,1,1,1,1,2,1,1,3,0,0,0.653356,0.653356,0.559414,0.747297,0.556671,ai_unified_email_engine,14,69,high_density,1,1,,,,,,,1,7
R000323,2026-09-01,2026-09,95,1,1,1,1,2,1,0,3,0,0,0.577363,0.577363,0.568182,0.586544,0.107727,ai_unified_email_engine,14,48,high_density,1,1,,,,,,0,0,0
R000324,2026-09-01,2026-09,217,1,1,1,1,3,1,1,4,2,0.2857,0.818788,0.811824,0.808082,0.836459,0.626841,ai_unified_email_engine,14,10,low_density,1,1,,,,,,,1,3
R000325,2026-09-01,2026-09,344,1,1,1,1,2,1,1,3,0,0,0.754303,0.754303,0.714356,0.79425,0.522401,ai_unified_email_engine,14,53,high_density,1,1,,,,,,,1,3
R000326,2026-09-01,2026-09,340,1,1,1,1,2,1,1,3,0,0,0.815405,0.815405,0.800877,0.829932,0.570311,ai_unified_email_engine,14,38,high_density,1,1,,,,,,,1,7
R000327,2026-09-01,2026-09,209,1,1,1,1,2,1,1,3,0,0,0.612939,0.612939,0.565769,0.660108,0.471761,ai_unified_email_engine,14,30,medium_density,1,1,,,,,,,1,2
R000328,2026-09-01,2026-09,239,1,1,1,1,2,1,1,3,0,0,0.761311,0.761311,0.754459,0.768163,0.569627,ai_unified_email_engine,14,35,medium_density,1,1,,,,,,8,0,4
R000329,2026-09-01,2026-09,312,1,1,1,1,3,1,1,4,0,0,0.605547,0.542998,0.540582,0.733062,0.594622,ai_unified_email_engine,14,22,low_density,1,1,,,,,,0,0,6
R000330,2026-09-01,2026-09,197,1,1,1,1,2,1,1,3,0,0,0.793358,0.793358,0.793291,0.793425,0.525552,ai_unified_email_engine,14,35,medium_density,1,1,,,,,,,1,2
R000331,2026-09-01,2026-09,238,1,1,1,1,2,1,1,3,0,0,0.641944,0.641944,0.557733,0.726155,0.572091,ai_unified_email_engine,14,45,high_density,1,1,,,,,,,1,4
R000332,2026-09-01,2026-09,375,1,1,1,1,2,1,1,3,0,0,0.672931,0.672931,0.501784,0.844078,0,ai_unified_email_engine,14,72,high_density,1,1,,,,,,,1,6
R000333,2026-09-01,2026-09,195,1,1,1,1,2,1,1,3,0,0,0.799631,0.799631,0.764302,0.834959,0.534323,ai_unified_email_engine,14,39,high_density,1,1,,,,,,,1,2
R000334,2026-09-01,2026-09,345,1,1,1,1,2,1,1,3,0,0,0.812043,0.812043,0.781712,0.842374,0.562638,ai_unified_email_engine,14,90,high_density,1,1,,,,,,,1,7
R000335,2026-09-01,2026-09,211,1,1,1,1,2,1,1,3,0,0,0.762957,0.762957,0.755416,0.770497,0.507891,ai_unified_email_engine,14,90,high_density,1,1,,,,,,,1,3
R000336,2026-09-01,2026-09,382,1,1,1,1,2,1,1,3,0,0,0.277784,0.277784,0.27442,0.281148,0.592663,ai_unified_email_engine,14,11,low_density,1,1,,,,,,,1,8
R000337,2026-09-01,2026-09,338,1,1,1,1,2,1,1,3,0,0,0.617778,0.617778,0.488259,0.747297,0.595459,ai_unified_email_engine,14,69,high_density,1,1,,,,,,,1,7
R000338,2026-09-01,2026-09,387,1,1,1,1,2,1,1,3,0,0,0.554465,0.554465,0.546107,0.562822,0.124179,ai_unified_email_engine,14,130,high_density,1,1,,,,,,,1,8
R000339,2026-09-01,2026-09,342,1,1,1,1,2,1,1,3,1,0.0667,0.606944,0.606944,0.596181,0.617706,0.557488,ai_unified_email_engine,14,22,low_density,1,1,,,,,,,1,7
R000340,2026-09-01,2026-09,244,1,1,1,1,2,1,1,3,0,0,0.760647,0.760647,0.752521,0.768773,0.559982,ai_unified_email_engine,14,42,high_density,1,1,,,,,,,1,4
R000341,2026-09-01,2026-09,181,1,1,1,1,2,1,1,3,0,0,0.433148,0.433148,0.382993,0.483302,0.238851,ai_unified_email_engine,14,39,high_density,1,1,,,,,,6,0,1
R000342,2026-09-01,2026-09,236,1,1,1,1,2,1,1,3,0,0,0.701079,0.701079,0.60344,0.798718,0,ai_unified_email_engine,14,26,medium_density,1,1,,,,,,,1,3
R000343,2026-09-01,2026-09,379,1,1,1,1,2,1,0,3,0,0,0.281693,0.281693,0.279059,0.284327,0.638535,ai_unified_email_engine,14,98,high_density,1,1,,,,,,,1,0
R000344,2026-09-01,2026-09,294,1,1,1,1,2,1,1,3,0,0,0.654125,0.654125,0.513043,0.795207,0.624669,ai_unified_email_engine,14,69,high_density,1,1,,,,,,,1,4
R000345,2026-09-01,2026-09,322,1,1,1,1,2,1,1,3,0,0,0.747743,0.747743,0.70858,0.786905,0.592586,ai_unified_email_engine,14,31,medium_density,1,1,,,,,,,1,6
R000346,2026-09-01,2026-09,45,1,1,1,1,2,1,0,3,0,0,0.797101,0.797101,0.795967,0.798234,0.556288,ai_unified_email_engine,14,98,high_density,1,1,,,,,,,1,0
R000347,2026-09-01,2026-09,180,1,1,1,1,2,1,1,3,0,0,0.807409,0.807409,0.776559,0.838258,0.336957,ai_unified_email_engine,14,13,low_density,1,1,,,,,,,1,1
R000348,2026-09-01,2026-09,391,1,1,1,1,2,1,1,3,0,0,0.749019,0.749019,0.725511,0.772527,0.643315,ai_unified_email_engine,14,130,high_density,1,1,,,,,,,1,8
R000349,2026-09-01,2026-09,229,1,1,1,1,2,1,1,3,2,0.25,0.832149,0.832149,0.830751,0.833547,0.626537,ai_unified_email_engine,14,72,high_density,1,1,,,,,,,1,4
R000350,2026-09-01,2026-09,301,1,1,1,1,2,1,1,3,0,0,0.721324,0.721324,0.717785,0.724863,0.522688,ai_unified_email_engine,14,53,high_density,1,1,,,,,,,1,6
R000351,2026-09-01,2026-09,207,1,1,1,1,2,1,1,3,0,0,0.779193,0.779193,0.776392,0.781993,0.548835,ai_unified_email_engine,14,130,high_density,1,1,,,,,,,1,2
R000352,2026-09-01,2026-09,379,1,1,1,1,2,1,1,3,0,0,0.507036,0.507036,0.428134,0.585938,0,ai_unified_email_engine,14,45,high_density,1,1,,,,,,,1,4
R000353,2026-09-01,2026-09,330,1,1,1,1,2,1,1,3,0,0,0.656339,0.656339,0.54906,0.763618,0.496841,ai_unified_email_engine,14,98,high_density,1,1,,,,,,,1,6
R000354,2026-09-01,2026-09,203,1,1,1,1,2,1,1,3,0,0,0.607141,0.607141,0.516097,0.698185,0.525625,ai_unified_email_engine,14,17,low_density,1,1,,,,,,,1,2
R000355,2026-09-01,2026-09,46,1,1,1,1,2,1,0,3,0,0,0.535792,0.535792,0.508339,0.563244,0.542193,ai_unified_email_engine,14,49,high_density,1,1,,,,,,,1,0
R000356,2026-09-01,2026-09,174,1,1,1,1,2,1,1,3,0,0,0.825942,0.825942,0.813097,0.838787,0.357722,ai_unified_email_engine,14,48,high_density,1,1,,,,,,,1,1
R000357,2026-09-01,2026-09,232,1,1,1,1,2,1,1,3,0,0,0.786712,0.786712,0.780438,0.792985,0.568874,ai_unified_email_engine,14,56,high_density,1,1,,,,,,,1,3
R000358,2026-09-01,2026-09,292,1,1,1,1,2,1,1,3,1,0.0909,0.725344,0.725344,0.704037,0.746651,0,ai_unified_email_engine,14,35,medium_density,1,1,,,,,,,1,5
R000359,2026-09-01,2026-09,341,1,1,1,1,2,1,1,3,0,0,0.772591,0.772591,0.744571,0.80061,0.562066,ai_unified_email_engine,14,56,high_density,1,1,,,,,,,1,7
R000360,2026-09-01,2026-09,323,1,1,1,1,2,1,1,3,1,0.0769,0.410203,0.410203,0.250325,0.57008,0.277041,ai_unified_email_engine,14,54,high_density,1,1,,,,,,,1,6
R000361,2026-09-01,2026-09,190,1,1,1,1,2,1,1,3,1,0.2,0.463195,0.463195,0.424424,0.501965,0.625177,ai_unified_email_engine,14,3,very_low_density,1,1,,,,,,,1,2
R000362,2026-09-01,2026-09,123,1,1,1,1,2,1,0,3,0,0,0.463801,0.463801,0.432847,0.494754,0.118076,ai_unified_email_engine,14,90,high_density,1,1,,,,,,,1,0
R000363,2026-09-01,2026-09,198,1,1,1,1,2,1,1,3,1,0.2,0.543157,0.543157,0.539735,0.546579,0.159835,ai_unified_email_engine,14,13,low_density,1,1,,,,,,,1,2
R000364,2026-09-01,2026-09,223,1,1,1,1,2,1,1,3,0,0,0.822012,0.822012,0.813445,0.830579,0.636631,ai_unified_email_engine,14,69,high_density,1,1,,,,,,,1,3
R000365,2026-09-01,2026-09,142,1,1,1,1,2,1,0,3,0,0,0.638218,0.638218,0.490664,0.785772,0.5132,ai_unified_email_engine,14,13,low_density,1,1,,,,,,,1,0
R000366,2026-09-01,2026-09,246,1,1,1,1,2,1,1,3,1,0.1111,0.810793,0.810793,0.800448,0.821137,0.523811,ai_unified_email_engine,14,38,high_density,1,1,,,,,,,1,4
R000367,2026-09-01,2026-09,261,1,1,1,1,2,1,1,3,0,0,0.615265,0.615265,0.601476,0.629054,0,ai_unified_email_engine,14,35,medium_density,1,1,,,,,,,1,2
R000368,2026-09-01,2026-09,300,1,1,1,1,2,1,1,3,1,0.0909,0.740089,0.740089,0.656141,0.824037,0.589102,ai_unified_email_engine,14,56,high_density,1,1,,,,,,,1,5
R000369,2026-09-01,2026-09,379,1,1,1,1,2,1,1,3,0,0,0.599649,0.599649,0.501131,0.698166,0.609141,ai_unified_email_engine,14,45,high_density,1,1,,,,,,,1,8
R000370,2026-09-01,2026-09,178,1,1,1,1,2,1,1,3,0,0,0.746299,0.746299,0.672429,0.820168,0.138893,ai_unified_email_engine,14,18,low_density,1,1,,,,,,,1,1
R000371,2026-09-01,2026-09,54,1,1,1,1,2,1,0,3,0,0,0.585596,0.585596,0.553044,0.618148,0.592515,ai_unified_email_engine,14,38,high_density,1,1,,,,,,,1,0
R000372,2026-09-01,2026-09,248,1,1,1,1,2,1,1,3,0,0,0.499589,0.499589,0.469857,0.529321,0.413739,ai_unified_email_engine,14,38,high_density,1,1,,,,,,,1,4
R000373,2026-09-01,2026-09,249,1,1,1,1,2,1,1,3,0,0,0.696539,0.696539,0.679724,0.713353,0.569599,ai_unified_email_engine,14,35,medium_density,1,1,,,,,,,1,4
R000374,2026-09-01,2026-09,232,1,1,1,1,2,1,1,3,0,0,0.579192,0.579192,0.560948,0.597436,0.155493,ai_unified_email_engine,14,130,high_density,1,1,,,,,,,1,3
R000375,2026-09-01,2026-09,185,1,1,1,1,2,1,1,3,0,0,0.799432,0.799432,0.758668,0.840195,0.590457,ai_unified_email_engine,14,56,high_density,1,1,,,,,,,1,2
R000376,2026-09-01,2026-09,38,1,1,1,1,2,1,0,3,0,0,0.791414,0.791414,0.746291,0.836537,0.507293,ai_unified_email_engine,14,69,high_density,1,1,,,,,,,1,0
R000377,2026-09-01,2026-09,246,1,1,1,1,2,1,1,3,1,0.1111,0.62238,0.62238,0.537217,0.707542,0.266674,ai_unified_email_engine,14,35,medium_density,1,1,,,,,,,1,4
R000378,2026-09-01,2026-09,264,1,1,1,1,2,1,1,3,0,0,0.833037,0.833037,0.828168,0.837906,0.512164,ai_unified_email_engine,14,98,high_density,1,1,,,,,,,1,4
R000379,2026-09-01,2026-09,380,1,1,1,1,2,1,1,3,0,0,0.503745,0.503745,0.502379,0.505111,0.577278,ai_unified_email_engine,14,31,medium_density,1,1,,,,,,,1,8
R000380,2026-09-01,2026-09,168,1,1,1,1,2,1,1,3,0,0,0.729113,0.729113,0.699576,0.758649,0.381793,ai_unified_email_engine,14,33,medium_density,1,1,,,,,,15,0,1
R000381,2026-09-01,2026-09,219,1,1,1,1,2,1,1,3,0,0,0.738748,0.738748,0.691075,0.78642,0.576467,ai_unified_email_engine,14,26,medium_density,1,1,,,,,,,1,3
R000382,2026-09-01,2026-09,162,1,1,1,1,2,1,1,3,0,0,0.598847,0.598847,0.434154,0.763539,0.568058,ai_unified_email_engine,14,11,low_density,1,1,,,,,,,1,1
R000383,2026-09-01,2026-09,162,1,1,1,1,2,1,1,3,0,0,0.569405,0.569405,0.51159,0.62722,0.612909,ai_unified_email_engine,14,28,medium_density,1,1,,,,,,,1,1
R000384,2026-09-01,2026-09,235,1,1,1,1,2,1,1,3,0,0,0.502493,0.502493,0.500313,0.504673,0.562585,ai_unified_email_engine,14,35,medium_density,1,1,,,,,,,1,3
R000385,2026-09-01,2026-09,355,1,1,1,1,2,1,1,3,0,0,0.673818,0.673818,0.527684,0.819952,0.410268,ai_unified_email_engine,14,53,high_density,1,1,,,,,,,1,7
R000386,2026-09-01,2026-09,356,1,1,1,1,2,1,1,3,0,0,0.841858,0.841858,0.841753,0.841963,0.544468,ai_unified_email_engine,14,23,low_density,1,1,,,,,,,1,7
R000387,2026-09-01,2026-09,359,1,1,1,1,2,1,1,3,0,0,0.70693,0.70693,0.589376,0.824484,0.556619,ai_unified_email_engine,14,130,high_density,1,1,,,,,,,1,7
R000388,2026-09-01,2026-09,287,1,1,1,1,2,1,1,3,0,0,0.542409,0.542409,0.531936,0.552881,0,ai_unified_email_engine,14,30,medium_density,1,1,,,,,,,1,5
R000389,2026-09-01,2026-09,194,1,1,1,1,2,1,1,3,0,0,0.596084,0.596084,0.575746,0.616421,0.549176,ai_unified_email_engine,14,17,low_density,1,1,,,,,,,1,2
R000390,2026-09-01,2026-09,261,1,1,1,1,2,1,1,3,0,0,0.577363,0.577363,0.568182,0.586544,0.107727,ai_unified_email_engine,14,48,high_density,1,1,,,,,,13,0,3
R000391,2026-09-01,2026-09,166,1,1,1,1,2,1,1,3,1,0.3333,0.820313,0.820313,0.797814,0.842812,0.546121,ai_unified_email_engine,14,42,high_density,1,1,,,,,,,1,1
R000392,2026-09-01,2026-09,356,1,1,1,1,2,1,1,3,0,0,0.465204,0.465204,0.428337,0.50207,0.284899,ai_unified_email_engine,14,22,low_density,1,1,,,,,,,1,7
R000393,2026-09-01,2026-09,321,1,1,1,1,2,1,1,3,0,0,0.819857,0.819857,0.8193,0.820413,0.583906,ai_unified_email_engine,14,31,medium_density,1,1,,,,,,,1,6
R000394,2026-09-01,2026-09,390,1,1,1,1,2,1,1,3,0,0,0.673066,0.673066,0.627129,0.719003,0.523743,ai_unified_email_engine,14,56,high_density,1,1,,,,,,,1,8
R000395,2026-09-01,2026-09,354,1,1,1,1,2,1,1,3,0,0,0.781467,0.781467,0.749133,0.813801,0.559727,ai_unified_email_engine,14,130,high_density,1,1,,,,,,,1,7
R000396,2026-09-01,2026-09,85,1,1,1,1,2,1,0,3,0,0,0.795697,0.795697,0.795142,0.796251,0.560711,ai_unified_email_engine,14,19,low_density,1,1,,,,,,,1,0
R000397,2026-09-01,2026-09,352,1,1,1,1,2,1,1,3,0,0,0.53303,0.53303,0.527684,0.538375,0.276034,ai_unified_email_engine,14,53,high_density,1,1,,,,,,,1,7
R000398,2026-09-01,2026-09,341,1,1,1,1,2,1,1,3,0,0,0.779256,0.779256,0.755789,0.802723,0.563679,ai_unified_email_engine,14,130,high_density,1,1,,,,,,1,0,3
R000399,2026-09-01,2026-09,203,1,1,1,1,2,1,1,3,1,0.2,0.701977,0.701977,0.618824,0.78513,0.560964,ai_unified_email_engine,14,54,high_density,1,1,,,,,,,1,2
R000400,2026-09-01,2026-09,366,1,1,1,1,2,1,1,3,1,0.0588,0.806573,0.806573,0.795722,0.817424,0.575977,ai_unified_email_engine,14,31,medium_density,1,1,,,,,,,1,8
R000401,2026-09-01,2026-09,377,1,1,1,1,2,1,1,3,0,0,0.645313,0.645313,0.497941,0.792685,0,ai_unified_email_engine,14,72,high_density,1,1,,,,,,,1,3
R000402,2026-09-01,2026-09,232,1,1,1,1,2,1,1,3,0,0,0.569926,0.569926,0.562033,0.577819,0.379259,ai_unified_email_engine,14,26,medium_density,1,1,,,,,,,1,3
R000403,2026-09-01,2026-09,292,1,1,1,1,2,1,1,3,0,0,0.465166,0.465166,0.410604,0.519728,0.5647,ai_unified_email_engine,14,33,medium_density,1,1,,,,,,,1,5
R000404,2026-09-01,2026-09,247,1,1,1,1,2,1,1,3,0,0,0.811158,0.811158,0.779941,0.842374,0.552247,ai_unified_email_engine,14,90,high_density,1,1,,,,,,,1,4
R000405,2026-09-01,2026-09,174,1,1,1,1,1,1,1,2,0,0,0.384961,0.384961,0.384961,0.384961,0,ai_unified_email_engine,14,35,medium_density,1,1,,,,,,,1,1
R000406,2026-09-01,2026-09,266,1,1,1,1,2,1,1,3,0,0,0.42719,0.42719,0.301261,0.553119,0.337607,ai_unified_email_engine,14,39,high_density,1,1,,,,,,,1,4
R000407,2026-09-01,2026-09,190,1,1,1,1,2,1,1,3,0,0,0.739777,0.739777,0.621871,0.857683,0.680049,ai_unified_email_engine,14,8,very_low_density,1,1,,,,,,,1,2
R000408,2026-09-01,2026-09,339,1,1,1,1,2,1,1,3,0,0,0.548316,0.548316,0.508761,0.58787,0.461443,ai_unified_email_engine,14,38,high_density,1,1,,,,,,,1,7
R000409,2026-09-01,2026-09,236,1,1,1,1,2,1,1,3,0,0,0.458471,0.458471,0.311815,0.605126,0.288773,ai_unified_email_engine,14,35,medium_density,1,1,,,,,,,1,3
R000410,2026-09-01,2026-09,379,1,1,1,1,2,1,1,3,0,0,0.653196,0.653196,0.548782,0.757609,0.128729,ai_unified_email_engine,14,72,high_density,1,1,,,,,,,1,8
R000411,2026-09-01,2026-09,391,1,1,1,1,3,1,1,4,2,0.1429,0.44433,0.451138,0.408257,0.473595,0.553414,ai_unified_email_engine,14,7,very_low_density,1,1,,,,,,,1,7
R000412,2026-09-01,2026-09,342,1,1,1,1,2,1,1,3,2,0.1429,0.662126,0.662126,0.630094,0.694157,0.249222,ai_unified_email_engine,14,38,high_density,1,1,,,,,,,1,7
R000413,2026-09-01,2026-09,333,1,1,1,1,2,1,1,3,0,0,0.730706,0.730706,0.699576,0.761835,0.224957,ai_unified_email_engine,14,33,medium_density,1,1,,,,,,,1,7
R000414,2026-09-01,2026-09,270,1,1,1,1,2,1,1,3,0,0,0.763245,0.763245,0.747902,0.778587,0.572981,ai_unified_email_engine,14,35,medium_density,1,1,,,,,,,1,5
R000415,2026-09-01,2026-09,315,1,1,1,1,2,1,1,3,0,0,0.808236,0.808236,0.800448,0.816024,0.538873,ai_unified_email_engine,14,38,high_density,1,1,,,,,,,1,6
R000416,2026-09-01,2026-09,251,1,1,1,1,2,1,1,3,0,0,0.745569,0.745569,0.730306,0.760831,0.282601,ai_unified_email_engine,14,33,medium_density,1,1,,,,,,,1,4
R000417,2026-09-01,2026-09,325,1,1,1,1,2,1,1,3,0,0,0.799913,0.799913,0.761533,0.838292,0.552986,ai_unified_email_engine,14,24,medium_density,1,1,,,,,,,1,8
R000418,2026-09-01,2026-09,222,1,1,1,1,2,1,1,3,0,0,0.601646,0.601646,0.465529,0.737763,0.246297,ai_unified_email_engine,14,31,medium_density,1,1,,,,,,,1,3
R000419,2026-09-01,2026-09,276,1,1,1,1,2,1,1,3,2,0.25,0.688455,0.688455,0.569564,0.807346,0.555994,ai_unified_email_engine,14,11,low_density,1,1,,,,,,,1,4
R000420,2026-09-01,2026-09,341,1,1,1,1,2,1,1,3,1,0.0667,0.609484,0.609484,0.602132,0.616836,0.58307,ai_unified_email_engine,14,38,high_density,1,1,,,,,,,1,7
R000421,2026-09-01,2026-09,196,1,1,1,1,2,1,1,3,0,0,0.602427,0.602427,0.584924,0.619929,0.600687,ai_unified_email_engine,14,15,low_density,1,1,,,,,,,1,2
R000422,2026-09-01,2026-09,336,1,1,1,1,2,1,1,3,0,0,0.570389,0.570389,0.530438,0.610339,0.602873,ai_unified_email_engine,14,39,high_density,1,1,,,,,,,1,7
R000423,2026-09-01,2026-09,243,1,1,1,1,2,1,1,3,0,0,0.441192,0.441192,0.436104,0.44628,0.214732,ai_unified_email_engine,14,30,medium_density,1,1,,,,,,,1,4
R000424,2026-09-01,2026-09,210,1,1,1,1,2,1,1,3,0,0,0.791192,0.791192,0.739355,0.843029,0.279102,ai_unified_email_engine,14,54,high_density,1,1,,,,,,,1,3
R000425,2026-09-01,2026-09,193,1,1,1,1,2,1,1,3,0,0,0.560732,0.560732,0.489361,0.632102,0,ai_unified_email_engine,14,31,medium_density,1,1,,,,,,,1,2
R000426,2026-09-01,2026-09,342,1,1,1,1,2,1,1,3,0,0,0.805625,0.805625,0.789694,0.821556,0.603201,ai_unified_email_engine,14,72,high_density,1,1,,,,,,,1,7
R000427,2026-09-01,2026-09,315,1,1,1,1,2,1,1,3,0,0,0.62904,0.62904,0.61361,0.64447,0.543255,ai_unified_email_engine,14,56,high_density,1,1,,,,,,,1,6
R000428,2026-09-01,2026-09,162,1,1,1,1,2,1,1,3,0,0,0.843074,0.843074,0.840888,0.845259,0.558732,ai_unified_email_engine,14,48,high_density,1,1,,,,,,,1,1
R000429,2026-09-01,2026-09,199,1,1,1,1,2,1,1,3,0,0,0.596016,0.596016,0.564626,0.627405,0.288645,ai_unified_email_engine,14,17,low_density,1,1,,,,,,,1,2
R000430,2026-09-01,2026-09,238,1,1,1,1,2,1,1,3,0,0,0.489235,0.489235,0.4843,0.494169,0.300159,ai_unified_email_engine,14,27,medium_density,1,1,,,,,,,1,4
R000431,2026-09-01,2026-09,18,1,1,1,1,2,1,0,3,0,0,0.602932,0.602932,0.592708,0.613155,0.37814,ai_unified_email_engine,14,30,medium_density,1,1,,,,,,,1,0
R000432,2026-09-01,2026-09,206,1,1,1,1,2,1,1,3,1,0.1429,0.593399,0.593399,0.555339,0.631459,0.583274,ai_unified_email_engine,14,24,medium_density,1,1,,,,,,0,0,3
R000433,2026-09-01,2026-09,296,1,1,1,1,2,1,1,3,1,0.0909,0.674689,0.674689,0.625763,0.723614,0.525392,ai_unified_email_engine,14,42,high_density,1,1,,,,,,,1,5
R000434,2026-09-01,2026-09,320,1,1,1,1,2,1,1,3,0,0,0.603908,0.603908,0.590394,0.617422,0.311542,ai_unified_email_engine,14,38,high_density,1,1,,,,,,,1,6
R000435,2026-09-01,2026-09,244,1,1,1,1,2,1,1,3,0,0,0.823129,0.823129,0.808938,0.837319,0.62067,ai_unified_email_engine,14,42,high_density,1,1,,,,,,,1,4
R000436,2026-09-01,2026-09,338,1,1,1,1,2,1,1,3,0,0,0.593946,0.593946,0.52229,0.665601,0.138408,ai_unified_email_engine,14,38,high_density,1,1,,,,,,,1,7
R000437,2026-09-01,2026-09,286,1,1,1,1,2,1,1,3,0,0,0.464594,0.464594,0.320578,0.60861,0.144258,ai_unified_email_engine,14,33,medium_density,1,1,,,,,,0,0,5
R000438,2026-09-01,2026-09,314,1,1,1,1,2,1,1,3,0,0,0.690054,0.690054,0.61913,0.760977,0.591512,ai_unified_email_engine,14,53,high_density,1,1,,,,,,,1,6
R000439,2026-09-01,2026-09,316,1,1,1,1,2,1,1,3,0,0,0.617606,0.617606,0.616377,0.618834,0.579906,ai_unified_email_engine,14,90,high_density,1,1,,,,,,,1,6
R000440,2026-09-01,2026-09,300,1,1,1,1,2,1,1,3,0,0,0.543776,0.543776,0.500714,0.586838,0,ai_unified_email_engine,14,49,high_density,1,1,,,,,,,1,3
R000441,2026-09-01,2026-09,247,1,1,1,1,3,1,1,4,1,0.1,0.565373,0.574767,0.500698,0.620655,0.59802,ai_unified_email_engine,14,7,very_low_density,1,1,,,,,,,1,4
R000442,2026-09-01,2026-09,259,1,1,1,1,2,1,1,3,0,0,0.574493,0.574493,0.555562,0.593423,0.563949,ai_unified_email_engine,14,24,medium_density,1,1,,,,,,0,0,4
R000443,2026-09-01,2026-09,340,1,1,1,1,2,1,1,3,1,0.0667,0.698718,0.698718,0.618148,0.779288,0.586478,ai_unified_email_engine,14,38,high_density,1,1,,,,,,,1,7
R000444,2026-09-01,2026-09,261,1,1,1,1,2,1,1,3,1,0.1429,0.511759,0.511759,0.45966,0.563857,0.533592,ai_unified_email_engine,14,8,very_low_density,1,1,,,,,,0,0,3
R000445,2026-09-01,2026-09,245,1,1,1,1,2,1,1,3,1,0.1111,0.703331,0.703331,0.645105,0.761556,0.288005,ai_unified_email_engine,14,72,high_density,1,1,,,,,,,1,4
R000446,2026-09-01,2026-09,173,1,1,1,1,2,1,1,3,0,0,0.647762,0.647762,0.640901,0.654623,0.526212,ai_unified_email_engine,14,26,medium_density,1,1,,,,,,,1,1
R000447,2026-09-01,2026-09,385,1,1,1,1,2,1,1,3,0,0,0.383525,0.383525,0.372812,0.394238,0.660716,ai_unified_email_engine,14,130,high_density,1,1,,,,,,,1,8
R000448,2026-09-01,2026-09,234,1,1,1,1,2,1,1,3,0,0,0.67975,0.67975,0.573391,0.786108,0.543077,ai_unified_email_engine,14,53,high_density,1,1,,,,,,,1,3
R000449,2026-09-01,2026-09,240,1,1,1,1,2,1,1,3,0,0,0.519032,0.519032,0.413492,0.624572,0.586985,ai_unified_email_engine,14,45,high_density,1,1,,,,,,,1,3
R000450,2026-09-01,2026-09,385,1,1,1,1,2,1,1,3,1,0.0588,0.805059,0.805059,0.771067,0.839051,0.519708,ai_unified_email_engine,14,39,high_density,1,1,,,,,,,1,8
R000451,2026-09-01,2026-09,209,1,1,1,1,2,1,1,3,0,0,0.601136,0.601136,0.508339,0.693933,0.568264,ai_unified_email_engine,14,49,high_density,1,1,,,,,,,1,2
R000452,2026-09-01,2026-09,114,1,1,1,1,2,1,0,3,0,0,0.492321,0.492321,0.492321,0.492321,0,ai_unified_email_engine,14,90,high_density,1,1,,,,,,,1,0
R000453,2026-09-01,2026-09,352,1,1,1,1,2,1,1,3,0,0,0.706042,0.706042,0.610066,0.802017,0.576118,ai_unified_email_engine,14,56,high_density,1,1,,,,,,,1,7
R000454,2026-09-01,2026-09,115,1,1,1,1,2,1,0,3,0,0,0.699012,0.699012,0.615975,0.782049,0.579222,ai_unified_email_engine,14,24,medium_density,1,1,,,,,,,1,0
R000455,2026-09-01,2026-09,298,1,1,1,1,2,1,1,3,1,0.0909,0.677622,0.677622,0.640798,0.714446,0.570777,ai_unified_email_engine,14,19,low_density,1,1,,,,,,,1,5
R000456,2026-09-01,2026-09,291,1,1,1,1,2,1,1,3,0,0,0.554054,0.554054,0.539799,0.568309,0.606555,ai_unified_email_engine,14,56,high_density,1,1,,,,,,0,0,5
R000457,2026-09-01,2026-09,235,1,1,1,1,2,1,1,3,0,0,0.836533,0.836533,0.834268,0.838798,0.542826,ai_unified_email_engine,14,27,medium_density,1,1,,,,,,,1,3
R000458,2026-09-01,2026-09,232,1,1,1,1,2,1,1,3,1,0.1429,0.650567,0.650567,0.577244,0.723889,0.368441,ai_unified_email_engine,14,28,medium_density,1,1,,,,,,,1,3
R000459,2026-09-01,2026-09,254,1,1,1,1,2,1,1,3,0,0,0.797041,0.797041,0.773376,0.820705,0.611838,ai_unified_email_engine,14,24,medium_density,1,1,,,,,,,1,4
R000460,2026-09-01,2026-09,231,1,1,1,1,2,1,1,3,0,0,0.71152,0.71152,0.691075,0.731964,0.578372,ai_unified_email_engine,14,26,medium_density,1,1,,,,,,,1,3
R000461,2026-09-01,2026-09,138,1,1,1,1,2,1,0,3,0,0,0.626967,0.626967,0.493295,0.760639,0.296804,ai_unified_email_engine,14,98,high_density,1,1,,,,,,,1,0
R000462,2026-09-01,2026-09,301,1,1,1,1,2,1,1,3,0,0,0.687483,0.687483,0.539893,0.835074,0.517349,ai_unified_email_engine,14,9,very_low_density,1,1,,,,,,,1,6
R000463,2026-09-01,2026-09,213,1,1,1,1,2,1,1,3,0,0,0.709828,0.709828,0.591935,0.827721,0.504482,ai_unified_email_engine,14,13,low_density,1,1,,,,,,,1,2
R000464,2026-09-01,2026-09,301,1,1,1,1,2,1,1,3,0,0,0.837837,0.837837,0.834268,0.841405,0.539892,ai_unified_email_engine,14,27,medium_density,1,1,,,,,,0,0,6
R000465,2026-09-01,2026-09,269,1,1,1,1,2,1,1,3,0,0,0.499614,0.499614,0.408553,0.590675,0.588772,ai_unified_email_engine,14,33,medium_density,1,1,,,,,,,1,5
R000466,2026-09-01,2026-09,159,1,1,1,1,2,1,1,3,0,0,0.781487,0.781487,0.76864,0.794334,0.493429,ai_unified_email_engine,14,130,high_density,1,1,,,,,,,1,1
R000467,2026-09-01,2026-09,233,1,1,1,1,2,1,1,3,0,0,0.437708,0.437708,0.400202,0.475214,0.28746,ai_unified_email_engine,14,24,medium_density,1,1,,,,,,,1,3
R000468,2026-09-01,2026-09,193,1,1,1,1,2,1,1,3,0,0,0.579867,0.579867,0.568031,0.591703,0.547088,ai_unified_email_engine,14,38,high_density,1,1,,,,,,,1,2
R000469,2026-09-01,2026-09,248,1,1,1,1,2,1,1,3,0,0,0.641017,0.641017,0.573467,0.708567,0.515181,ai_unified_email_engine,14,35,medium_density,1,1,,,,,,7,0,4
R000470,2026-09-01,2026-09,253,1,1,1,1,2,1,1,3,0,0,0.794061,0.794061,0.789983,0.798138,0.57981,ai_unified_email_engine,14,35,medium_density,1,1,,,,,,,1,4
R000471,2026-09-01,2026-09,202,1,1,1,1,2,1,1,3,0,0,0.731985,0.731985,0.620756,0.843214,0.588624,ai_unified_email_engine,14,8,very_low_density,1,1,,,,,,,1,2
R000472,2026-09-01,2026-09,270,1,1,1,1,2,1,0,3,0,0,0.66631,0.66631,0.503004,0.829615,0.524261,ai_unified_email_engine,14,42,high_density,1,1,,,,,,0,0,0
R000473,2026-09-01,2026-09,233,1,1,1,1,2,1,1,3,0,0,0.720517,0.720517,0.639016,0.802017,0.595041,ai_unified_email_engine,14,56,high_density,1,1,,,,,,,1,3
R000474,2026-09-01,2026-09,248,1,1,1,1,2,1,1,3,0,0,0.746198,0.746198,0.723623,0.768773,0.557753,ai_unified_email_engine,14,42,high_density,1,1,,,,,,,1,4
R000475,2026-09-01,2026-09,70,1,1,1,1,2,1,0,3,0,0,0.707142,0.707142,0.702208,0.712075,0.570247,ai_unified_email_engine,14,130,high_density,1,1,,,,,,,1,0
R000476,2026-09-01,2026-09,317,1,1,1,1,2,1,1,3,1,0.0769,0.685752,0.685752,0.571819,0.799684,0.566946,ai_unified_email_engine,14,56,high_density,1,1,,,,,,,1,6
R000477,2026-09-01,2026-09,230,1,1,1,1,2,1,1,3,0,0,0.588803,0.588803,0.551934,0.625671,0.5606,ai_unified_email_engine,14,54,high_density,1,1,,,,,,,1,3
R000478,2026-09-01,2026-09,270,1,1,1,1,2,1,1,3,0,0,0.490676,0.490676,0.485164,0.496189,0.518207,ai_unified_email_engine,14,35,medium_density,1,1,,,,,,,1,5
R000479,2026-09-01,2026-09,256,1,1,1,1,2,1,1,3,2,0.25,0.628386,0.628386,0.540212,0.716559,0.298763,ai_unified_email_engine,14,9,very_low_density,1,1,,,,,,,1,4
R000480,2026-09-01,2026-09,160,1,1,1,1,2,1,1,3,0,0,0.814231,0.814231,0.785453,0.843008,0.555579,ai_unified_email_engine,14,130,high_density,1,1,,,,,,,1,1
R000481,2026-09-01,2026-09,271,1,1,1,1,3,1,1,4,1,0.0833,0.687649,0.693341,0.601067,0.768539,0.577788,ai_unified_email_engine,14,22,low_density,1,1,,,,,,2,0,5
R000482,2026-09-01,2026-09,265,1,1,1,1,1,1,1,2,1,0.125,0.752771,0.752771,0.752771,0.752771,0.522764,ai_unified_email_engine,14,20,low_density,1,1,,,,,,9,0,4
R000483,2026-09-01,2026-09,334,1,1,1,1,2,1,1,3,0,0,0.639938,0.639938,0.587436,0.69244,0.528124,ai_unified_email_engine,14,56,high_density,1,1,,,,,,,1,7
R000484,2026-09-01,2026-09,398,1,1,1,1,2,1,1,3,1,0.0556,0.65808,0.65808,0.621904,0.694256,0.52143,ai_unified_email_engine,14,31,medium_density,1,1,,,,,,,1,9
R000485,2026-09-01,2026-09,271,1,1,1,1,2,1,1,3,0,0,0.811499,0.811499,0.781354,0.841644,0.554764,ai_unified_email_engine,14,35,medium_density,1,1,,,,,,,1,5
R000486,2026-09-01,2026-09,20,1,1,1,1,2,1,0,3,0,0,0.742907,0.742907,0.732562,0.753251,0.568335,ai_unified_email_engine,14,90,high_density,1,1,,,,,,,1,0
R000487,2026-09-01,2026-09,85,1,1,1,1,2,1,0,3,0,0,0.493735,0.493735,0.480587,0.506882,0,ai_unified_email_engine,14,35,medium_density,1,1,,,,,,,1,0
R000488,2026-09-01,2026-09,340,1,1,1,1,2,1,1,3,0,0,0.756652,0.756652,0.755486,0.757818,0.433338,ai_unified_email_engine,14,54,high_density,1,1,,,,,,,1,7
R000489,2026-09-01,2026-09,130,1,1,1,1,2,1,0,3,0,0,0.824601,0.824601,0.822002,0.8272,0.578947,ai_unified_email_engine,14,54,high_density,1,1,,,,,,,1,0
R000490,2026-09-01,2026-09,240,1,1,1,1,2,1,1,3,0,0,0.712635,0.712635,0.618173,0.807097,0.624346,ai_unified_email_engine,14,56,high_density,1,1,,,,,,,1,4
R000491,2026-09-01,2026-09,313,1,1,1,1,2,1,1,3,0,0,0.782565,0.782565,0.746221,0.818909,0.54382,ai_unified_email_engine,14,130,high_density,1,1,,,,,,,1,6
R000492,2026-09-01,2026-09,118,1,1,1,1,2,1,0,3,0,0,0.638189,0.638189,0.516736,0.759641,0.446721,ai_unified_email_engine,14,6,very_low_density,1,1,,,,,,,1,0
R000493,2026-09-01,2026-09,290,1,1,1,1,2,1,1,3,0,0,0.491691,0.491691,0.474548,0.508834,0.225665,ai_unified_email_engine,14,12,low_density,1,1,,,,,,,1,4
R000494,2026-09-01,2026-09,235,1,1,1,1,2,1,1,3,0,0,0.632319,0.632319,0.535766,0.728873,0.616007,ai_unified_email_engine,14,56,high_density,1,1,,,,,,,1,3
R000495,2026-09-01,2026-09,118,1,1,1,1,2,1,0,3,0,0,0.784553,0.784553,0.766383,0.802723,0.624996,ai_unified_email_engine,14,130,high_density,1,1,,,,,,,1,0
R000496,2026-09-01,2026-09,237,1,1,1,1,2,1,1,3,0,0,0.63231,0.63231,0.618173,0.646446,0.595559,ai_unified_email_engine,14,56,high_density,1,1,,,,,,,1,3
R000497,2026-09-01,2026-09,245,1,1,1,1,2,1,1,3,0,0,0.817892,0.817892,0.809009,0.826775,0.560256,ai_unified_email_engine,14,130,high_density,1,1,,,,,,,1,4
R000498,2026-09-01,2026-09,356,1,1,1,1,2,1,1,3,0,0,0.702294,0.702294,0.599669,0.804919,0.496988,ai_unified_email_engine,14,35,medium_density,1,1,,,,,,,1,7
R000499,2026-09-01,2026-09,136,1,1,1,1,2,1,0,3,0,0,0.794708,0.794708,0.77673,0.812685,0.482829,ai_unified_email_engine,14,25,medium_density,1,1,,,,,,,1,0
R000500,2026-09-01,2026-09,196,1,1,1,1,2,1,1,3,0,0,0.755338,0.755338,0.709997,0.80068,0.511564,ai_unified_email_engine,14,45,high_density,1,1,,,,,,,1,2
R000501,2026-09-01,2026-09,125,1,1,1,1,2,1,0,3,0,0,0.539811,0.539811,0.492185,0.587436,0.553523,ai_unified_email_engine,14,56,high_density,1,1,,,,,,,1,0
R000502,2026-09-01,2026-09,270,1,1,1,1,2,1,1,3,1,0.0909,0.548167,0.548167,0.435501,0.660833,0.556127,ai_unified_email_engine,14,33,medium_density,1,1,,,,,,,1,5
R000503,2026-09-01,2026-09,337,1,1,1,1,2,1,1,3,0,0,0.478896,0.478896,0.477804,0.479988,0,ai_unified_email_engine,14,42,high_density,1,1,,,,,,,1,4
R000504,2026-09-01,2026-09,308,1,1,1,1,2,1,1,3,1,0.0769,0.512967,0.512967,0.409483,0.61645,0.577972,ai_unified_email_engine,14,90,high_density,1,1,,,,,,,1,6
R000505,2026-09-01,2026-09,332,1,1,1,1,2,1,1,3,0,0,0.697846,0.697846,0.613421,0.782271,0.557634,ai_unified_email_engine,14,98,high_density,1,1,,,,,,,1,6
R000506,2026-09-01,2026-09,190,1,1,1,1,2,1,1,3,0,0,0.726771,0.726771,0.646446,0.807097,0.615786,ai_unified_email_engine,14,56,high_density,1,1,,,,,,,1,1
R000507,2026-09-01,2026-09,371,1,1,1,1,2,1,1,3,0,0,0.787916,0.787916,0.772994,0.802838,0.570935,ai_unified_email_engine,14,90,high_density,1,1,,,,,,,1,8
R000508,2026-09-01,2026-09,178,1,1,1,1,2,1,1,3,0,0,0.773322,0.773322,0.751188,0.795455,0,ai_unified_email_engine,14,24,medium_density,1,1,,,,,,5,0,1
R000509,2026-09-01,2026-09,244,1,1,1,1,2,1,1,3,0,0,0.684702,0.684702,0.591703,0.7777,0.592617,ai_unified_email_engine,14,38,high_density,1,1,,,,,,,1,4
R000510,2026-09-01,2026-09,159,1,1,1,1,3,1,1,4,0,0,0.60699,0.666512,0.466765,0.687693,0.55999,ai_unified_email_engine,14,34,medium_density,1,1,,,,,,,1,1
R000511,2026-09-01,2026-09,326,1,1,1,1,2,1,1,3,0,0,0.659995,0.659995,0.629993,0.689997,0.517249,ai_unified_email_engine,14,38,high_density,1,1,,,,,,,1,6
R000512,2026-09-01,2026-09,150,1,1,1,1,2,1,0,3,0,0,0.709055,0.709055,0.598793,0.819317,0.55449,ai_unified_email_engine,14,98,high_density,1,1,,,,,,,1,0
R000513,2026-09-01,2026-09,302,1,1,1,1,2,1,1,3,0,0,0.532664,0.532664,0.474548,0.59078,0.213705,ai_unified_email_engine,14,12,low_density,1,1,,,,,,,1,6
R000514,2026-09-01,2026-09,177,1,1,1,1,3,1,1,4,0,0,0.300409,0.276711,0.274052,0.350465,0.562813,ai_unified_email_engine,14,31,medium_density,1,1,,,,,,,1,1
R000515,2026-09-01,2026-09,231,1,1,1,1,2,1,1,3,0,0,0.571965,0.571965,0.558836,0.585093,0,ai_unified_email_engine,14,39,high_density,1,1,,,,,,,1,3
R000516,2026-09-01,2026-09,330,1,1,1,1,2,1,1,3,0,0,0.810542,0.810542,0.808756,0.812328,0.559729,ai_unified_email_engine,14,72,high_density,1,1,,,,,,,1,6
R000517,2026-09-01,2026-09,145,1,1,1,1,3,1,0,4,0,0,0.738534,0.758906,0.660461,0.796234,0.586978,ai_unified_email_engine,14,28,medium_density,1,1,,,,,,,1,0
R000518,2026-09-01,2026-09,267,1,1,1,1,3,1,1,4,1,0.1,0.73543,0.768539,0.669183,0.768569,0.618738,ai_unified_email_engine,14,22,low_density,1,1,,,,,,,1,4
R000519,2026-09-01,2026-09,194,1,1,1,1,2,1,1,3,0,0,0.659425,0.659425,0.532983,0.785866,0.418396,ai_unified_email_engine,14,6,very_low_density,1,1,,,,,,,1,2
R000520,2026-09-01,2026-09,163,1,1,1,1,2,1,1,3,0,0,0.820204,0.820204,0.815006,0.825401,0.553594,ai_unified_email_engine,14,24,medium_density,1,1,,,,,,,1,1
R000521,2026-09-01,2026-09,379,1,1,1,1,2,1,1,3,0,0,0.522033,0.522033,0.411964,0.632102,0,ai_unified_email_engine,14,45,high_density,1,1,,,,,,,1,3
R000522,2026-09-01,2026-09,194,1,1,1,1,2,1,1,3,0,0,0.579133,0.579133,0.531137,0.627129,0.545981,ai_unified_email_engine,14,56,high_density,1,1,,,,,,0,0,2
R000523,2026-09-01,2026-09,363,1,1,1,1,2,1,1,3,0,0,0.752647,0.752647,0.73545,0.769844,0.542012,ai_unified_email_engine,14,33,medium_density,1,1,,,,,,,1,8
R000524,2026-09-01,2026-09,250,1,1,1,1,2,1,1,3,0,0,0.558769,0.558769,0.509448,0.60809,0.301075,ai_unified_email_engine,14,35,medium_density,1,1,,,,,,,1,4
R000525,2026-09-01,2026-09,269,1,1,1,1,3,1,1,4,0,0,0.344473,0.311614,0.284365,0.437439,0.290808,ai_unified_email_engine,14,10,low_density,1,1,,,,,,,1,4
R000526,2026-09-01,2026-09,324,1,1,1,1,2,1,1,3,0,0,0.82939,0.82939,0.82652,0.83226,0.602975,ai_unified_email_engine,14,90,high_density,1,1,,,,,,,1,6
R000527,2026-09-01,2026-09,466,1,1,1,1,2,1,1,3,0,0,0.78594,0.78594,0.761859,0.810022,0.264904,ai_unified_email_engine,14,31,medium_density,1,1,,,,,,,1,11
R000528,2026-09-01,2026-09,323,1,1,1,1,2,1,1,3,1,0.0833,0.619385,0.619385,0.531379,0.70739,0.525256,ai_unified_email_engine,14,11,low_density,1,1,,,,,,,1,6
R000529,2026-09-01,2026-09,300,1,1,1,1,2,1,1,3,0,0,0.609254,0.609254,0.546107,0.672401,0,ai_unified_email_engine,14,130,high_density,1,1,,,,,,,1,3
R000530,2026-09-01,2026-09,271,1,1,1,1,2,1,1,3,0,0,0.667977,0.667977,0.588684,0.747269,0.127543,ai_unified_email_engine,14,33,medium_density,1,1,,,,,,,1,5
R000531,2026-09-01,2026-09,10,1,1,1,1,2,1,0,3,0,0,0.658486,0.658486,0.629019,0.687952,0.193833,ai_unified_email_engine,14,56,high_density,1,1,,,,,,,1,0
R000532,2026-09-01,2026-09,383,1,1,1,1,2,1,1,3,0,0,0.803516,0.803516,0.776744,0.830287,0.314122,ai_unified_email_engine,14,98,high_density,1,1,,,,,,,1,8
R000533,2026-09-01,2026-09,321,1,1,1,1,2,1,1,3,1,0.0769,0.529023,0.529023,0.517767,0.540278,0,ai_unified_email_engine,14,42,high_density,1,1,,,,,,,1,6
R000534,2026-09-01,2026-09,448,1,1,1,1,2,1,1,3,0,0,0.812014,0.812014,0.811462,0.812565,0.543634,ai_unified_email_engine,14,53,high_density,1,1,,,,,,,1,10
R000535,2026-09-01,2026-09,175,1,1,1,1,2,1,1,3,0,0,0.734704,0.734704,0.722363,0.747045,0.547673,ai_unified_email_engine,14,5,very_low_density,1,1,,,,,,0,0,1
R000536,2026-09-01,2026-09,352,1,1,1,1,2,1,1,3,0,0,0.560922,0.560922,0.437062,0.684782,0.558034,ai_unified_email_engine,14,23,low_density,1,1,,,,,,,1,7
R000537,2026-09-01,2026-09,326,1,1,1,1,2,1,1,3,3,0.2308,0.763935,0.763935,0.714721,0.813149,0.536812,ai_unified_email_engine,14,24,medium_density,1,1,,,,,,,1,7
R000538,2026-09-01,2026-09,190,1,1,1,1,2,1,1,3,0,0,0.589099,0.589099,0.564777,0.613421,0.567339,ai_unified_email_engine,14,98,high_density,1,1,,,,,,,1,2
R000539,2026-09-01,2026-09,322,1,1,1,1,2,1,1,3,0,0,0.523754,0.523754,0.505764,0.541743,0.583007,ai_unified_email_engine,14,31,medium_density,1,1,,,,,,,1,6
R000540,2026-09-01,2026-09,145,1,1,1,1,2,1,0,3,0,0,0.617765,0.617765,0.537344,0.698185,0.533159,ai_unified_email_engine,14,17,low_density,1,1,,,,,,,1,0
R000541,2026-09-01,2026-09,268,1,1,1,1,2,1,1,3,2,0.25,0.735084,0.735084,0.73191,0.738257,0.561447,ai_unified_email_engine,14,34,medium_density,1,1,,,,,,,1,4
R000542,2026-09-01,2026-09,110,1,1,1,1,2,1,0,3,0,0,0.513641,0.513641,0.509448,0.517834,0,ai_unified_email_engine,14,35,medium_density,1,1,,,,,,,1,0
R000543,2026-09-01,2026-09,239,1,1,1,1,2,1,1,3,0,0,0.44398,0.44398,0.33484,0.553119,0.337607,ai_unified_email_engine,14,39,high_density,1,1,,,,,,0,0,3
R000544,2026-09-01,2026-09,270,1,1,1,1,2,1,1,3,0,0,0.656261,0.656261,0.519502,0.793019,0.570144,ai_unified_email_engine,14,30,medium_density,1,1,,,,,,,1,5
R000545,2026-09-01,2026-09,317,1,1,1,1,2,1,1,3,0,0,0.734937,0.734937,0.690185,0.779688,0.573961,ai_unified_email_engine,14,14,low_density,1,1,,,,,,,1,6
R000546,2026-09-01,2026-09,325,1,1,1,1,2,1,1,3,0,0,0.685424,0.685424,0.683035,0.687812,0.576341,ai_unified_email_engine,14,45,high_density,1,1,,,,,,,1,6
R000547,2026-09-01,2026-09,311,1,1,1,1,2,1,1,3,0,0,0.816436,0.816436,0.811827,0.821044,0.564443,ai_unified_email_engine,14,69,high_density,1,1,,,,,,,1,5
R000548,2026-09-01,2026-09,318,1,1,1,1,2,1,1,3,2,0.1538,0.488761,0.488761,0.457391,0.52013,0.518137,ai_unified_email_engine,14,24,medium_density,1,1,,,,,,,1,7
R000549,2026-09-01,2026-09,73,1,1,1,1,2,1,0,3,0,0,0.826069,0.826069,0.810038,0.842099,0.527662,ai_unified_email_engine,14,90,high_density,1,1,,,,,,,1,0
R000550,2026-09-01,2026-09,371,1,1,1,1,2,1,1,3,0,0,0.777534,0.777534,0.743506,0.811562,0.562594,ai_unified_email_engine,14,45,high_density,1,1,,,,,,,1,8
R000551,2026-09-01,2026-09,226,1,1,1,1,2,1,1,3,0,0,0.770909,0.770909,0.749094,0.792723,0.565343,ai_unified_email_engine,14,69,high_density,1,1,,,,,,,1,3
R000552,2026-09-01,2026-09,325,1,1,1,1,2,1,1,3,0,0,0.728748,0.728748,0.707094,0.750402,0.254076,ai_unified_email_engine,14,69,high_density,1,1,,,,,,,1,6
R000553,2026-09-01,2026-09,305,1,1,1,1,2,1,1,3,0,0,0.688772,0.688772,0.537682,0.839862,0.390991,ai_unified_email_engine,14,27,medium_density,1,1,,,,,,,1,6
R000554,2026-09-01,2026-09,352,1,1,1,1,2,1,1,3,2,0.125,0.622857,0.622857,0.620016,0.625698,0,ai_unified_email_engine,14,72,high_density,1,1,,,,,,,1,8
R000555,2026-09-01,2026-09,302,1,1,1,1,2,1,1,3,0,0,0.634891,0.634891,0.505643,0.764138,0.425747,ai_unified_email_engine,14,69,high_density,1,1,,,,,,,1,2
R000556,2026-09-01,2026-09,284,1,1,1,1,2,1,1,3,1,0.0909,0.305475,0.305475,0.248142,0.362808,0.451524,ai_unified_email_engine,14,6,very_low_density,1,1,,,,,,,1,5
R000557,2026-09-01,2026-09,302,1,1,1,1,3,1,1,4,0,0,0.647064,0.639443,0.568687,0.733062,0.618915,ai_unified_email_engine,14,22,low_density,1,1,,,,,,0,0,6
R000558,2026-09-01,2026-09,227,1,1,1,1,2,1,1,3,1,0.1429,0.549187,0.549187,0.539737,0.558637,0.522961,ai_unified_email_engine,14,31,medium_density,1,1,,,,,,,1,3
R000559,2026-09-01,2026-09,242,1,1,1,1,2,1,1,3,0,0,0.805557,0.805557,0.801391,0.809723,0.496533,ai_unified_email_engine,14,98,high_density,1,1,,,,,,,1,4
R000560,2026-09-01,2026-09,240,1,1,1,1,2,1,1,3,1,0.1111,0.775929,0.775929,0.747639,0.804219,0.514297,ai_unified_email_engine,14,54,high_density,1,1,,,,,,,1,4
R000561,2026-09-01,2026-09,121,1,1,1,1,2,1,0,3,0,0,0.483457,0.483457,0.382111,0.584803,0.235726,ai_unified_email_engine,14,53,high_density,1,1,,,,,,,1,0
R000562,2026-09-01,2026-09,306,1,1,1,1,1,1,1,2,0,0,0.71805,0.71805,0.71805,0.71805,0.52697,ai_unified_email_engine,14,38,high_density,1,1,,,,,,,1,6
R000563,2026-09-01,2026-09,279,1,1,1,1,2,1,1,3,0,0,0.798458,0.798458,0.794285,0.80263,0.565201,ai_unified_email_engine,14,26,medium_density,1,1,,,,,,,1,5
R000564,2026-09-01,2026-09,176,1,1,1,1,2,1,1,3,0,0,0.85074,0.85074,0.844984,0.856496,0.648681,ai_unified_email_engine,14,48,high_density,1,1,,,,,,,1,2
R000565,2026-09-01,2026-09,293,1,1,1,1,2,1,1,3,0,0,0.829335,0.829335,0.827196,0.831473,0.558636,ai_unified_email_engine,14,98,high_density,1,1,,,,,,,1,5
R000566,2026-09-01,2026-09,298,1,1,1,1,2,1,1,3,1,0.0909,0.799375,0.799375,0.798067,0.800683,0,ai_unified_email_engine,14,56,high_density,1,1,,,,,,,1,5
R000567,2026-09-01,2026-09,35,1,1,1,1,2,1,0,3,0,0,0.773149,0.773149,0.757954,0.788344,0.516175,ai_unified_email_engine,14,35,medium_density,1,1,,,,,,,1,0
R000568,2026-09-01,2026-09,371,1,1,1,1,2,1,1,3,0,0,0.828047,0.828047,0.827068,0.829026,0.546832,ai_unified_email_engine,14,98,high_density,1,1,,,,,,,1,8
R000569,2026-09-01,2026-09,203,1,1,1,1,2,1,1,3,1,0.2,0.644829,0.644829,0.514477,0.775181,0.382957,ai_unified_email_engine,14,15,low_density,1,1,,,,,,,1,2
R000570,2026-09-01,2026-09,177,1,1,1,1,2,1,1,3,1,0.3333,0.471476,0.471476,0.426619,0.516333,0.590548,ai_unified_email_engine,14,24,medium_density,1,1,,,,,,8,0,1
R000571,2026-09-01,2026-09,222,1,1,1,1,2,1,1,3,0,0,0.74025,0.74025,0.683691,0.796808,0,ai_unified_email_engine,14,56,high_density,1,1,,,,,,,1,3
R000572,2026-09-01,2026-09,141,1,1,1,1,2,1,0,3,0,0,0.512517,0.512517,0.508184,0.516851,0,ai_unified_email_engine,14,30,medium_density,1,1,,,,,,,1,0
R000573,2026-09-01,2026-09,254,1,1,1,1,2,1,1,3,1,0.1111,0.652812,0.652812,0.528697,0.776926,0.53093,ai_unified_email_engine,14,9,very_low_density,1,1,,,,,,,1,4
R000574,2026-09-01,2026-09,238,1,1,1,1,2,1,1,3,0,0,0.587486,0.587486,0.587369,0.587603,0.302765,ai_unified_email_engine,14,54,high_density,1,1,,,,,,,1,3
R000575,2026-09-01,2026-09,264,1,1,1,1,2,1,1,3,1,0.1111,0.708358,0.708358,0.630562,0.786154,0.588487,ai_unified_email_engine,14,69,high_density,1,1,,,,,,,1,4
R000576,2026-09-01,2026-09,204,1,1,1,1,2,1,1,3,0,0,0.578529,0.578529,0.564626,0.592433,0.278877,ai_unified_email_engine,14,17,low_density,1,1,,,,,,,1,2
R000577,2026-09-01,2026-09,337,1,1,1,1,2,1,1,3,0,0,0.625016,0.625016,0.61793,0.632102,0,ai_unified_email_engine,14,45,high_density,1,1,,,,,,,1,7
R000578,2026-09-01,2026-09,316,1,1,1,1,2,1,1,3,0,0,0.739002,0.739002,0.705347,0.772656,0.495256,ai_unified_email_engine,14,42,high_density,1,1,,,,,,,1,6
R000579,2026-09-01,2026-09,322,1,1,1,1,2,1,1,3,1,0.0769,0.831146,0.831146,0.814663,0.847629,0.596591,ai_unified_email_engine,14,27,medium_density,1,1,,,,,,,1,6
R000580,2026-09-01,2026-09,177,1,1,1,1,2,1,1,3,0,0,0.686746,0.686746,0.672429,0.701062,0,ai_unified_email_engine,14,18,low_density,1,1,,,,,,,1,1
R000581,2026-09-01,2026-09,267,1,1,1,1,2,1,1,3,0,0,0.575209,0.575209,0.559743,0.590675,0.59854,ai_unified_email_engine,14,33,medium_density,1,1,,,,,,,1,4
R000582,2026-09-01,2026-09,148,1,1,1,1,2,1,0,3,0,0,0.822384,0.822384,0.821832,0.822936,0.556514,ai_unified_email_engine,14,56,high_density,1,1,,,,,,,1,0
R000583,2026-09-01,2026-09,268,1,1,1,1,2,1,1,3,1,0.1111,0.686114,0.686114,0.593423,0.778804,0.585828,ai_unified_email_engine,14,24,medium_density,1,1,,,,,,,1,4
R000584,2026-09-01,2026-09,210,1,1,1,1,2,1,1,3,0,0,0.65965,0.65965,0.551934,0.767365,0.600285,ai_unified_email_engine,14,54,high_density,1,1,,,,,,,1,2
R000585,2026-09-01,2026-09,246,1,1,1,1,2,1,1,3,0,0,0.716594,0.716594,0.681998,0.75119,0,ai_unified_email_engine,14,72,high_density,1,1,,,,,,,1,4
R000586,2026-09-01,2026-09,63,1,1,1,1,2,1,0,3,0,0,0.473259,0.473259,0.396591,0.549927,0.545005,ai_unified_email_engine,14,26,medium_density,1,1,,,,,,,1,0
R000587,2026-09-01,2026-09,237,1,1,1,1,2,1,1,3,0,0,0.711489,0.711489,0.610716,0.812261,0,ai_unified_email_engine,14,39,high_density,1,1,,,,,,,1,2
R000588,2026-09-01,2026-09,251,1,1,1,1,2,1,1,3,0,0,0.794146,0.794146,0.793101,0.79519,0.53903,ai_unified_email_engine,14,42,high_density,1,1,,,,,,,1,4
R000589,2026-09-01,2026-09,322,1,1,1,1,2,1,1,3,1,0.0769,0.843352,0.843352,0.843023,0.84368,0.561987,ai_unified_email_engine,14,48,high_density,1,1,,,,,,,1,6
R000590,2026-09-01,2026-09,111,1,1,1,1,2,1,0,3,0,0,0.696518,0.696518,0.625671,0.767365,0.569966,ai_unified_email_engine,14,54,high_density,1,1,,,,,,5,0,0
R000591,2026-09-01,2026-09,300,1,1,1,1,2,1,1,3,0,0,0.656452,0.656452,0.546634,0.76627,0.529517,ai_unified_email_engine,14,27,medium_density,1,1,,,,,,,1,6
R000592,2026-09-01,2026-09,247,1,1,1,1,2,1,1,3,0,0,0.84567,0.84567,0.842366,0.848973,0.589187,ai_unified_email_engine,14,30,medium_density,1,1,,,,,,,1,4
R000593,2026-09-01,2026-09,294,1,1,1,1,2,1,1,3,0,0,0.713416,0.713416,0.603213,0.823618,0.531987,ai_unified_email_engine,14,30,medium_density,1,1,,,,,,,1,5
R000594,2026-09-01,2026-09,207,1,1,1,1,2,1,1,3,0,0,0.838965,0.838965,0.8272,0.850729,0.628997,ai_unified_email_engine,14,54,high_density,1,1,,,,,,,1,2
R000595,2026-09-01,2026-09,247,1,1,1,1,2,1,1,3,0,0,0.676202,0.676202,0.588265,0.764138,0.422281,ai_unified_email_engine,14,69,high_density,1,1,,,,,,,1,4
R000596,2026-09-01,2026-09,198,1,1,1,1,2,1,1,3,0,0,0.758928,0.758928,0.740033,0.777822,0.623143,ai_unified_email_engine,14,26,medium_density,1,1,,,,,,,1,2
R000597,2026-09-01,2026-09,226,1,1,1,1,1,1,1,2,0,0,0.504317,0.504317,0.504317,0.504317,0.583981,ai_unified_email_engine,14,98,high_density,1,1,,,,,,,1,3
R000598,2026-09-01,2026-09,311,1,1,1,1,2,1,1,3,2,0.1667,0.583624,0.583624,0.517859,0.649388,0.554781,ai_unified_email_engine,14,23,low_density,1,1,,,,,,,1,6
R000599,2026-09-01,2026-09,365,1,1,1,1,2,1,1,3,0,0,0.771001,0.771001,0.762402,0.779599,0.427655,ai_unified_email_engine,14,90,high_density,1,1,,,,,,,1,8
R000600,2026-09-01,2026-09,380,1,1,1,1,2,1,1,3,0,0,0.791678,0.791678,0.753251,0.830104,0.608572,ai_unified_email_engine,14,90,high_density,1,1,,,,,,,1,8
R000601,2026-09-01,2026-09,35,1,1,1,1,2,1,0,3,0,0,0.72817,0.72817,0.707982,0.748357,0.518565,ai_unified_email_engine,14,53,high_density,1,1,,,,,,,1,0
R000602,2026-09-01,2026-09,154,1,1,1,1,2,1,1,3,0,0,0.34683,0.34683,0.227273,0.466386,0.299368,ai_unified_email_engine,14,39,high_density,1,1,,,,,,,1,1
R000603,2026-09-01,2026-09,297,1,1,1,1,2,1,1,3,0,0,0.648988,0.648988,0.567273,0.730702,0.529798,ai_unified_email_engine,14,17,low_density,1,1,,,,,,,1,5
R000604,2026-09-01,2026-09,302,1,1,1,1,2,1,1,3,0,0,0.75145,0.75145,0.741037,0.761862,0.485759,ai_unified_email_engine,14,35,medium_density,1,1,,,,,,,1,6
R000605,2026-09-01,2026-09,176,1,1,1,1,2,1,1,3,0,0,0.74357,0.74357,0.689317,0.797823,0.568965,ai_unified_email_engine,14,23,low_density,1,1,,,,,,7,0,1
R000606,2026-09-01,2026-09,321,1,1,1,1,2,1,1,3,1,0.0667,0.781306,0.781306,0.752477,0.810134,0.56903,ai_unified_email_engine,14,72,high_density,1,1,,,,,,,1,7
R000607,2026-09-01,2026-09,88,1,1,1,1,2,1,0,3,0,0,0.72657,0.72657,0.699676,0.753463,0.524573,ai_unified_email_engine,14,53,high_density,1,1,,,,,,,1,0
R000608,2026-09-01,2026-09,353,1,1,1,1,2,1,1,3,0,0,0.616,0.616,0.613773,0.618227,0.561062,ai_unified_email_engine,14,22,low_density,1,1,,,,,,,1,7
R000609,2026-09-01,2026-09,240,1,1,1,1,2,1,1,3,0,0,0.707213,0.707213,0.677499,0.736927,0.570367,ai_unified_email_engine,14,90,high_density,1,1,,,,,,,1,4
R000610,2026-09-01,2026-09,257,1,1,1,1,2,1,1,3,0,0,0.701209,0.701209,0.700126,0.702292,0.583825,ai_unified_email_engine,14,54,high_density,1,1,,,,,,0,0,4
R000611,2026-09-01,2026-09,386,1,1,1,1,2,1,1,3,0,0,0.539995,0.539995,0.503075,0.576915,0,ai_unified_email_engine,14,33,medium_density,1,1,,,,,,,1,3
R000612,2026-09-01,2026-09,211,1,1,1,1,2,1,1,3,0,0,0.791959,0.791959,0.749991,0.833927,0.521065,ai_unified_email_engine,14,8,very_low_density,1,1,,,,,,,1,2
R000613,2026-09-01,2026-09,356,1,1,1,1,2,1,1,3,0,0,0.809789,0.809789,0.796808,0.822771,0,ai_unified_email_engine,14,56,high_density,1,1,,,,,,,1,3
R000614,2026-09-01,2026-09,216,1,1,1,1,2,1,1,3,0,0,0.559194,0.559194,0.549927,0.568461,0.571984,ai_unified_email_engine,14,26,medium_density,1,1,,,,,,,1,3
R000615,2026-09-01,2026-09,302,1,1,1,1,2,1,1,3,1,0.0769,0.479114,0.479114,0.466648,0.49158,0,ai_unified_email_engine,14,3,very_low_density,1,1,,,,,,,1,6
R000616,2026-09-01,2026-09,90,1,1,1,1,2,1,0,3,0,0,0.752346,0.752346,0.746024,0.758668,0.528302,ai_unified_email_engine,14,56,high_density,1,1,,,,,,,1,0
R000617,2026-09-01,2026-09,334,1,1,1,1,2,1,1,3,0,0,0.747326,0.747326,0.693937,0.800714,0.589245,ai_unified_email_engine,14,56,high_density,1,1,,,,,,,1,7
R000618,2026-09-01,2026-09,354,1,1,1,1,2,1,1,3,0,0,0.574256,0.574256,0.558276,0.590236,0,ai_unified_email_engine,14,90,high_density,1,1,,,,,,,1,7
R000619,2026-09-01,2026-09,270,1,1,1,1,2,1,1,3,0,0,0.504657,0.504657,0.441505,0.567809,0.35634,ai_unified_email_engine,14,30,medium_density,1,1,,,,,,,1,4
R000620,2026-09-01,2026-09,39,1,1,1,1,2,1,0,3,0,0,0.627915,0.627915,0.525682,0.730148,0.61106,ai_unified_email_engine,14,69,high_density,1,1,,,,,,,1,0
R000621,2026-09-01,2026-09,224,1,1,1,1,2,1,1,3,1,0.1429,0.792751,0.792751,0.784781,0.800721,0.49401,ai_unified_email_engine,14,28,medium_density,1,1,,,,,,,1,3
R000622,2026-09-01,2026-09,9,1,1,1,1,2,1,0,3,0,0,0.253408,0.253408,0.252107,0.254708,0.30665,ai_unified_email_engine,14,42,high_density,1,1,,,,,,,1,0
R000623,2026-09-01,2026-09,239,1,1,1,1,2,1,1,3,0,0,0.546954,0.546954,0.505643,0.588265,0.23911,ai_unified_email_engine,14,69,high_density,1,1,,,,,,,1,3
R000624,2026-09-01,2026-09,79,1,1,1,1,2,1,0,3,0,0,0.473335,0.473335,0.437864,0.508806,0.553907,ai_unified_email_engine,14,31,medium_density,1,1,,,,,,,1,0
R000625,2026-09-01,2026-09,129,1,1,1,1,2,1,0,3,0,0,0.731031,0.731031,0.618848,0.843214,0.577431,ai_unified_email_engine,14,8,very_low_density,1,1,,,,,,,1,0
R000626,2026-09-01,2026-09,271,1,1,1,1,2,1,1,3,0,0,0.53776,0.53776,0.535627,0.539893,0.496689,ai_unified_email_engine,14,9,very_low_density,1,1,,,,,,,1,5
R000627,2026-09-01,2026-09,130,1,1,1,1,2,1,0,3,0,0,0.584691,0.584691,0.555191,0.61419,0,ai_unified_email_engine,14,25,medium_density,1,1,,,,,,,1,0
R000628,2026-09-01,2026-09,336,1,1,1,1,2,1,1,3,1,0.0667,0.760299,0.760299,0.722776,0.797823,0.579424,ai_unified_email_engine,14,23,low_density,1,1,,,,,,,1,7
R000629,2026-09-01,2026-09,204,1,1,1,1,2,1,1,3,0,0,0.783411,0.783411,0.728953,0.837869,0.518591,ai_unified_email_engine,14,17,low_density,1,1,,,,,,,1,2
R000630,2026-09-01,2026-09,239,1,1,1,1,2,1,1,3,1,0.1429,0.497646,0.497646,0.48339,0.511902,0.11731,ai_unified_email_engine,14,22,low_density,1,1,,,,,,,1,3
R000631,2026-09-01,2026-09,324,1,1,1,1,2,1,1,3,0,0,0.573018,0.573018,0.422294,0.723741,0.464857,ai_unified_email_engine,14,38,high_density,1,1,,,,,,,1,6
R000632,2026-09-01,2026-09,338,1,1,1,1,2,1,1,3,0,0,0.777036,0.777036,0.755486,0.798586,0.307043,ai_unified_email_engine,14,54,high_density,1,1,,,,,,,1,7
R000633,2026-09-01,2026-09,322,1,1,1,1,2,1,1,3,0,0,0.670206,0.670206,0.554458,0.785953,0.592645,ai_unified_email_engine,14,26,medium_density,1,1,,,,,,,1,6
R000634,2026-09-01,2026-09,153,1,1,1,1,2,1,1,3,0,0,0.679132,0.679132,0.567038,0.791225,0.557662,ai_unified_email_engine,14,34,medium_density,1,1,,,,,,,1,1
R000635,2026-09-01,2026-09,39,1,1,1,1,2,1,0,3,0,0,0.557408,0.557408,0.541189,0.573627,0.583039,ai_unified_email_engine,14,27,medium_density,1,1,,,,,,,1,0
R000636,2026-09-01,2026-09,271,1,1,1,1,2,1,1,3,0,0,0.587194,0.587194,0.558197,0.616191,0.593292,ai_unified_email_engine,14,35,medium_density,1,1,,,,,,,1,5
R000637,2026-09-01,2026-09,67,1,1,1,1,2,1,0,3,0,0,0.691868,0.691868,0.636121,0.747615,0.53841,ai_unified_email_engine,14,130,high_density,1,1,,,,,,,1,0
R000638,2026-09-01,2026-09,321,1,1,1,1,1,1,1,2,1,0.0833,0.528155,0.528155,0.528155,0.528155,0.638731,ai_unified_email_engine,14,11,low_density,1,1,,,,,,,1,6
R000639,2026-09-01,2026-09,302,1,1,1,1,2,1,1,3,1,0.0769,0.663287,0.663287,0.641426,0.685148,0.395069,ai_unified_email_engine,14,53,high_density,1,1,,,,,,,1,6
R000640,2026-09-01,2026-09,330,1,1,1,1,2,1,1,3,0,0,0.643902,0.643902,0.61247,0.675334,0.501779,ai_unified_email_engine,14,23,low_density,1,1,,,,,,,1,6
R000641,2026-09-01,2026-09,24,1,1,1,1,2,1,0,3,0,0,0.742008,0.742008,0.720006,0.764009,0.552109,ai_unified_email_engine,14,45,high_density,1,1,,,,,,,1,0
R000642,2026-09-01,2026-09,299,1,1,1,1,2,1,1,3,0,0,0.800134,0.800134,0.797084,0.803184,0.611203,ai_unified_email_engine,14,130,high_density,1,1,,,,,,,1,3
R000643,2026-09-01,2026-09,238,1,1,1,1,2,1,1,3,1,0.0909,0.687295,0.687295,0.65727,0.717319,0.523818,ai_unified_email_engine,14,72,high_density,1,1,,,,,,,1,5
R000644,2026-09-01,2026-09,383,1,1,1,1,2,1,1,3,0,0,0.769433,0.769433,0.767269,0.771597,0.590354,ai_unified_email_engine,14,39,high_density,1,1,,,,,,,1,8
R000645,2026-09-01,2026-09,341,1,1,1,1,2,1,1,3,0,0,0.745922,0.745922,0.745552,0.746291,0.52822,ai_unified_email_engine,14,69,high_density,1,1,,,,,,,1,7
R000646,2026-09-01,2026-09,153,1,1,1,1,2,1,1,3,1,0.3333,0.808592,0.808592,0.789369,0.827814,0.520859,ai_unified_email_engine,14,54,high_density,1,1,,,,,,,1,1
R000647,2026-09-01,2026-09,327,1,1,1,1,2,1,1,3,0,0,0.666093,0.666093,0.578592,0.753593,0.572217,ai_unified_email_engine,14,56,high_density,1,1,,,,,,,1,6
R000648,2026-09-01,2026-09,248,1,1,1,1,2,1,1,3,0,0,0.770615,0.770615,0.727429,0.813801,0.580744,ai_unified_email_engine,14,130,high_density,1,1,,,,,,0,0,4
R000649,2026-09-01,2026-09,379,1,1,1,1,2,1,1,3,1,0.0588,0.764292,0.764292,0.744713,0.783871,0.22349,ai_unified_email_engine,14,49,high_density,1,1,,,,,,6,0,8
R000650,2026-09-01,2026-09,319,1,1,1,1,2,1,1,3,0,0,0.745594,0.745594,0.736582,0.754607,0.60972,ai_unified_email_engine,14,56,high_density,1,1,,,,,,,1,6
R000651,2026-09-01,2026-09,145,1,1,1,1,2,1,0,3,0,0,0.617571,0.617571,0.609721,0.62542,0.579494,ai_unified_email_engine,14,48,high_density,1,1,,,,,,,1,0
R000652,2026-09-01,2026-09,303,1,1,1,1,2,1,1,3,1,0.0769,0.571105,0.571105,0.546634,0.595576,0.528152,ai_unified_email_engine,14,27,medium_density,1,1,,,,,,,1,6
R000653,2026-09-01,2026-09,285,1,1,1,1,2,1,1,3,1,0.0909,0.527966,0.527966,0.507436,0.548496,0.254155,ai_unified_email_engine,14,18,low_density,1,1,,,,,,,1,5
R000654,2026-09-01,2026-09,90,1,1,1,1,2,1,0,3,0,0,0.78602,0.78602,0.781396,0.790644,0.577555,ai_unified_email_engine,14,56,high_density,1,1,,,,,,2,0,0
R000655,2026-09-01,2026-09,340,1,1,1,1,2,1,1,3,0,0,0.703619,0.703619,0.674214,0.733024,0.506139,ai_unified_email_engine,14,42,high_density,1,1,,,,,,,1,7
R000656,2026-09-01,2026-09,271,1,1,1,1,2,1,1,3,0,0,0.773016,0.773016,0.754248,0.791783,0.544825,ai_unified_email_engine,14,33,medium_density,1,1,,,,,,,1,5
R000657,2026-09-01,2026-09,235,1,1,1,1,2,1,1,3,0,0,0.748768,0.748768,0.742314,0.755222,0.252151,ai_unified_email_engine,14,69,high_density,1,1,,,,,,,1,3
R000658,2026-09-01,2026-09,272,1,1,1,1,1,1,1,2,1,0.1,0.803019,0.803019,0.803019,0.803019,0.597249,ai_unified_email_engine,14,8,very_low_density,1,1,,,,,,,1,5
R000659,2026-09-01,2026-09,189,1,1,1,1,2,1,1,3,0,0,0.619802,0.619802,0.618848,0.620756,0.605673,ai_unified_email_engine,14,8,very_low_density,1,1,,,,,,,1,2
R000660,2026-09-01,2026-09,271,1,1,1,1,2,1,1,3,0,0,0.688684,0.688684,0.634815,0.742552,0.587691,ai_unified_email_engine,14,35,medium_density,1,1,,,,,,,1,5
R000661,2026-09-01,2026-09,323,1,1,1,1,2,1,1,3,1,0.0769,0.774325,0.774325,0.748776,0.799873,0.584135,ai_unified_email_engine,14,27,medium_density,1,1,,,,,,,1,6
R000662,2026-09-01,2026-09,241,1,1,1,1,1,1,1,2,1,0.125,0.752771,0.752771,0.752771,0.752771,0.522764,ai_unified_email_engine,14,20,low_density,1,1,,,,,,,1,4
R000663,2026-09-01,2026-09,132,1,1,1,1,2,1,0,3,0,0,0.682177,0.682177,0.638843,0.725511,0.512419,ai_unified_email_engine,14,130,high_density,1,1,,,,,,,1,0
R000664,2026-09-01,2026-09,235,1,1,1,1,2,1,1,3,0,0,0.687515,0.687515,0.54115,0.833879,0.465555,ai_unified_email_engine,14,7,very_low_density,1,1,,,,,,,1,3
R000665,2026-09-01,2026-09,230,1,1,1,1,2,1,1,3,2,0.3333,0.743641,0.743641,0.713037,0.774245,0.548499,ai_unified_email_engine,14,7,very_low_density,1,1,,,,,,,1,3
R000666,2026-09-01,2026-09,281,1,1,1,1,2,1,1,3,0,0,0.854092,0.854092,0.843331,0.864852,0.572312,ai_unified_email_engine,14,31,medium_density,1,1,,,,,,,1,5
R000667,2026-09-01,2026-09,245,1,1,1,1,2,1,1,3,0,0,0.740715,0.740715,0.705347,0.776083,0.508166,ai_unified_email_engine,14,42,high_density,1,1,,,,,,,1,4
R000668,2026-09-01,2026-09,383,1,1,1,1,2,1,1,3,0,0,0.826059,0.826059,0.823571,0.828546,0.644882,ai_unified_email_engine,14,39,high_density,1,1,,,,,,,1,8
R000669,2026-09-01,2026-09,234,1,1,1,1,2,1,1,3,1,0.1667,0.814459,0.814459,0.79519,0.833728,0.524671,ai_unified_email_engine,14,42,high_density,1,1,,,,,,,1,3
R000670,2026-09-01,2026-09,85,1,1,1,1,2,1,0,3,0,0,0.758452,0.758452,0.751621,0.765282,0.671846,ai_unified_email_engine,14,24,medium_density,1,1,,,,,,7,0,0
R000671,2026-09-01,2026-09,317,1,1,1,1,1,1,1,2,0,0,0.524941,0.524941,0.524941,0.524941,0,ai_unified_email_engine,14,14,low_density,1,1,,,,,,,1,3
R000672,2026-09-01,2026-09,292,1,1,1,1,2,1,1,3,0,0,0.551769,0.551769,0.551243,0.552294,0.619435,ai_unified_email_engine,14,24,medium_density,1,1,,,,,,,1,5
R000673,2026-09-01,2026-09,223,1,1,1,1,2,1,1,3,0,0,0.814773,0.814773,0.803184,0.826362,0.556584,ai_unified_email_engine,14,130,high_density,1,1,,,,,,,1,3
R000674,2026-09-01,2026-09,231,1,1,1,1,2,1,1,3,0,0,0.56957,0.56957,0.434434,0.704705,0.252253,ai_unified_email_engine,14,26,medium_density,1,1,,,,,,,1,3
R000675,2026-09-01,2026-09,334,1,1,1,1,2,1,1,3,0,0,0.852464,0.852464,0.847278,0.857649,0,ai_unified_email_engine,14,54,high_density,1,1,,,,,,,1,3
R000676,2026-09-01,2026-09,205,1,1,1,1,3,1,1,4,0,0,0.602254,0.517161,0.517087,0.772513,0.29339,ai_unified_email_engine,14,31,medium_density,1,1,,,,,,,1,2
R000677,2026-09-01,2026-09,334,1,1,1,1,2,1,1,3,1,0.1111,0.770701,0.770701,0.743336,0.798067,0,ai_unified_email_engine,14,56,high_density,1,1,,,,,,,1,4
R000678,2026-09-01,2026-09,364,1,1,1,1,2,1,1,3,2,0.125,0.791093,0.791093,0.777805,0.80438,0.283847,ai_unified_email_engine,14,35,medium_density,1,1,,,,,,,1,8
R000679,2026-09-01,2026-09,261,1,1,1,1,2,1,1,3,0,0,0.424856,0.424856,0.34858,0.501131,0.561435,ai_unified_email_engine,14,45,high_density,1,1,,,,,,,1,4
R000680,2026-09-01,2026-09,114,1,1,1,1,3,1,0,4,0,0,0.647334,0.677541,0.500707,0.763753,0.38103,ai_unified_email_engine,14,49,high_density,1,1,,,,,,,1,0
R000681,2026-09-01,2026-09,240,1,1,1,1,2,1,1,3,0,0,0.777675,0.777675,0.751188,0.804162,0.310781,ai_unified_email_engine,14,24,medium_density,1,1,,,,,,,1,3
R000682,2026-09-01,2026-09,330,1,1,1,1,2,1,1,3,0,0,0.806914,0.806914,0.792784,0.821044,0.579311,ai_unified_email_engine,14,69,high_density,1,1,,,,,,,1,6
R000683,2026-09-01,2026-09,227,1,1,1,1,2,1,1,3,0,0,0.737175,0.737175,0.654623,0.819727,0.52038,ai_unified_email_engine,14,26,medium_density,1,1,,,,,,,1,3
R000684,2026-09-01,2026-09,256,1,1,1,1,2,1,1,3,0,0,0.659023,0.659023,0.525027,0.793019,0.561254,ai_unified_email_engine,14,30,medium_density,1,1,,,,,,,1,4
R000685,2026-09-01,2026-09,246,1,1,1,1,2,1,1,3,0,0,0.575829,0.575829,0.441533,0.710124,0.540686,ai_unified_email_engine,14,39,high_density,1,1,,,,,,,1,4
R000686,2026-09-01,2026-09,342,1,1,1,1,1,1,1,2,0,0,0.71681,0.71681,0.71681,0.71681,0.614041,ai_unified_email_engine,14,35,medium_density,1,1,,,,,,0,0,7
R000687,2026-09-01,2026-09,237,1,1,1,1,2,1,1,3,0,0,0.830092,0.830092,0.829948,0.830235,0.580763,ai_unified_email_engine,14,24,medium_density,1,1,,,,,,,1,3
R000688,2026-09-01,2026-09,72,1,1,1,1,2,1,0,3,0,0,0.704481,0.704481,0.663485,0.745476,0.524478,ai_unified_email_engine,14,54,high_density,1,1,,,,,,1,0,0
R000689,2026-09-01,2026-09,233,1,1,1,1,2,1,1,3,1,0.2,0.841082,0.841082,0.83976,0.842403,0.600249,ai_unified_email_engine,14,98,high_density,1,1,,,,,,,1,2
R000690,2026-09-01,2026-09,71,1,1,1,1,1,1,0,2,0,0,0.468385,0.468385,0.468385,0.468385,0.19561,ai_unified_email_engine,14,5,very_low_density,2,1,,,,,,,1,0
R000691,2026-09-01,2026-09,113,1,1,1,1,2,1,0,3,0,0,0.489393,0.489393,0.450532,0.528253,0.530616,ai_unified_email_engine,14,30,medium_density,1,1,,,,,,,1,0
R000692,2026-09-01,2026-09,249,1,1,1,1,2,1,1,3,0,0,0.672367,0.672367,0.556451,0.788283,0.415136,ai_unified_email_engine,14,90,high_density,1,1,,,,,,,1,4
R000693,2026-09-01,2026-09,271,1,1,1,1,2,1,1,3,0,0,0.719568,0.719568,0.642433,0.796702,0.599998,ai_unified_email_engine,14,20,low_density,1,1,,,,,,,1,5
R000694,2026-09-01,2026-09,323,1,1,1,1,2,1,1,3,1,0.0769,0.761257,0.761257,0.711571,0.810942,0.566877,ai_unified_email_engine,14,38,high_density,1,1,,,,,,,1,6
R000695,2026-09-01,2026-09,247,1,1,1,1,2,1,1,3,1,0.1111,0.744111,0.744111,0.71646,0.771762,0.525165,ai_unified_email_engine,14,9,very_low_density,1,1,,,,,,,1,4
R000696,2026-09-01,2026-09,208,1,1,1,1,2,1,1,3,0,0,0.619438,0.619438,0.618227,0.620648,0.601401,ai_unified_email_engine,14,22,low_density,1,1,,,,,,,1,2
R000697,2026-09-01,2026-09,305,1,1,1,1,2,1,1,3,0,0,0.845958,0.845958,0.844471,0.847445,0.592574,ai_unified_email_engine,14,48,high_density,1,1,,,,,,0,0,6
R000698,2026-09-01,2026-09,244,1,1,1,1,2,1,1,3,0,0,0.663342,0.663342,0.605208,0.721476,0.562096,ai_unified_email_engine,14,9,very_low_density,1,1,,,,,,0,0,3
R000699,2026-09-01,2026-09,252,1,1,1,1,2,1,1,3,0,0,0.267519,0.267519,0.194069,0.340968,0.323239,ai_unified_email_engine,14,90,high_density,1,1,,,,,,,1,4
R000700,2026-09-01,2026-09,90,1,1,1,1,2,1,0,3,0,0,0.597068,0.597068,0.502379,0.691757,0.550537,ai_unified_email_engine,14,31,medium_density,1,1,,,,,,,1,0
R000701,2026-09-01,2026-09,379,1,1,1,1,2,1,1,3,1,0.0625,0.826822,0.826822,0.824315,0.829329,0.507828,ai_unified_email_engine,14,35,medium_density,1,1,,,,,,,1,8
R000702,2026-09-01,2026-09,84,1,1,1,1,2,1,0,3,0,0,0.85682,0.85682,0.836818,0.876822,0.470613,ai_unified_email_engine,14,98,high_density,1,1,,,,,,,1,0
R000703,2026-09-01,2026-09,378,1,1,1,1,2,1,1,3,0,0,0.678657,0.678657,0.564628,0.792685,0,ai_unified_email_engine,14,72,high_density,1,1,,,,,,,1,3
R000704,2026-09-01,2026-09,61,1,1,1,1,2,1,0,3,0,0,0.696448,0.696448,0.575411,0.817485,0.504093,ai_unified_email_engine,14,33,medium_density,1,1,,,,,,13,0,0
R000705,2026-09-01,2026-09,224,1,1,1,1,2,1,1,3,0,0,0.548896,0.548896,0.489854,0.607938,0,ai_unified_email_engine,14,90,high_density,1,1,,,,,,,1,3
R000706,2026-09-01,2026-09,181,1,1,1,1,2,1,1,3,0,0,0.84341,0.84341,0.84314,0.84368,0.562673,ai_unified_email_engine,14,48,high_density,1,1,,,,,,,1,1
R000707,2026-09-01,2026-09,90,1,1,1,1,3,1,0,4,0,0,0.597833,0.510699,0.454474,0.828327,0.373293,ai_unified_email_engine,14,13,low_density,1,1,,,,,,,1,0
R000708,2026-09-01,2026-09,336,1,1,1,1,2,1,1,3,0,0,0.555753,0.555753,0.543324,0.568182,0,ai_unified_email_engine,14,54,high_density,1,1,,,,,,,1,7
R000709,2026-09-01,2026-09,333,1,1,1,1,2,1,1,3,0,0,0.807111,0.807111,0.793492,0.82073,0.380539,ai_unified_email_engine,14,16,low_density,1,1,,,,,,,1,7
R000710,2026-09-01,2026-09,166,1,1,1,1,2,1,1,3,0,0,0.812605,0.812605,0.810895,0.814315,0.584271,ai_unified_email_engine,14,28,medium_density,1,1,,,,,,,1,1
R000711,2026-09-01,2026-09,114,1,1,1,1,2,1,0,3,0,0,0.846436,0.846436,0.845427,0.847445,0.598179,ai_unified_email_engine,14,48,high_density,1,1,,,,,,,1,0
R000712,2026-09-01,2026-09,385,1,1,1,1,2,1,1,3,0,0,0.713768,0.713768,0.613413,0.814123,0.552144,ai_unified_email_engine,14,39,high_density,1,1,,,,,,,1,8
R000713,2026-09-01,2026-09,87,1,1,1,1,2,1,0,3,0,0,0.627425,0.627425,0.613155,0.641695,0.359241,ai_unified_email_engine,14,30,medium_density,1,1,,,,,,,1,0
R000714,2026-09-01,2026-09,253,1,1,1,1,2,1,1,3,0,0,0.434261,0.434261,0.227273,0.641248,0.296508,ai_unified_email_engine,14,3,very_low_density,1,1,,,,,,,1,3
R000715,2026-09-01,2026-09,231,1,1,1,1,2,1,0,3,0,0,0.423979,0.423979,0.406453,0.441505,0.379741,ai_unified_email_engine,14,30,medium_density,1,1,,,,,,,1,0
R000716,2026-09-01,2026-09,263,1,1,1,1,3,1,1,4,1,0.1,0.561149,0.496427,0.437439,0.749581,0.381948,ai_unified_email_engine,14,10,low_density,1,1,,,,,,,1,4
R000717,2026-09-01,2026-09,201,1,1,1,1,2,1,1,3,1,0.2,0.782292,0.782292,0.77884,0.785744,0.491978,ai_unified_email_engine,14,7,very_low_density,1,1,,,,,,,1,2
R000718,2026-09-01,2026-09,230,1,1,1,1,3,1,1,4,1,0.125,0.695422,0.738421,0.561561,0.786284,0.572538,ai_unified_email_engine,14,31,medium_density,1,1,,,,,,,1,3
R000719,2026-09-01,2026-09,252,1,1,1,1,2,1,1,3,1,0.1111,0.710317,0.710317,0.703245,0.717388,0.545124,ai_unified_email_engine,14,24,medium_density,1,1,,,,,,,1,4
R000720,2026-09-01,2026-09,58,1,1,1,1,2,1,0,3,0,0,0.813092,0.813092,0.808739,0.817444,0.601005,ai_unified_email_engine,14,53,high_density,1,1,,,,,,,1,0
R000721,2026-09-01,2026-09,238,1,1,1,1,2,1,1,3,1,0.1111,0.778716,0.778716,0.746489,0.810942,0.577128,ai_unified_email_engine,14,38,high_density,1,1,,,,,,,1,4
R000722,2026-09-01,2026-09,273,1,1,1,1,2,1,1,3,0,0,0.624836,0.624836,0.61645,0.633222,0.557238,ai_unified_email_engine,14,90,high_density,1,1,,,,,,0,0,6
R000723,2026-09-01,2026-09,354,1,1,1,1,2,1,1,3,1,0.0588,0.578339,0.578339,0.52013,0.636547,0.543902,ai_unified_email_engine,14,24,medium_density,1,1,,,,,,,1,8
R000724,2026-09-01,2026-09,38,1,1,1,1,2,1,0,3,0,0,0.767063,0.767063,0.687812,0.846313,0.600551,ai_unified_email_engine,14,45,high_density,1,1,,,,,,,1,0
R000725,2026-09-01,2026-09,193,1,1,1,1,2,1,1,3,1,0.2,0.596752,0.596752,0.577083,0.616421,0.557016,ai_unified_email_engine,14,17,low_density,1,1,,,,,,,1,2
R000726,2026-09-01,2026-09,75,1,1,1,1,2,1,0,3,0,0,0.843291,0.843291,0.840888,0.845693,0.56128,ai_unified_email_engine,14,48,high_density,1,1,,,,,,,1,0
R000727,2026-09-01,2026-09,300,1,1,1,1,2,1,1,3,2,0.2,0.55851,0.55851,0.554757,0.562262,0,ai_unified_email_engine,14,27,medium_density,1,1,,,,,,,1,5
R000728,2026-09-01,2026-09,376,1,1,1,1,2,1,1,3,0,0,0.443193,0.443193,0.392268,0.494118,0,ai_unified_email_engine,14,39,high_density,1,1,,,,,,,1,8
R000729,2026-09-01,2026-09,149,1,1,1,1,2,1,0,3,0,0,0.722934,0.722934,0.72055,0.725317,0.621624,ai_unified_email_engine,14,31,medium_density,1,1,,,,,,,1,0
R000730,2026-09-01,2026-09,23,1,1,1,1,2,1,0,3,0,0,0.6416,0.6416,0.615777,0.667423,0.528485,ai_unified_email_engine,14,33,medium_density,1,1,,,,,,,1,0
R000731,2026-09-01,2026-09,349,1,1,1,1,2,1,1,3,0,0,0.771659,0.771659,0.763066,0.780251,0.531465,ai_unified_email_engine,14,49,high_density,1,1,,,,,,,1,7
R000732,2026-09-01,2026-09,319,1,1,1,1,2,1,1,3,1,0.0769,0.622047,0.622047,0.507375,0.736718,0.583119,ai_unified_email_engine,14,27,medium_density,1,1,,,,,,,1,6
R000733,2026-09-01,2026-09,300,1,1,1,1,2,1,1,3,0,0,0.55145,0.55145,0.54906,0.55384,0.520844,ai_unified_email_engine,14,98,high_density,1,1,,,,,,,1,5
R000734,2026-09-01,2026-09,363,1,1,1,1,2,1,1,3,1,0.0588,0.647156,0.647156,0.608235,0.686078,0.423514,ai_unified_email_engine,14,35,medium_density,1,1,,,,,,,1,8
R000735,2026-09-01,2026-09,115,1,1,1,1,2,1,0,3,0,0,0.51332,0.51332,0.448637,0.578004,0.574292,ai_unified_email_engine,14,33,medium_density,1,1,,,,,,,1,0
R000736,2026-09-01,2026-09,336,1,1,1,1,2,1,1,3,0,0,0.764504,0.764504,0.748651,0.780356,0.543148,ai_unified_email_engine,14,53,high_density,1,1,,,,,,,1,7
R000737,2026-09-01,2026-09,233,1,1,1,1,2,1,1,3,0,0,0.618926,0.618926,0.483791,0.75406,0,ai_unified_email_engine,14,33,medium_density,1,1,,,,,,,1,3
R000738,2026-09-01,2026-09,148,1,1,1,1,2,1,1,3,0,0,0.842842,0.842842,0.84168,0.844004,0.556016,ai_unified_email_engine,14,48,high_density,1,1,,,,,,,1,1
R000739,2026-09-01,2026-09,233,1,1,1,1,2,1,1,3,0,0,0.706612,0.706612,0.686893,0.726331,0.568809,ai_unified_email_engine,14,39,high_density,1,1,,,,,,,1,3
R000740,2026-09-01,2026-09,227,1,1,1,1,2,1,1,3,0,0,0.829148,0.829148,0.810895,0.847401,0.586856,ai_unified_email_engine,14,28,medium_density,1,1,,,,,,,1,3
R000741,2026-09-01,2026-09,166,1,1,1,1,2,1,1,3,0,0,0.640291,0.640291,0.529089,0.751492,0.532797,ai_unified_email_engine,14,35,medium_density,1,1,,,,,,,1,1
R000742,2026-09-01,2026-09,91,1,1,1,1,2,1,0,3,0,0,0.783987,0.783987,0.777321,0.790653,0.523949,ai_unified_email_engine,14,39,high_density,1,1,,,,,,,1,0
R000743,2026-09-01,2026-09,301,1,1,1,1,2,1,1,3,0,0,0.811579,0.811579,0.799813,0.823344,0.52514,ai_unified_email_engine,14,56,high_density,1,1,,,,,,,1,6
R000744,2026-09-01,2026-09,283,1,1,1,1,2,1,1,3,1,0.125,0.602622,0.602622,0.53445,0.670794,0.58302,ai_unified_email_engine,14,6,very_low_density,1,1,,,,,,,1,4
R000745,2026-09-01,2026-09,200,1,1,1,1,2,1,1,3,0,0,0.546352,0.546352,0.534243,0.558461,0.27346,ai_unified_email_engine,14,53,high_density,1,1,,,,,,,1,2
R000746,2026-09-01,2026-09,195,1,1,1,1,2,1,1,3,0,0,0.613516,0.613516,0.532246,0.694786,0.564035,ai_unified_email_engine,14,24,medium_density,1,1,,,,,,,1,2
R000747,2026-09-01,2026-09,342,1,1,1,1,2,1,1,3,0,0,0.618295,0.618295,0.615975,0.620615,0.604278,ai_unified_email_engine,14,24,medium_density,1,1,,,,,,,1,7
R000748,2026-09-01,2026-09,241,1,1,1,1,2,1,1,3,0,0,0.848532,0.848532,0.840567,0.856496,0.622768,ai_unified_email_engine,14,48,high_density,1,1,,,,,,,1,4
R000749,2026-09-01,2026-09,372,1,1,1,1,3,1,1,4,0,0,0.590564,0.58114,0.517161,0.673391,0.20681,ai_unified_email_engine,14,31,medium_density,1,1,,,,,,,1,8
R000750,2026-09-01,2026-09,318,1,1,1,1,2,1,1,3,0,0,0.81865,0.81865,0.795455,0.841845,0.272155,ai_unified_email_engine,14,48,high_density,1,1,,,,,,,1,6
R000751,2026-09-01,2026-09,237,1,1,1,1,2,1,1,3,0,0,0.550303,0.550303,0.489095,0.61151,0.129877,ai_unified_email_engine,14,9,very_low_density,1,1,,,,,,,1,2
R000752,2026-09-01,2026-09,344,1,1,1,1,2,1,1,3,0,0,0.694492,0.694492,0.689139,0.699844,0.524304,ai_unified_email_engine,14,22,low_density,1,1,,,,,,,1,7
R000753,2026-09-01,2026-09,162,1,1,1,1,2,1,1,3,1,0.3333,0.715974,0.715974,0.638017,0.793931,0.596044,ai_unified_email_engine,14,18,low_density,1,1,,,,,,,1,1
R000754,2026-09-01,2026-09,323,1,1,1,1,2,1,1,3,0,0,0.551263,0.551263,0.539893,0.562634,0,ai_unified_email_engine,14,39,high_density,1,1,,,,,,,1,1
R000755,2026-09-01,2026-09,221,1,1,1,1,2,1,1,3,0,0,0.557581,0.557581,0.513494,0.601667,0,ai_unified_email_engine,14,24,medium_density,1,1,,,,,,,1,2
R000756,2026-09-01,2026-09,202,1,1,1,1,2,1,1,3,0,0,0.789367,0.789367,0.781711,0.797023,0.571471,ai_unified_email_engine,14,56,high_density,1,1,,,,,,,1,2
R000757,2026-09-01,2026-09,339,1,1,1,1,2,1,1,3,0,0,0.829033,0.829033,0.829026,0.82904,0.536691,ai_unified_email_engine,14,98,high_density,1,1,,,,,,,1,7
R000758,2026-09-01,2026-09,178,1,1,1,1,2,1,1,3,0,0,0.811627,0.811627,0.805753,0.817501,0.56499,ai_unified_email_engine,14,31,medium_density,1,1,,,,,,,1,1
R000759,2026-09-01,2026-09,301,1,1,1,1,2,1,1,3,1,0.0769,0.55205,0.55205,0.492363,0.611737,0.525438,ai_unified_email_engine,14,12,low_density,1,1,,,,,,,1,6
R000760,2026-09-01,2026-09,321,1,1,1,1,2,1,1,3,0,0,0.784245,0.784245,0.749643,0.818847,0.551082,ai_unified_email_engine,14,26,medium_density,1,1,,,,,,,1,6
R000761,2026-09-01,2026-09,200,1,1,1,1,2,1,1,3,0,0,0.628235,0.628235,0.57986,0.67661,0.271495,ai_unified_email_engine,14,53,high_density,1,1,,,,,,,1,2
R000762,2026-09-01,2026-09,345,1,1,1,1,2,1,1,3,0,0,0.768502,0.768502,0.763777,0.773227,0,ai_unified_email_engine,14,72,high_density,1,1,,,,,,,1,6
R000763,2026-09-01,2026-09,219,1,1,1,1,2,1,1,3,0,0,0.83093,0.83093,0.827483,0.834376,0.557762,ai_unified_email_engine,14,42,high_density,1,1,,,,,,,1,3
R000764,2026-09-01,2026-09,161,1,1,1,1,3,1,1,4,0,0,0.359956,0.274052,0.272244,0.533571,0.542193,ai_unified_email_engine,14,31,medium_density,1,1,,,,,,,1,1
R000765,2026-09-01,2026-09,175,1,1,1,1,2,1,1,3,0,0,0.721457,0.721457,0.672446,0.770468,0.566304,ai_unified_email_engine,14,18,low_density,1,1,,,,,,,1,1
R000766,2026-09-01,2026-09,339,1,1,1,1,2,1,1,3,0,0,0.80382,0.80382,0.793492,0.814148,0.220039,ai_unified_email_engine,14,16,low_density,1,1,,,,,,,1,7
R000767,2026-09-01,2026-09,213,1,1,1,1,2,1,1,3,0,0,0.840947,0.840947,0.83811,0.843783,0.533775,ai_unified_email_engine,14,27,medium_density,1,1,,,,,,,1,3
R000768,2026-09-01,2026-09,240,1,1,1,1,2,1,1,3,0,0,0.531743,0.531743,0.419017,0.64447,0.564158,ai_unified_email_engine,14,56,high_density,1,1,,,,,,,1,4
R000769,2026-09-01,2026-09,321,1,1,1,1,2,1,1,3,0,0,0.571846,0.571846,0.535754,0.607938,0,ai_unified_email_engine,14,90,high_density,1,1,,,,,,,1,5
R000770,2026-09-01,2026-09,327,1,1,1,1,2,1,1,3,0,0,0.548013,0.548013,0.471943,0.624084,0.615664,ai_unified_email_engine,14,16,low_density,1,1,,,,,,,1,6
R000771,2026-09-01,2026-09,376,1,1,1,1,2,1,1,3,0,0,0.428134,0.428134,0.428134,0.428134,0,ai_unified_email_engine,14,45,high_density,1,1,,,,,,,1,8
R000772,2026-09-01,2026-09,95,1,1,1,1,2,1,0,3,0,0,0.523731,0.523731,0.490664,0.556798,0.554775,ai_unified_email_engine,14,13,low_density,1,1,,,,,,,1,0
R000773,2026-09-01,2026-09,352,1,1,1,1,2,1,1,3,0,0,0.456935,0.456935,0.4118,0.50207,0.284899,ai_unified_email_engine,14,22,low_density,1,1,,,,,,1,0,7
R000774,2026-09-01,2026-09,210,1,1,1,1,2,1,1,3,0,0,0.551142,0.551142,0.544562,0.557722,0,ai_unified_email_engine,14,27,medium_density,1,1,,,,,,,1,2
R000775,2026-09-01,2026-09,161,1,1,1,1,2,1,1,3,0,0,0.827907,0.827907,0.813445,0.842368,0.710517,ai_unified_email_engine,14,69,high_density,1,1,,,,,,,1,1
R000776,2026-09-01,2026-09,243,1,1,1,1,2,1,1,3,0,0,0.736184,0.736184,0.726146,0.746221,0.548083,ai_unified_email_engine,14,130,high_density,1,1,,,,,,,1,4
R000777,2026-09-01,2026-09,301,1,1,1,1,2,1,1,3,0,0,0.381143,0.381143,0.282214,0.480072,0.604748,ai_unified_email_engine,14,19,low_density,1,1,,,,,,,1,5
R000778,2026-09-01,2026-09,310,1,1,1,1,2,1,1,3,0,0,0.792634,0.792634,0.784391,0.800877,0.5686,ai_unified_email_engine,14,38,high_density,1,1,,,,,,,1,6
R000779,2026-09-01,2026-09,322,1,1,1,1,2,1,1,3,2,0.1667,0.607001,0.607001,0.516653,0.697349,0.548872,ai_unified_email_engine,14,11,low_density,1,1,,,,,,,1,6
R000780,2026-09-01,2026-09,236,1,1,1,1,2,1,1,3,1,0.1429,0.680923,0.680923,0.595576,0.76627,0.493463,ai_unified_email_engine,14,27,medium_density,1,1,,,,,,,1,3
R000781,2026-09-01,2026-09,326,1,1,1,1,2,1,1,3,0,0,0.277759,0.277759,0.232693,0.322824,0,ai_unified_email_engine,14,24,medium_density,1,1,,,,,,,1,6
R000782,2026-09-01,2026-09,378,1,1,1,1,2,1,1,3,0,0,0.75199,0.75199,0.748651,0.755329,0.533166,ai_unified_email_engine,14,53,high_density,1,1,,,,,,,1,8
R000783,2026-09-01,2026-09,202,1,1,1,1,2,1,1,3,0,0,0.617211,0.617211,0.613773,0.620648,0.575271,ai_unified_email_engine,14,22,low_density,1,1,,,,,,,1,2
R000784,2026-09-01,2026-09,244,1,1,1,1,3,1,1,4,0,0,0.483411,0.449327,0.384878,0.616029,0.560607,ai_unified_email_engine,14,19,low_density,1,1,,,,,,,1,4
R000785,2026-09-01,2026-09,313,1,1,1,1,2,1,1,3,0,0,0.610238,0.610238,0.543571,0.676905,0.424865,ai_unified_email_engine,14,24,medium_density,1,1,,,,,,,1,6
R000786,2026-09-01,2026-09,57,1,1,1,1,2,1,0,3,0,0,0.695561,0.695561,0.605013,0.786108,0.550237,ai_unified_email_engine,14,53,high_density,1,1,,,,,,,1,0
R000787,2026-09-01,2026-09,237,1,1,1,1,1,1,1,2,0,0,0.381249,0.381249,0.381249,0.381249,0.271757,ai_unified_email_engine,14,56,high_density,1,1,,,,,,,1,3
R000788,2026-09-01,2026-09,300,1,1,1,1,2,1,1,3,2,0.2,0.81085,0.81085,0.804303,0.817397,0.566875,ai_unified_email_engine,14,19,low_density,1,1,,,,,,,1,5
R000789,2026-09-01,2026-09,234,1,1,1,1,2,1,1,3,0,0,0.845476,0.845476,0.845259,0.845693,0.586923,ai_unified_email_engine,14,48,high_density,1,1,,,,,,,1,3
R000790,2026-09-01,2026-09,242,1,1,1,1,2,1,1,3,0,0,0.623682,0.623682,0.618545,0.628818,0.152737,ai_unified_email_engine,14,69,high_density,1,1,,,,,,,1,4
R000791,2026-09-01,2026-09,65,1,1,1,1,2,1,0,3,0,0,0.639737,0.639737,0.590802,0.688672,0.300722,ai_unified_email_engine,14,130,high_density,1,1,,,,,,,1,0
R000792,2026-09-01,2026-09,184,1,1,1,1,2,1,1,3,1,0.2,0.643232,0.643232,0.555762,0.730702,0.593872,ai_unified_email_engine,14,17,low_density,1,1,,,,,,,1,2
R000793,2026-09-01,2026-09,313,1,1,1,1,2,1,1,3,0,0,0.770788,0.770788,0.769104,0.772472,0.606705,ai_unified_email_engine,14,42,high_density,1,1,,,,,,,1,6
R000794,2026-09-01,2026-09,392,1,1,1,1,2,1,1,3,0,0,0.830466,0.830466,0.830452,0.830479,0.547861,ai_unified_email_engine,14,98,high_density,1,1,,,,,,2,0,8
R000795,2026-09-01,2026-09,284,1,1,1,1,2,1,1,3,0,0,0.454416,0.454416,0.434154,0.474677,0.583587,ai_unified_email_engine,14,11,low_density,1,1,,,,,,,1,5
R000796,2026-09-01,2026-09,379,1,1,1,1,2,1,1,3,0,0,0.558767,0.558767,0.529938,0.587596,0.261402,ai_unified_email_engine,14,49,high_density,1,1,,,,,,,1,8
R000797,2026-09-01,2026-09,177,1,1,1,1,2,1,1,3,0,0,0.719222,0.719222,0.662499,0.775945,0.51693,ai_unified_email_engine,14,24,medium_density,1,1,,,,,,,1,1
R000798,2026-09-01,2026-09,328,1,1,1,1,2,1,1,3,0,0,0.75771,0.75771,0.690653,0.824766,0.609503,ai_unified_email_engine,14,35,medium_density,1,1,,,,,,,1,7
R000799,2026-09-01,2026-09,336,1,1,1,1,2,1,1,3,0,0,0.474298,0.474298,0.464752,0.483844,0,ai_unified_email_engine,14,42,high_density,1,1,,,,,,,1,3
R000800,2026-09-01,2026-09,252,1,1,1,1,2,1,1,3,0,0,0.512918,0.512918,0.469477,0.556359,0,ai_unified_email_engine,14,130,high_density,1,1,,,,,,,1,2
R000801,2026-09-01,2026-09,271,1,1,1,1,2,1,1,3,0,0,0.394281,0.394281,0.276727,0.511834,0.180001,ai_unified_email_engine,14,24,medium_density,1,1,,,,,,3,0,5
R000802,2026-09-01,2026-09,272,1,1,1,1,2,1,1,3,0,0,0.723273,0.723273,0.702853,0.743693,0.576538,ai_unified_email_engine,14,35,medium_density,1,1,,,,,,,1,5
R000803,2026-09-01,2026-09,350,1,1,1,1,2,1,1,3,2,0.125,0.65378,0.65378,0.541954,0.765606,0.58903,ai_unified_email_engine,14,72,high_density,1,1,,,,,,14,0,8
R000804,2026-09-01,2026-09,290,1,1,1,1,2,1,1,3,0,0,0.641355,0.641355,0.597975,0.684734,0.582886,ai_unified_email_engine,14,33,medium_density,1,1,,,,,,,1,5
R000805,2026-09-01,2026-09,267,1,1,1,1,2,1,1,3,0,0,0.528134,0.528134,0.50258,0.553688,0,ai_unified_email_engine,14,27,medium_density,1,1,,,,,,,1,3
R000806,2026-09-01,2026-09,81,1,1,1,1,2,1,0,3,0,0,0.825441,0.825441,0.81421,0.836672,0.660516,ai_unified_email_engine,14,69,high_density,1,1,,,,,,10,0,0
R000807,2026-09-01,2026-09,381,1,1,1,1,2,1,1,3,0,0,0.318051,0.318051,0.301261,0.33484,0,ai_unified_email_engine,14,39,high_density,1,1,,,,,,,1,3
R000808,2026-09-01,2026-09,112,1,1,1,1,2,1,0,3,0,0,0.830578,0.830578,0.819057,0.842099,0.580575,ai_unified_email_engine,14,90,high_density,1,1,,,,,,,1,0
R000809,2026-09-01,2026-09,301,1,1,1,1,2,1,1,3,2,0.1818,0.584586,0.584586,0.521282,0.647889,0.318954,ai_unified_email_engine,14,12,low_density,1,1,,,,,,,1,6
R000810,2026-09-01,2026-09,86,1,1,1,1,2,1,0,3,0,0,0.558632,0.558632,0.552511,0.564753,0.412171,ai_unified_email_engine,14,24,medium_density,1,1,,,,,,6,0,0
R000811,2026-09-01,2026-09,87,1,1,1,1,2,1,0,3,0,0,0.802434,0.802434,0.797172,0.807697,0.605514,ai_unified_email_engine,14,39,high_density,1,1,,,,,,5,0,0
R000812,2026-09-01,2026-09,190,1,1,1,1,2,1,1,3,0,0,0.752476,0.752476,0.690225,0.814726,0.387698,ai_unified_email_engine,14,130,high_density,1,1,,,,,,,1,2
R000813,2026-09-01,2026-09,224,1,1,1,1,2,1,1,3,0,0,0.781098,0.781098,0.780674,0.781521,0.604657,ai_unified_email_engine,14,26,medium_density,1,1,,,,,,,1,3
R000814,2026-09-01,2026-09,182,1,1,1,1,2,1,1,3,0,0,0.599309,0.599309,0.513494,0.685124,0,ai_unified_email_engine,14,24,medium_density,1,1,,,,,,0,0,1
R000815,2026-09-01,2026-09,215,1,1,1,1,2,1,1,3,0,0,0.661658,0.661658,0.637469,0.685846,0.249008,ai_unified_email_engine,14,49,high_density,1,1,,,,,,,1,3
R000816,2026-09-01,2026-09,271,1,1,1,1,2,1,1,3,0,0,0.497857,0.497857,0.447034,0.548681,0.266371,ai_unified_email_engine,14,30,medium_density,1,1,,,,,,0,0,5
R000817,2026-09-01,2026-09,340,1,1,1,1,2,1,1,3,0,0,0.547063,0.547063,0.535683,0.558443,0.281295,ai_unified_email_engine,14,23,low_density,1,1,,,,,,,1,7
R000818,2026-09-01,2026-09,205,1,1,1,1,2,1,1,3,0,0,0.391738,0.391738,0.382111,0.401365,0,ai_unified_email_engine,14,53,high_density,1,1,,,,,,,1,2
R000819,2026-09-01,2026-09,206,1,1,1,1,2,1,1,3,0,0,0.544164,0.544164,0.54115,0.547177,0.515614,ai_unified_email_engine,14,7,very_low_density,1,1,,,,,,,1,2
R000820,2026-09-01,2026-09,216,1,1,1,1,3,1,1,4,2,0.2857,0.820455,0.815005,0.809902,0.836459,0.665977,ai_unified_email_engine,14,10,low_density,1,1,,,,,,,1,3
R000821,2026-09-01,2026-09,379,1,1,1,1,2,1,1,3,0,0,0.636454,0.636454,0.539944,0.732963,0,ai_unified_email_engine,14,130,high_density,1,1,,,,,,,1,8
R000822,2026-09-01,2026-09,271,1,1,1,1,2,1,1,3,0,0,0.640823,0.640823,0.614793,0.666853,0.559363,ai_unified_email_engine,14,20,low_density,1,1,,,,,,,1,5
R000823,2026-09-01,2026-09,179,1,1,1,1,2,1,1,3,0,0,0.732455,0.732455,0.717008,0.747902,0.576953,ai_unified_email_engine,14,35,medium_density,1,1,,,,,,,1,1
R000824,2026-09-01,2026-09,198,1,1,1,1,2,1,1,3,0,0,0.607588,0.607588,0.594724,0.620451,0.132077,ai_unified_email_engine,14,20,low_density,1,1,,,,,,,1,1
R000825,2026-09-01,2026-09,196,1,1,1,1,2,1,1,3,0,0,0.603668,0.603668,0.593924,0.613413,0.593641,ai_unified_email_engine,14,39,high_density,1,1,,,,,,,1,2
R000826,2026-09-01,2026-09,238,1,1,1,1,2,1,1,3,1,0.1111,0.710184,0.710184,0.676115,0.744253,0,ai_unified_email_engine,14,53,high_density,1,1,,,,,,,1,4
R000827,2026-09-01,2026-09,164,1,1,1,1,2,1,1,3,0,0,0.762622,0.762622,0.758139,0.767104,0.570315,ai_unified_email_engine,14,90,high_density,1,1,,,,,,,1,1
R000828,2026-09-01,2026-09,236,1,1,1,1,2,1,1,3,0,0,0.777251,0.777251,0.768345,0.786157,0.303293,ai_unified_email_engine,14,39,high_density,1,1,,,,,,,1,3
R000829,2026-09-01,2026-09,323,1,1,1,1,2,1,1,3,0,0,0.626776,0.626776,0.621449,0.632102,0,ai_unified_email_engine,14,48,high_density,1,1,,,,,,,1,6
R000830,2026-09-01,2026-09,317,1,1,1,1,1,1,1,2,0,0,0.524941,0.524941,0.524941,0.524941,0,ai_unified_email_engine,14,14,low_density,1,1,,,,,,,1,6
R000831,2026-09-01,2026-09,83,1,1,1,1,2,1,0,3,0,0,0.484363,0.484363,0.481714,0.487013,0.616748,ai_unified_email_engine,14,24,medium_density,1,1,,,,,,,1,0
R000832,2026-09-01,2026-09,85,1,1,1,1,2,1,0,3,0,0,0.756152,0.756152,0.66965,0.842654,0.543928,ai_unified_email_engine,14,130,high_density,1,1,,,,,,,1,0
R000833,2026-09-01,2026-09,353,1,1,1,1,2,1,1,3,0,0,0.823347,0.823347,0.823126,0.823567,0.560362,ai_unified_email_engine,14,53,high_density,1,1,,,,,,,1,7
R000834,2026-09-01,2026-09,173,1,1,1,1,3,1,1,4,0,0,0.455302,0.558708,0.227273,0.579926,0.38998,ai_unified_email_engine,14,25,medium_density,1,1,,,,,,,1,1
R000835,2026-09-01,2026-09,271,1,1,1,1,2,1,1,3,0,0,0.775206,0.775206,0.773793,0.77662,0.610262,ai_unified_email_engine,14,24,medium_density,1,1,,,,,,0,0,4
R000836,2026-09-01,2026-09,294,1,1,1,1,2,1,1,3,0,0,0.531374,0.531374,0.456165,0.606583,0,ai_unified_email_engine,14,130,high_density,1,1,,,,,,,1,3
R000837,2026-09-01,2026-09,152,1,1,1,1,2,1,1,3,0,0,0.691424,0.691424,0.688062,0.694786,0.580674,ai_unified_email_engine,14,34,medium_density,1,1,,,,,,,1,1
R000838,2026-09-01,2026-09,71,1,1,1,1,2,1,0,3,0,0,0.83648,0.83648,0.8332,0.83976,0.611151,ai_unified_email_engine,14,98,high_density,1,1,,,,,,,1,0
R000839,2026-09-01,2026-09,90,1,1,1,1,2,1,0,3,0,0,0.557216,0.557216,0.284327,0.830104,0.690344,ai_unified_email_engine,14,98,high_density,1,1,,,,,,5,0,0
R000840,2026-09-01,2026-09,249,1,1,1,1,2,1,1,3,0,0,0.512884,0.512884,0.320758,0.705011,0,ai_unified_email_engine,14,33,medium_density,1,1,,,,,,,1,4
R000841,2026-09-01,2026-09,287,1,1,1,1,2,1,1,3,1,0.0909,0.631728,0.631728,0.610438,0.653017,0.599031,ai_unified_email_engine,14,11,low_density,1,1,,,,,,,1,5
R000842,2026-09-01,2026-09,244,1,1,1,1,2,1,1,3,0,0,0.792056,0.792056,0.767832,0.816281,0.497585,ai_unified_email_engine,14,130,high_density,1,1,,,,,,1,0,4
R000843,2026-09-01,2026-09,228,1,1,1,1,2,1,1,3,0,0,0.720167,0.720167,0.682136,0.758198,0.527609,ai_unified_email_engine,14,28,medium_density,1,1,,,,,,,1,3
R000844,2026-09-01,2026-09,331,1,1,1,1,2,1,1,3,0,0,0.519492,0.519492,0.438226,0.600757,0,ai_unified_email_engine,14,130,high_density,1,1,,,,,,,1,5
R000845,2026-09-01,2026-09,315,1,1,1,1,2,1,1,3,0,0,0.817097,0.817097,0.808922,0.825271,0.543756,ai_unified_email_engine,14,72,high_density,1,1,,,,,,,1,6
R000846,2026-09-01,2026-09,348,1,1,1,1,2,1,1,3,0,0,0.818161,0.818161,0.817642,0.818679,0.622667,ai_unified_email_engine,14,53,high_density,1,1,,,,,,,1,7
R000847,2026-09-01,2026-09,209,1,1,1,1,2,1,1,3,0,0,0.426447,0.426447,0.361065,0.491829,0,ai_unified_email_engine,14,33,medium_density,1,1,,,,,,,1,2
R000848,2026-09-01,2026-09,274,1,1,1,1,3,1,1,4,2,0.25,0.503546,0.450411,0.397015,0.663211,0.555336,ai_unified_email_engine,14,4,very_low_density,1,1,,,,,,1,0,4
R000849,2026-09-01,2026-09,231,1,1,1,1,2,1,1,3,2,0.3333,0.422472,0.422472,0.42052,0.424424,0.589595,ai_unified_email_engine,14,3,very_low_density,1,1,,,,,,,1,3
R000850,2026-09-01,2026-09,209,1,1,1,1,2,1,1,3,0,0,0.831487,0.831487,0.824396,0.838577,0.517842,ai_unified_email_engine,14,48,high_density,1,1,,,,,,,1,2
R000851,2026-09-01,2026-09,44,1,1,1,1,2,1,0,3,0,0,0.522265,0.522265,0.519502,0.525027,0.571903,ai_unified_email_engine,14,30,medium_density,1,1,,,,,,,1,0
R000852,2026-09-01,2026-09,281,1,1,1,1,2,1,1,3,0,0,0.826007,0.826007,0.813227,0.838787,0.358482,ai_unified_email_engine,14,48,high_density,1,1,,,,,,,1,5
R000853,2026-09-01,2026-09,102,1,1,1,1,2,1,0,3,0,0,0.842526,0.842526,0.840702,0.84435,0.552306,ai_unified_email_engine,14,130,high_density,1,1,,,,,,,1,0
R000854,2026-09-01,2026-09,355,1,1,1,1,2,1,1,3,3,0.2,0.8074,0.8074,0.778859,0.83594,0.501334,ai_unified_email_engine,14,24,medium_density,1,1,,,,,,,1,8
R000855,2026-09-01,2026-09,289,1,1,1,1,2,1,1,3,0,0,0.602469,0.602469,0.582054,0.622883,0.599154,ai_unified_email_engine,14,11,low_density,1,1,,,,,,,1,5
R000856,2026-09-01,2026-09,377,1,1,1,1,2,1,1,3,0,0,0.576571,0.576571,0.524103,0.629038,0,ai_unified_email_engine,14,56,high_density,1,1,,,,,,,1,3
R000857,2026-09-01,2026-09,377,1,1,1,1,2,1,1,3,0,0,0.562874,0.562874,0.558276,0.567472,0,ai_unified_email_engine,14,90,high_density,1,1,,,,,,,1,8
R000858,2026-09-01,2026-09,89,1,1,1,1,2,1,0,3,0,0,0.604771,0.604771,0.578004,0.631537,0.538207,ai_unified_email_engine,14,33,medium_density,1,1,,,,,,2,0,0
R000859,2026-09-01,2026-09,215,1,1,1,1,2,1,1,3,0,0,0.713162,0.713162,0.602707,0.823618,0.524688,ai_unified_email_engine,14,30,medium_density,1,1,,,,,,,1,3
R000860,2026-09-01,2026-09,379,1,1,1,1,2,1,1,3,0,0,0.628589,0.628589,0.563244,0.693933,0.563085,ai_unified_email_engine,14,49,high_density,1,1,,,,,,,1,8
R000861,2026-09-01,2026-09,321,1,1,1,1,2,1,1,3,1,0.0769,0.701051,0.701051,0.692316,0.709787,0.618572,ai_unified_email_engine,14,31,medium_density,1,1,,,,,,,1,6
R000862,2026-09-01,2026-09,249,1,1,1,1,2,1,1,3,0,0,0.562766,0.562766,0.509631,0.615901,0.571691,ai_unified_email_engine,14,18,low_density,1,1,,,,,,,1,4
R000863,2026-09-01,2026-09,43,1,1,1,1,2,1,0,3,0,0,0.700617,0.700617,0.614766,0.786467,0.551778,ai_unified_email_engine,14,39,high_density,1,1,,,,,,,1,0
R000864,2026-09-01,2026-09,356,1,1,1,1,1,1,1,2,0,0,0.43358,0.43358,0.43358,0.43358,0.515031,ai_unified_email_engine,14,53,high_density,1,1,,,,,,,1,7
R000865,2026-09-01,2026-09,205,1,1,1,1,2,1,1,3,0,0,0.655848,0.655848,0.634815,0.67688,0.697223,ai_unified_email_engine,14,35,medium_density,1,1,,,,,,,1,2
R000866,2026-09-01,2026-09,332,1,1,1,1,2,1,1,3,0,0,0.436826,0.436826,0.404746,0.468906,0,ai_unified_email_engine,14,38,high_density,1,1,,,,,,,1,6
R000867,2026-09-01,2026-09,82,1,1,1,1,2,1,0,3,0,0,0.745155,0.745155,0.736361,0.753948,0.602526,ai_unified_email_engine,14,39,high_density,1,1,,,,,,,1,0
R000868,2026-09-01,2026-09,323,1,1,1,1,2,1,1,3,0,0,0.668996,0.668996,0.606055,0.731936,0.68966,ai_unified_email_engine,14,27,medium_density,1,1,,,,,,,1,6
R000869,2026-09-01,2026-09,247,1,1,1,1,2,1,1,3,1,0.1111,0.821946,0.821946,0.795142,0.84875,0.589767,ai_unified_email_engine,14,19,low_density,1,1,,,,,,,1,4
R000870,2026-09-01,2026-09,84,1,1,1,1,2,1,0,3,0,0,0.829369,0.829369,0.828588,0.83015,0.592807,ai_unified_email_engine,14,53,high_density,1,1,,,,,,,1,0
R000871,2026-09-01,2026-09,365,1,1,1,1,2,1,1,3,0,0,0.640335,0.640335,0.529133,0.751536,0.582946,ai_unified_email_engine,14,56,high_density,1,1,,,,,,,1,8
R000872,2026-09-01,2026-09,188,1,1,1,1,2,1,1,3,0,0,0.549151,0.549151,0.548782,0.549519,0.343589,ai_unified_email_engine,14,72,high_density,1,1,,,,,,0,0,2
R000873,2026-09-01,2026-09,427,1,1,1,1,2,1,1,3,1,0.0588,0.673075,0.673075,0.550696,0.795455,0,ai_unified_email_engine,14,31,medium_density,1,1,,,,,,,1,8
R000874,2026-09-01,2026-09,299,1,1,1,1,2,1,1,3,0,0,0.616373,0.616373,0.49304,0.739705,0.53319,ai_unified_email_engine,14,27,medium_density,1,1,,,,,,,1,5
R000875,2026-09-01,2026-09,327,1,1,1,1,2,1,1,3,0,0,0.809921,0.809921,0.796497,0.823344,0.545308,ai_unified_email_engine,14,56,high_density,1,1,,,,,,,1,6
R000876,2026-09-01,2026-09,286,1,1,1,1,2,1,1,3,0,0,0.576072,0.576072,0.494219,0.657924,0.268494,ai_unified_email_engine,14,35,medium_density,1,1,,,,,,,1,5
R000877,2026-09-01,2026-09,235,1,1,1,1,2,1,1,3,0,0,0.798266,0.798266,0.788445,0.808086,0.342993,ai_unified_email_engine,14,48,high_density,1,1,,,,,,,1,3
R000878,2026-09-01,2026-09,127,1,1,1,1,2,1,0,3,0,0,0.694295,0.694295,0.686049,0.702541,0.56232,ai_unified_email_engine,14,130,high_density,1,1,,,,,,,1,0
R000879,2026-09-01,2026-09,151,1,1,1,1,2,1,0,3,0,0,0.685282,0.685282,0.622206,0.748357,0.550132,ai_unified_email_engine,14,53,high_density,1,1,,,,,,,1,0
R000880,2026-09-01,2026-09,225,1,1,1,1,2,1,1,3,0,0,0.493137,0.493137,0.477804,0.508469,0.327461,ai_unified_email_engine,14,42,high_density,1,1,,,,,,,1,3
R000881,2026-09-01,2026-09,294,1,1,1,1,2,1,1,3,0,0,0.760242,0.760242,0.758649,0.761835,0.377995,ai_unified_email_engine,14,33,medium_density,1,1,,,,,,,1,5
R000882,2026-09-01,2026-09,77,1,1,1,1,2,1,0,3,0,0,0.738072,0.738072,0.723623,0.752521,0.563959,ai_unified_email_engine,14,42,high_density,1,1,,,,,,,1,0
R000883,2026-09-01,2026-09,140,1,1,1,1,2,1,0,3,0,0,0.763594,0.763594,0.719255,0.807932,0.541143,ai_unified_email_engine,14,35,medium_density,1,1,,,,,,,1,0
R000884,2026-09-01,2026-09,197,1,1,1,1,2,1,1,3,0,0,0.81968,0.81968,0.796179,0.843181,0.561142,ai_unified_email_engine,14,69,high_density,1,1,,,,,,,1,2
R000885,2026-09-01,2026-09,241,1,1,1,1,2,1,1,3,0,0,0.751334,0.751334,0.671163,0.831504,0.607694,ai_unified_email_engine,14,39,high_density,1,1,,,,,,,1,4
R000886,2026-09-01,2026-09,309,1,1,1,1,2,1,1,3,0,0,0.730903,0.730903,0.717235,0.744571,0.563356,ai_unified_email_engine,14,56,high_density,1,1,,,,,,,1,6
R000887,2026-09-01,2026-09,295,1,1,1,1,2,1,1,3,2,0.2,0.664571,0.664571,0.611737,0.717405,0.512351,ai_unified_email_engine,14,12,low_density,1,1,,,,,,,1,5
R000888,2026-09-01,2026-09,370,1,1,1,1,2,1,1,3,0,0,0.547327,0.547327,0.480587,0.614066,0,ai_unified_email_engine,14,35,medium_density,1,1,,,,,,,1,8
R000889,2026-09-01,2026-09,317,1,1,1,1,2,1,1,3,0,0,0.663538,0.663538,0.6274,0.699676,0.560215,ai_unified_email_engine,14,53,high_density,1,1,,,,,,,1,6
R000890,2026-09-01,2026-09,244,1,1,1,1,2,1,1,3,0,0,0.704681,0.704681,0.660108,0.749253,0.513548,ai_unified_email_engine,14,30,medium_density,1,1,,,,,,,1,4
R000891,2026-09-01,2026-09,220,1,1,1,1,2,1,1,3,0,0,0.506928,0.506928,0.494676,0.51918,0.607078,ai_unified_email_engine,14,30,medium_density,1,1,,,,,,,1,3
R000892,2026-09-01,2026-09,292,1,1,1,1,2,1,1,3,0,0,0.602966,0.602966,0.599669,0.606262,0.599708,ai_unified_email_engine,14,35,medium_density,1,1,,,,,,,1,5
R000893,2026-09-01,2026-09,300,1,1,1,1,3,1,1,4,1,0.0833,0.642593,0.620655,0.49924,0.807885,0.615178,ai_unified_email_engine,14,7,very_low_density,1,1,,,,,,,1,5
R000894,2026-09-01,2026-09,302,1,1,1,1,2,1,1,3,1,0.0769,0.46554,0.46554,0.336446,0.594633,0,ai_unified_email_engine,14,19,low_density,1,1,,,,,,,1,6
R000895,2026-09-01,2026-09,267,1,1,1,1,2,1,1,3,0,0,0.590307,0.590307,0.566775,0.613838,0.594559,ai_unified_email_engine,14,30,medium_density,1,1,,,,,,1,0,4
R000896,2026-09-01,2026-09,288,1,1,1,1,2,1,1,3,2,0.2,0.249145,0.249145,0.248142,0.250147,0.256628,ai_unified_email_engine,14,6,very_low_density,1,1,,,,,,,1,5
R000897,2026-09-01,2026-09,295,1,1,1,1,2,1,1,3,1,0.0833,0.523694,0.523694,0.496146,0.551243,0.619137,ai_unified_email_engine,14,24,medium_density,1,1,,,,,,,1,6
R000898,2026-09-01,2026-09,413,1,1,1,1,2,1,1,3,0,0,0.554245,0.554245,0.535023,0.573467,0.507168,ai_unified_email_engine,14,35,medium_density,1,1,,,,,,,1,9
R000899,2026-09-01,2026-09,341,1,1,1,1,2,1,1,3,1,0.0667,0.706047,0.706047,0.689317,0.722776,0.588853,ai_unified_email_engine,14,23,low_density,1,1,,,,,,,1,7
R000900,2026-09-01,2026-09,223,1,1,1,1,2,1,1,3,0,0,0.572137,0.572137,0.479905,0.664369,0.378665,ai_unified_email_engine,14,30,medium_density,1,1,,,,,,,1,3
R000901,2026-09-01,2026-09,226,1,1,1,1,2,1,1,3,1,0.1429,0.829498,0.829498,0.814047,0.844949,0.540717,ai_unified_email_engine,14,31,medium_density,1,1,,,,,,,1,3
R000902,2026-09-01,2026-09,245,1,1,1,1,2,1,1,3,0,0,0.538611,0.538611,0.254708,0.822514,0.449227,ai_unified_email_engine,14,42,high_density,1,1,,,,,,5,0,4
R000903,2026-09-01,2026-09,378,1,1,1,1,2,1,1,3,0,0,0.763065,0.763065,0.756899,0.76923,0.527301,ai_unified_email_engine,14,49,high_density,1,1,,,,,,,1,8
R000904,2026-09-01,2026-09,316,1,1,1,1,2,1,1,3,1,0.0769,0.659663,0.659663,0.629328,0.689997,0.527883,ai_unified_email_engine,14,38,high_density,1,1,,,,,,,1,6
R000905,2026-09-01,2026-09,244,1,1,1,1,2,1,1,3,0,0,0.662831,0.662831,0.633937,0.691725,0.223554,ai_unified_email_engine,14,38,high_density,1,1,,,,,,,1,4
R000906,2026-09-01,2026-09,290,1,1,1,1,2,1,1,3,0,0,0.498277,0.498277,0.474295,0.522259,0.602588,ai_unified_email_engine,14,54,high_density,1,1,,,,,,,1,5
R000907,2026-09-01,2026-09,292,1,1,1,1,2,1,1,3,0,0,0.603512,0.603512,0.566612,0.640412,0.266222,ai_unified_email_engine,14,9,very_low_density,1,1,,,,,,,1,5
R000908,2026-09-01,2026-09,264,1,1,1,1,2,1,1,3,0,0,0.577621,0.577621,0.536112,0.61913,0.605634,ai_unified_email_engine,14,53,high_density,1,1,,,,,,,1,3
R000909,2026-09-01,2026-09,44,1,1,1,1,2,1,0,3,0,0,0.525197,0.525197,0.503614,0.546779,0.556391,ai_unified_email_engine,14,34,medium_density,1,1,,,,,,,1,0
R000910,2026-09-01,2026-09,319,1,1,1,1,2,1,1,3,1,0.0769,0.799938,0.799938,0.798281,0.801594,0.571093,ai_unified_email_engine,14,23,low_density,1,1,,,,,,,1,6
R000911,2026-09-01,2026-09,118,1,1,1,1,2,1,0,3,0,0,0.691032,0.691032,0.576881,0.805183,0,ai_unified_email_engine,14,22,low_density,1,1,,,,,,,1,0
R000912,2026-09-01,2026-09,84,1,1,1,1,2,1,0,3,0,0,0.554323,0.554323,0.543892,0.564753,0.326813,ai_unified_email_engine,14,24,medium_density,1,1,,,,,,0,0,0
R000913,2026-09-01,2026-09,331,1,1,1,1,2,1,1,3,0,0,0.679955,0.679955,0.670594,0.689316,0.575683,ai_unified_email_engine,14,72,high_density,1,1,,,,,,,1,6
R000914,2026-09-01,2026-09,188,1,1,1,1,2,1,1,3,0,0,0.556793,0.556793,0.545089,0.568496,0.571484,ai_unified_email_engine,14,35,medium_density,1,1,,,,,,0,0,2
R000915,2026-09-01,2026-09,166,1,1,1,1,2,1,1,3,0,0,0.801314,0.801314,0.782979,0.819649,0.571628,ai_unified_email_engine,14,130,high_density,1,1,,,,,,,1,1
R000916,2026-09-01,2026-09,329,1,1,1,1,2,1,1,3,0,0,0.814081,0.814081,0.80193,0.826231,0.543736,ai_unified_email_engine,14,39,high_density,1,1,,,,,,,1,6
R000917,2026-09-01,2026-09,325,1,1,1,1,2,1,1,3,0,0,0.760505,0.760505,0.682776,0.838234,0,ai_unified_email_engine,14,53,high_density,1,1,,,,,,,1,6
R000918,2026-09-01,2026-09,224,1,1,1,1,2,1,1,3,0,0,0.836366,0.836366,0.822002,0.850729,0.598499,ai_unified_email_engine,14,54,high_density,1,1,,,,,,,1,3
R000919,2026-09-01,2026-09,238,1,1,1,1,2,1,1,3,1,0.1429,0.664288,0.664288,0.574983,0.753593,0.577591,ai_unified_email_engine,14,56,high_density,1,1,,,,,,,1,3
R000920,2026-09-01,2026-09,217,1,1,1,1,1,1,1,2,0,0,0.468385,0.468385,0.468385,0.468385,0.19561,ai_unified_email_engine,14,5,very_low_density,1,1,,,,,,,1,3
R000921,2026-09-01,2026-09,302,1,1,1,1,1,1,1,2,0,0,0.840838,0.840838,0.840838,0.840838,0.532495,ai_unified_email_engine,14,23,low_density,1,1,,,,,,,1,6
R000922,2026-09-01,2026-09,324,1,1,1,1,2,1,1,3,0,0,0.477655,0.477655,0.411328,0.543981,0.544678,ai_unified_email_engine,14,38,high_density,1,1,,,,,,,1,2
R000923,2026-09-01,2026-09,244,1,1,1,1,2,1,1,3,2,0.25,0.43234,0.43234,0.361309,0.50337,0.621627,ai_unified_email_engine,14,11,low_density,1,1,,,,,,,1,4
R000924,2026-09-01,2026-09,255,1,1,1,1,2,1,1,3,2,0.25,0.540301,0.540301,0.528697,0.551905,0.519142,ai_unified_email_engine,14,9,very_low_density,1,1,,,,,,,1,4
R000925,2026-09-01,2026-09,305,1,1,1,1,2,1,1,3,0,0,0.610306,0.610306,0.567203,0.653409,0,ai_unified_email_engine,14,39,high_density,1,1,,,,,,,1,5
R000926,2026-09-01,2026-09,457,1,1,1,1,2,1,1,3,1,0.0455,0.617202,0.617202,0.592708,0.641695,0.359437,ai_unified_email_engine,14,30,medium_density,1,1,,,,,,,1,11
R000927,2026-09-01,2026-09,277,1,1,1,1,2,1,1,3,0,0,0.508189,0.508189,0.494169,0.52221,0.300159,ai_unified_email_engine,14,27,medium_density,1,1,,,,,,,1,5
R000928,2026-09-01,2026-09,141,1,1,1,1,2,1,0,3,0,0,0.577917,0.577917,0.54411,0.611724,0.525241,ai_unified_email_engine,14,24,medium_density,1,1,,,,,,,1,0
R000929,2026-09-01,2026-09,348,1,1,1,1,2,1,1,3,0,0,0.691143,0.691143,0.613076,0.76921,0,ai_unified_email_engine,14,39,high_density,1,1,,,,,,,1,5
R000930,2026-09-01,2026-09,265,1,1,1,1,2,1,1,3,1,0.1111,0.777861,0.777861,0.776559,0.779163,0.186953,ai_unified_email_engine,14,13,low_density,1,1,,,,,,,1,4
R000931,2026-09-01,2026-09,284,1,1,1,1,2,1,1,3,2,0.25,0.514575,0.514575,0.494701,0.53445,0.59434,ai_unified_email_engine,14,6,very_low_density,1,1,,,,,,,1,4
R000932,2026-09-01,2026-09,223,1,1,1,1,2,1,1,3,0,0,0.770155,0.770155,0.744854,0.795455,0,ai_unified_email_engine,14,30,medium_density,1,1,,,,,,,1,3
R000933,2026-09-01,2026-09,211,1,1,1,1,2,1,1,3,0,0,0.438247,0.438247,0.358976,0.517518,0.572692,ai_unified_email_engine,14,25,medium_density,1,1,,,,,,,1,3
R000934,2026-09-01,2026-09,130,1,1,1,1,2,1,0,3,0,0,0.482467,0.482467,0.459759,0.505176,0.558772,ai_unified_email_engine,14,12,low_density,1,1,,,,,,,1,0
R000935,2026-09-01,2026-09,270,1,1,1,1,2,1,1,3,2,0.2,0.604166,0.604166,0.598919,0.609413,0.470593,ai_unified_email_engine,14,8,very_low_density,1,1,,,,,,,1,5
R000936,2026-09-01,2026-09,304,1,1,1,1,2,1,1,3,0,0,0.585419,0.585419,0.573281,0.597557,0.584192,ai_unified_email_engine,14,49,high_density,1,1,,,,,,,1,6
R000937,2026-09-01,2026-09,238,1,1,1,1,2,1,1,3,2,0.25,0.300417,0.300417,0.27801,0.322824,0.297657,ai_unified_email_engine,14,24,medium_density,1,1,,,,,,,1,4
R000938,2026-09-01,2026-09,254,1,1,1,1,2,1,1,3,1,0.1111,0.766466,0.766466,0.761169,0.771762,0.572777,ai_unified_email_engine,14,9,very_low_density,1,1,,,,,,,1,4
R000939,2026-09-01,2026-09,216,1,1,1,1,2,1,1,3,0,0,0.533796,0.533796,0.47644,0.591152,0.418646,ai_unified_email_engine,14,34,medium_density,1,1,,,,,,,1,3
R000940,2026-09-01,2026-09,252,1,1,1,1,3,1,1,4,0,0,0.52159,0.540582,0.384746,0.639443,0.607564,ai_unified_email_engine,14,22,low_density,1,1,,,,,,,1,4
R000941,2026-09-01,2026-09,310,1,1,1,1,2,1,1,3,0,0,0.656992,0.656992,0.543571,0.770412,0.321712,ai_unified_email_engine,14,24,medium_density,1,1,,,,,,,1,7
R000942,2026-09-01,2026-09,382,1,1,1,1,2,1,1,3,1,0.0588,0.607592,0.607592,0.454545,0.760639,0.296804,ai_unified_email_engine,14,98,high_density,1,1,,,,,,,1,8
R000943,2026-09-01,2026-09,341,1,1,1,1,2,1,1,3,0,0,0.543392,0.543392,0.522259,0.564525,0.634199,ai_unified_email_engine,14,54,high_density,1,1,,,,,,,1,7
R000944,2026-09-01,2026-09,317,1,1,1,1,2,1,1,3,1,0.0769,0.593982,0.593982,0.517859,0.670105,0.553236,ai_unified_email_engine,14,23,low_density,1,1,,,,,,,1,6
R000945,2026-09-01,2026-09,339,1,1,1,1,2,1,1,3,0,0,0.82927,0.82927,0.816719,0.84182,0.590528,ai_unified_email_engine,14,42,high_density,1,1,,,,,,,1,7
R000946,2026-09-01,2026-09,105,1,1,1,1,2,1,0,3,0,0,0.726281,0.726281,0.723383,0.729179,0.558024,ai_unified_email_engine,14,28,medium_density,1,1,,,,,,,1,0
R000947,2026-09-01,2026-09,376,1,1,1,1,2,1,1,3,0,0,0.81427,0.81427,0.796923,0.831616,0,ai_unified_email_engine,14,72,high_density,1,1,,,,,,,1,4
R000948,2026-09-01,2026-09,312,1,1,1,1,2,1,1,3,0,0,0.76719,0.76719,0.759147,0.775232,0.578119,ai_unified_email_engine,14,130,high_density,1,1,,,,,,,1,6
R000949,2026-09-01,2026-09,63,1,1,1,1,2,1,0,3,0,0,0.565468,0.565468,0.504957,0.625979,0.610073,ai_unified_email_engine,14,31,medium_density,1,1,,,,,,,1,0
R000950,2026-09-01,2026-09,340,1,1,1,1,2,1,1,3,1,0.0667,0.608501,0.608501,0.592682,0.624319,0.153117,ai_unified_email_engine,14,42,high_density,1,1,,,,,,,1,7
R000951,2026-09-01,2026-09,344,1,1,1,1,2,1,1,3,0,0,0.828399,0.828399,0.821832,0.834965,0.57224,ai_unified_email_engine,14,56,high_density,1,1,,,,,,,1,7
R000952,2026-09-01,2026-09,354,1,1,1,1,2,1,1,3,1,0.0667,0.668145,0.668145,0.662348,0.673942,0,ai_unified_email_engine,14,98,high_density,1,1,,,,,,,1,7
R000953,2026-09-01,2026-09,322,1,1,1,1,2,1,1,3,0,0,0.727582,0.727582,0.725529,0.729634,0.505694,ai_unified_email_engine,14,53,high_density,1,1,,,,,,,1,6
R000954,2026-09-01,2026-09,211,1,1,1,1,2,1,1,3,0,0,0.684231,0.684231,0.587596,0.780865,0.406414,ai_unified_email_engine,14,49,high_density,1,1,,,,,,,1,3
R000955,2026-09-01,2026-09,190,1,1,1,1,2,1,1,3,0,0,0.4921,0.4921,0.413909,0.570291,0.534461,ai_unified_email_engine,14,13,low_density,1,1,,,,,,,1,1
R000956,2026-09-01,2026-09,323,1,1,1,1,2,1,1,3,1,0.0833,0.68254,0.68254,0.520619,0.84446,0.58913,ai_unified_email_engine,14,14,low_density,1,1,,,,,,0,0,6
R000957,2026-09-01,2026-09,382,1,1,1,1,2,1,1,3,0,0,0.689475,0.689475,0.576766,0.802184,0.59001,ai_unified_email_engine,14,39,high_density,1,1,,,,,,,1,8
R000958,2026-09-01,2026-09,186,1,1,1,1,3,1,1,4,0,0,0.45961,0.461722,0.403059,0.514049,0,ai_unified_email_engine,14,7,very_low_density,1,1,,,,,,,1,2
R000959,2026-09-01,2026-09,313,1,1,1,1,2,1,1,3,1,0.0769,0.778548,0.778548,0.699325,0.85777,0.679425,ai_unified_email_engine,14,23,low_density,1,1,,,,,,,1,6
R000960,2026-09-01,2026-09,229,1,1,1,1,2,1,1,3,0,0,0.839995,0.839995,0.835713,0.844276,0.522602,ai_unified_email_engine,14,42,high_density,1,1,,,,,,,1,3
R000961,2026-09-01,2026-09,340,1,1,1,1,2,1,1,3,2,0.1429,0.799941,0.799941,0.797814,0.802067,0.515216,ai_unified_email_engine,14,42,high_density,1,1,,,,,,,1,7
R000962,2026-09-01,2026-09,341,1,1,1,1,2,1,1,3,0,0,0.528222,0.528222,0.417856,0.638587,0,ai_unified_email_engine,14,39,high_density,1,1,,,,,,,1,6
R000963,2026-09-01,2026-09,61,1,1,1,1,3,1,0,4,0,0,0.689664,0.687528,0.660461,0.721003,0.574062,ai_unified_email_engine,14,28,medium_density,1,1,,,,,,,1,0
R000964,2026-09-01,2026-09,299,1,1,1,1,2,1,1,3,0,0,0.479453,0.479453,0.417856,0.54105,0,ai_unified_email_engine,14,39,high_density,1,1,,,,,,0,0,5
R000965,2026-09-01,2026-09,134,1,1,1,1,2,1,0,3,0,0,0.781426,0.781426,0.744005,0.818847,0.52306,ai_unified_email_engine,14,26,medium_density,1,1,,,,,,0,0,0
R000966,2026-09-01,2026-09,201,1,1,1,1,2,1,1,3,0,0,0.767376,0.767376,0.744407,0.790344,0.343436,ai_unified_email_engine,14,15,low_density,1,1,,,,,,,1,2
R000967,2026-09-01,2026-09,384,1,1,1,1,2,1,1,3,1,0.0588,0.650756,0.650756,0.539893,0.761618,0,ai_unified_email_engine,14,39,high_density,1,1,,,,,,,1,8
R000968,2026-09-01,2026-09,225,1,1,1,1,2,1,1,3,0,0,0.661861,0.661861,0.569662,0.75406,0,ai_unified_email_engine,14,33,medium_density,1,1,,,,,,,1,3
R000969,2026-09-01,2026-09,226,1,1,1,1,2,1,1,3,0,0,0.371173,0.371173,0.279949,0.462397,0.57103,ai_unified_email_engine,14,42,high_density,1,1,,,,,,0,0,3
R000970,2026-09-01,2026-09,158,1,1,1,1,2,1,1,3,0,0,0.698952,0.698952,0.642886,0.755018,0.597128,ai_unified_email_engine,14,38,high_density,1,1,,,,,,,1,1
R000971,2026-09-01,2026-09,338,1,1,1,1,2,1,1,3,0,0,0.791192,0.791192,0.789369,0.793014,0.535993,ai_unified_email_engine,14,54,high_density,1,1,,,,,,,1,7
R000972,2026-09-01,2026-09,289,1,1,1,1,2,1,1,3,1,0.1,0.306478,0.306478,0.250147,0.362808,0.463283,ai_unified_email_engine,14,6,very_low_density,1,1,,,,,,,1,5
R000973,2026-09-01,2026-09,328,1,1,1,1,2,1,1,3,0,0,0.736372,0.736372,0.677109,0.795635,0.617597,ai_unified_email_engine,14,69,high_density,1,1,,,,,,0,0,6
R000974,2026-09-01,2026-09,114,1,1,1,1,2,1,0,3,0,0,0.450621,0.450621,0.40612,0.495122,0.5063,ai_unified_email_engine,14,39,high_density,1,1,,,,,,,1,0
R000975,2026-09-01,2026-09,435,1,1,1,1,2,1,1,3,0,0,0.585782,0.585782,0.577702,0.593861,0.606554,ai_unified_email_engine,14,53,high_density,1,1,,,,,,,1,10
R000976,2026-09-01,2026-09,297,1,1,1,1,2,1,1,3,1,0.0909,0.808473,0.808473,0.797223,0.819723,0.573421,ai_unified_email_engine,14,98,high_density,1,1,,,,,,,1,5
R000977,2026-09-01,2026-09,405,1,1,1,1,2,1,1,3,0,0,0.797394,0.797394,0.783326,0.811462,0.582562,ai_unified_email_engine,14,53,high_density,1,1,,,,,,,1,9
R000978,2026-09-01,2026-09,106,1,1,1,1,2,1,0,3,0,0,0.60296,0.60296,0.602707,0.603213,0.554111,ai_unified_email_engine,14,30,medium_density,1,1,,,,,,,1,0
R000979,2026-09-01,2026-09,269,1,1,1,1,2,1,1,3,2,0.25,0.791504,0.791504,0.738257,0.844751,0.588548,ai_unified_email_engine,14,34,medium_density,1,1,,,,,,5,0,4
R000980,2026-09-01,2026-09,347,1,1,1,1,2,1,1,3,0,0,0.640789,0.640789,0.591108,0.690469,0,ai_unified_email_engine,14,49,high_density,1,1,,,,,,,1,3
R000981,2026-09-01,2026-09,243,1,1,1,1,2,1,1,3,2,0.25,0.716418,0.716418,0.622883,0.809953,0.602826,ai_unified_email_engine,14,11,low_density,1,1,,,,,,,1,4
R000982,2026-09-01,2026-09,194,1,1,1,1,2,1,1,3,0,0,0.53148,0.53148,0.506692,0.556268,0.518613,ai_unified_email_engine,14,56,high_density,1,1,,,,,,,1,2
R000983,2026-09-01,2026-09,301,1,1,1,1,2,1,1,3,1,0.0769,0.71311,0.71311,0.693937,0.732283,0.608333,ai_unified_email_engine,14,56,high_density,1,1,,,,,,,1,6
R000984,2026-09-01,2026-09,84,1,1,1,1,2,1,0,3,0,0,0.696825,0.696825,0.5788,0.814849,0.568682,ai_unified_email_engine,14,22,low_density,1,1,,,,,,,1,0
R000985,2026-09-01,2026-09,384,1,1,1,1,2,1,1,3,0,0,0.816892,0.816892,0.807552,0.826231,0.585302,ai_unified_email_engine,14,39,high_density,1,1,,,,,,,1,8
R000986,2026-09-01,2026-09,321,1,1,1,1,2,1,1,3,1,0.0769,0.551058,0.551058,0.541679,0.560436,0.609924,ai_unified_email_engine,14,26,medium_density,1,1,,,,,,,1,6
R000987,2026-09-01,2026-09,9,1,1,1,1,2,1,0,3,0,0,0.600129,0.600129,0.599621,0.600636,0.149237,ai_unified_email_engine,14,53,high_density,1,1,,,,,,,1,0
R000988,2026-09-01,2026-09,255,1,1,1,1,2,1,1,3,0,0,0.467933,0.467933,0.439099,0.496766,0,ai_unified_email_engine,14,9,very_low_density,1,1,,,,,,,1,4
R000989,2026-09-01,2026-09,353,1,1,1,1,2,1,1,3,1,0.0909,0.7861,0.7861,0.776744,0.795455,0,ai_unified_email_engine,14,98,high_density,1,1,,,,,,,1,5
R000990,2026-09-01,2026-09,247,1,1,1,1,2,1,1,3,0,0,0.710311,0.710311,0.581084,0.839538,0.507292,ai_unified_email_engine,14,130,high_density,1,1,,,,,,,1,4
R000991,2026-09-01,2026-09,356,1,1,1,1,2,1,1,3,0,0,0.508734,0.508734,0.413492,0.603976,0.606185,ai_unified_email_engine,14,45,high_density,1,1,,,,,,,1,7
R000992,2026-09-01,2026-09,106,1,1,1,1,2,1,0,3,0,0,0.58863,0.58863,0.561699,0.615561,0.555621,ai_unified_email_engine,14,130,high_density,1,1,,,,,,,1,0
R000993,2026-09-01,2026-09,271,1,1,1,1,2,1,1,3,1,0.0909,0.532917,0.532917,0.497652,0.568182,0,ai_unified_email_engine,14,22,low_density,1,1,,,,,,,1,5
R000994,2026-09-01,2026-09,316,1,1,1,1,2,1,1,3,1,0.0769,0.696187,0.696187,0.644281,0.748093,0.511046,ai_unified_email_engine,14,27,medium_density,1,1,,,,,,0,0,6
R000995,2026-09-01,2026-09,102,1,1,1,1,2,1,0,3,0,0,0.440691,0.440691,0.331404,0.549978,0.481528,ai_unified_email_engine,14,53,high_density,1,1,,,,,,,1,0
R000996,2026-09-01,2026-09,176,1,1,1,1,2,1,1,3,0,0,0.784072,0.784072,0.781354,0.78679,0.599463,ai_unified_email_engine,14,35,medium_density,1,1,,,,,,7,0,1
R000997,2026-09-01,2026-09,182,1,1,1,1,2,1,1,3,0,0,0.709716,0.709716,0.67688,0.742552,0.674627,ai_unified_email_engine,14,35,medium_density,1,1,,,,,,,1,1
R000998,2026-09-01,2026-09,189,1,1,1,1,2,1,1,3,1,0.2,0.779601,0.779601,0.778436,0.780766,0.243008,ai_unified_email_engine,14,69,high_density,1,1,,,,,,,1,2
R000999,2026-09-01,2026-09,323,1,1,1,1,2,1,1,3,0,0,0.637133,0.637133,0.536494,0.737772,0.580262,ai_unified_email_engine,14,25,medium_density,1,1,,,,,,,1,6
R001000,2026-09-01,2026-09,234,1,1,1,1,2,1,1,3,0,0,0.836463,0.836463,0.834661,0.838265,0.536487,ai_unified_email_engine,14,56,high_density,1,1,,,,,,,1,3
R001001,2026-09-01,2026-09,218,1,1,1,1,2,1,1,3,1,0.1429,0.758601,0.758601,0.755239,0.761962,0.61849,ai_unified_email_engine,14,11,low_density,1,1,,,,,,,1,3
R001002,2026-09-01,2026-09,244,1,1,1,1,3,1,1,4,0,0,0.460647,0.46286,0.454474,0.464607,0.3722,ai_unified_email_engine,14,13,low_density,1,1,,,,,,,1,4
R001003,2026-09-01,2026-09,238,1,1,1,1,2,1,1,3,0,0,0.755335,0.755335,0.755222,0.755449,0.252151,ai_unified_email_engine,14,69,high_density,1,1,,,,,,,1,3
R001004,2026-09-01,2026-09,298,1,1,1,1,2,1,1,3,1,0.2,0.736506,0.736506,0.705439,0.767573,0,ai_unified_email_engine,14,17,low_density,1,1,,,,,,,1,2
R001005,2026-09-01,2026-09,84,1,1,1,1,2,1,0,3,0,0,0.580397,0.580397,0.577244,0.583549,0.459774,ai_unified_email_engine,14,28,medium_density,1,1,,,,,,,1,0
R001006,2026-09-01,2026-09,197,1,1,1,1,2,1,1,3,0,0,0.787861,0.787861,0.729634,0.846088,0.561939,ai_unified_email_engine,14,53,high_density,1,1,,,,,,,1,2
R001007,2026-09-01,2026-09,187,1,1,1,1,2,1,1,3,0,0,0.786831,0.786831,0.77673,0.796931,0.542523,ai_unified_email_engine,14,25,medium_density,1,1,,,,,,,1,2
R001008,2026-09-01,2026-09,290,1,1,1,1,2,1,1,3,1,0.0909,0.641863,0.641863,0.599054,0.684672,0.057093,ai_unified_email_engine,14,69,high_density,1,1,,,,,,,1,5
R001009,2026-09-01,2026-09,322,1,1,1,1,2,1,1,3,0,0,0.825503,0.825503,0.824231,0.826775,0.574885,ai_unified_email_engine,14,130,high_density,1,1,,,,,,,1,6
R001010,2026-09-01,2026-09,353,1,1,1,1,2,1,1,3,0,0,0.823555,0.823555,0.807697,0.839413,0.591517,ai_unified_email_engine,14,39,high_density,1,1,,,,,,,1,4
R001011,2026-09-01,2026-09,185,1,1,1,1,2,1,1,3,0,0,0.638133,0.638133,0.620016,0.65625,0,ai_unified_email_engine,14,72,high_density,1,1,,,,,,,1,2
R001012,2026-09-01,2026-09,214,1,1,1,1,2,1,1,3,0,0,0.519403,0.519403,0.516333,0.522472,0.574273,ai_unified_email_engine,14,24,medium_density,1,1,,,,,,,1,2
R001013,2026-09-01,2026-09,277,1,1,1,1,2,1,1,3,2,0.2,0.383323,0.383323,0.277394,0.489252,0.578066,ai_unified_email_engine,14,10,low_density,1,1,,,,,,,1,5
R001014,2026-09-01,2026-09,248,1,1,1,1,2,1,1,3,0,0,0.812231,0.812231,0.793888,0.830574,0,ai_unified_email_engine,14,26,medium_density,1,1,,,,,,,1,4
R001015,2026-09-01,2026-09,339,1,1,1,1,2,1,1,3,0,0,0.528716,0.528716,0.49046,0.566971,0.527464,ai_unified_email_engine,14,69,high_density,1,1,,,,,,,1,7
R001016,2026-09-01,2026-09,337,1,1,1,1,2,1,1,3,0,0,0.685968,0.685968,0.648321,0.723614,0.525604,ai_unified_email_engine,14,42,high_density,1,1,,,,,,,1,7
R001017,2026-09-01,2026-09,210,1,1,1,1,2,1,1,3,0,0,0.749674,0.749674,0.717347,0.782,0.542942,ai_unified_email_engine,14,31,medium_density,1,1,,,,,,,1,2
R001018,2026-09-01,2026-09,271,1,1,1,1,2,1,1,3,0,0,0.543395,0.543395,0.475214,0.611575,0,ai_unified_email_engine,14,24,medium_density,1,1,,,,,,,1,4
R001019,2026-09-01,2026-09,217,1,1,1,1,2,1,1,3,2,0.5,0.530911,0.530911,0.493626,0.568196,0.541974,ai_unified_email_engine,14,8,very_low_density,1,1,,,,,,,1,2
R001020,2026-09-01,2026-09,336,1,1,1,1,2,1,1,3,1,0.0667,0.668855,0.668855,0.517767,0.819943,0.281705,ai_unified_email_engine,14,42,high_density,1,1,,,,,,,1,7
R001021,2026-09-01,2026-09,86,1,1,1,1,2,1,0,3,0,0,0.789961,0.789961,0.779197,0.800724,0.752388,ai_unified_email_engine,14,22,low_density,1,1,,,,,,5,0,0
R001022,2026-09-01,2026-09,236,1,1,1,1,2,1,1,3,0,0,0.624541,0.624541,0.610066,0.639016,0.598146,ai_unified_email_engine,14,56,high_density,1,1,,,,,,,1,3
R001023,2026-09-01,2026-09,177,1,1,1,1,2,1,1,3,0,0,0.613832,0.613832,0.611844,0.61582,0.535628,ai_unified_email_engine,14,48,high_density,1,1,,,,,,,1,1
R001024,2026-09-01,2026-09,197,1,1,1,1,2,1,1,3,0,0,0.793596,0.793596,0.769271,0.81792,0.56171,ai_unified_email_engine,14,42,high_density,1,1,,,,,,,1,2
R001025,2026-09-01,2026-09,341,1,1,1,1,2,1,1,3,1,0.0769,0.586547,0.586547,0.542999,0.630094,0,ai_unified_email_engine,14,38,high_density,1,1,,,,,,,1,6
R001026,2026-09-01,2026-09,253,1,1,1,1,2,1,1,3,0,0,0.568182,0.568182,0.568182,0.568182,0,ai_unified_email_engine,14,48,high_density,1,1,,,,,,,1,3
R001027,2026-09-01,2026-09,246,1,1,1,1,2,1,1,3,0,0,0.554631,0.554631,0.502679,0.606583,0,ai_unified_email_engine,14,130,high_density,1,1,,,,,,,1,4
R001028,2026-09-01,2026-09,161,1,1,1,1,2,1,1,3,0,0,0.698445,0.698445,0.616191,0.780698,0.565299,ai_unified_email_engine,14,35,medium_density,1,1,,,,,,,1,1
R001029,2026-09-01,2026-09,296,1,1,1,1,2,1,1,3,1,0.0909,0.604884,0.604884,0.492363,0.717405,0.52674,ai_unified_email_engine,14,12,low_density,1,1,,,,,,,1,5
R001030,2026-09-01,2026-09,187,1,1,1,1,2,1,1,3,0,0,0.672862,0.672862,0.596513,0.749212,0,ai_unified_email_engine,14,54,high_density,1,1,,,,,,,1,2
R001031,2026-09-01,2026-09,236,1,1,1,1,2,1,1,3,1,0.1429,0.538397,0.538397,0.431235,0.645558,0.564983,ai_unified_email_engine,14,35,medium_density,1,1,,,,,,,1,3
R001032,2026-09-01,2026-09,132,1,1,1,1,2,1,0,3,0,0,0.521975,0.521975,0.48549,0.558461,0.27346,ai_unified_email_engine,14,53,high_density,1,1,,,,,,,1,0
R001033,2026-09-01,2026-09,52,1,1,1,1,2,1,0,3,0,0,0.520869,0.520869,0.361065,0.680673,0,ai_unified_email_engine,14,33,medium_density,1,1,,,,,,6,0,0
R001034,2026-09-01,2026-09,235,1,1,1,1,2,1,1,3,0,0,0.510374,0.510374,0.496974,0.523773,0.636205,ai_unified_email_engine,14,20,low_density,1,1,,,,,,,1,3
R001035,2026-09-01,2026-09,63,1,1,1,1,2,1,0,3,0,0,0.728211,0.728211,0.70858,0.747841,0.57775,ai_unified_email_engine,14,31,medium_density,1,1,,,,,,,1,0
R001036,2026-09-01,2026-09,194,1,1,1,1,2,1,1,3,0,0,0.671285,0.671285,0.556798,0.785772,0.580868,ai_unified_email_engine,14,13,low_density,1,1,,,,,,,1,2
R001037,2026-09-01,2026-09,309,1,1,1,1,2,1,1,3,1,0.0769,0.589762,0.589762,0.587588,0.591935,0.514355,ai_unified_email_engine,14,13,low_density,1,1,,,,,,,1,6
R001038,2026-09-01,2026-09,323,1,1,1,1,2,1,1,3,0,0,0.458396,0.458396,0.387471,0.529321,0.41266,ai_unified_email_engine,14,38,high_density,1,1,,,,,,0,0,5
R001039,2026-09-01,2026-09,170,1,1,1,1,2,1,1,3,1,0.3333,0.706598,0.706598,0.673013,0.740184,0.612238,ai_unified_email_engine,14,38,high_density,1,1,,,,,,,1,1
R001040,2026-09-01,2026-09,70,1,1,1,1,2,1,0,3,0,0,0.387963,0.387963,0.274457,0.501469,0.552096,ai_unified_email_engine,14,56,high_density,1,1,,,,,,,1,0
R001041,2026-09-01,2026-09,275,1,1,1,1,1,1,1,2,0,0,0.621268,0.621268,0.621268,0.621268,0.622873,ai_unified_email_engine,14,11,low_density,1,1,,,,,,,1,5
R001042,2026-09-01,2026-09,378,1,1,1,1,2,1,0,3,0,0,0.536909,0.536909,0.533875,0.539944,0,ai_unified_email_engine,14,130,high_density,1,1,,,,,,,1,0
R001043,2026-09-01,2026-09,386,1,1,1,1,2,1,1,3,0,0,0.828159,0.828159,0.827341,0.828978,0.573581,ai_unified_email_engine,14,98,high_density,1,1,,,,,,,1,8
R001044,2026-09-01,2026-09,210,1,1,1,1,2,1,1,3,0,0,0.734335,0.734335,0.682413,0.786256,0.355729,ai_unified_email_engine,14,69,high_density,1,1,,,,,,,1,2
R001045,2026-09-01,2026-09,251,1,1,1,1,1,1,1,2,0,0,0.533781,0.533781,0.533781,0.533781,0.576622,ai_unified_email_engine,14,11,low_density,1,1,,,,,,,1,4
R001046,2026-09-01,2026-09,246,1,1,1,1,2,1,1,3,1,0.1111,0.559373,0.559373,0.448867,0.669878,0.564441,ai_unified_email_engine,14,42,high_density,1,1,,,,,,,1,4
R001047,2026-09-01,2026-09,247,1,1,1,1,2,1,1,3,0,0,0.67124,0.67124,0.556013,0.786467,0.538304,ai_unified_email_engine,14,39,high_density,1,1,,,,,,,1,4
R001048,2026-09-01,2026-09,426,1,1,1,1,2,1,1,3,1,0.0526,0.797719,0.797719,0.786026,0.809412,0.579754,ai_unified_email_engine,14,53,high_density,1,1,,,,,,,1,9
R001049,2026-09-01,2026-09,202,1,1,1,1,2,1,1,3,0,0,0.674915,0.674915,0.639982,0.709847,0.361649,ai_unified_email_engine,14,39,high_density,1,1,,,,,,,1,2
R001050,2026-09-01,2026-09,213,1,1,1,1,2,1,1,3,0,0,0.592313,0.592313,0.492185,0.69244,0.587108,ai_unified_email_engine,14,56,high_density,1,1,,,,,,,1,3
R001051,2026-09-01,2026-09,333,1,1,1,1,2,1,1,3,0,0,0.766061,0.766061,0.685846,0.846275,0.249008,ai_unified_email_engine,14,49,high_density,1,1,,,,,,,1,7
R001052,2026-09-01,2026-09,69,1,1,1,1,2,1,0,3,0,0,0.832306,0.832306,0.829948,0.834664,0.559058,ai_unified_email_engine,14,24,medium_density,1,1,,,,,,,1,0
R001053,2026-09-01,2026-09,329,1,1,1,1,2,1,1,3,0,0,0.679646,0.679646,0.670153,0.689139,0.521624,ai_unified_email_engine,14,22,low_density,1,1,,,,,,,1,6
R001054,2026-09-01,2026-09,271,1,1,1,1,2,1,1,3,1,0.0909,0.671076,0.671076,0.599278,0.742874,0.573197,ai_unified_email_engine,14,35,medium_density,1,1,,,,,,2,0,5
R001055,2026-09-01,2026-09,300,1,1,1,1,3,1,1,4,1,0.0833,0.429656,0.390442,0.384878,0.513649,0.567431,ai_unified_email_engine,14,19,low_density,1,1,,,,,,,1,5
R001056,2026-09-01,2026-09,368,1,1,1,1,2,1,1,3,0,0,0.780827,0.780827,0.779941,0.781712,0.564369,ai_unified_email_engine,14,90,high_density,1,1,,,,,,,1,8
R001057,2026-09-01,2026-09,480,1,1,1,1,2,1,1,3,1,0.0769,0.728518,0.728518,0.694256,0.76278,0.507378,ai_unified_email_engine,14,31,medium_density,1,1,,,,,,,1,6
R001058,2026-09-01,2026-09,188,1,1,1,1,2,1,1,3,0,0,0.679388,0.679388,0.591199,0.767576,0.272381,ai_unified_email_engine,14,24,medium_density,1,1,,,,,,,1,2
R001059,2026-09-01,2026-09,285,1,1,1,1,2,1,1,3,2,0.2,0.688936,0.688936,0.570526,0.807346,0.502173,ai_unified_email_engine,14,11,low_density,1,1,,,,,,,1,5
R001060,2026-09-01,2026-09,300,1,1,1,1,2,1,1,3,0,0,0.66565,0.66565,0.615796,0.715503,0.575042,ai_unified_email_engine,14,130,high_density,1,1,,,,,,,1,5
R001061,2026-09-01,2026-09,310,1,1,1,1,2,1,1,3,3,0.2308,0.781267,0.781267,0.778859,0.783674,0.55588,ai_unified_email_engine,14,24,medium_density,1,1,,,,,,,1,7
R001062,2026-09-01,2026-09,301,1,1,1,1,2,1,1,3,1,0.0909,0.759117,0.759117,0.748962,0.769271,0.598072,ai_unified_email_engine,14,42,high_density,1,1,,,,,,,1,6
R001063,2026-09-01,2026-09,344,1,1,1,1,2,1,1,3,1,0.0667,0.77809,0.77809,0.74303,0.813149,0.583085,ai_unified_email_engine,14,24,medium_density,1,1,,,,,,,1,7
R001064,2026-09-01,2026-09,265,1,1,1,1,2,1,1,3,0,0,0.74084,0.74084,0.712576,0.769104,0.533369,ai_unified_email_engine,14,42,high_density,1,1,,,,,,,1,4
R001065,2026-09-01,2026-09,196,1,1,1,1,2,1,1,3,0,0,0.729204,0.729204,0.614713,0.843695,0.555992,ai_unified_email_engine,14,90,high_density,1,1,,,,,,,1,2
R001066,2026-09-01,2026-09,230,1,1,1,1,2,1,1,3,0,0,0.595441,0.595441,0.50531,0.685572,0.604621,ai_unified_email_engine,14,23,low_density,1,1,,,,,,,1,3
R001067,2026-09-01,2026-09,214,1,1,1,1,2,1,1,3,0,0,0.713676,0.713676,0.60446,0.822892,0.535432,ai_unified_email_engine,14,98,high_density,1,1,,,,,,,1,3
R001068,2026-09-01,2026-09,235,1,1,1,1,2,1,1,3,0,0,0.769459,0.769459,0.757954,0.780964,0.524096,ai_unified_email_engine,14,35,medium_density,1,1,,,,,,,1,4
R001069,2026-09-01,2026-09,389,1,1,1,1,2,1,1,3,0,0,0.803981,0.803981,0.781396,0.826565,0.558268,ai_unified_email_engine,14,56,high_density,1,1,,,,,,,1,8
R001070,2026-09-01,2026-09,287,1,1,1,1,2,1,1,3,1,0.0909,0.573456,0.573456,0.52632,0.620591,0.610768,ai_unified_email_engine,14,10,low_density,1,1,,,,,,7,0,5
R001071,2026-09-01,2026-09,357,1,1,1,1,2,1,1,3,1,0.0667,0.837802,0.837802,0.8332,0.842403,0.561765,ai_unified_email_engine,14,98,high_density,1,1,,,,,,,1,7
R001072,2026-09-01,2026-09,346,1,1,1,1,2,1,1,3,0,0,0.760255,0.760255,0.742875,0.777634,0.542498,ai_unified_email_engine,14,45,high_density,1,1,,,,,,,1,7
R001073,2026-09-01,2026-09,303,1,1,1,1,2,1,1,3,2,0.1667,0.801708,0.801708,0.786018,0.817397,0.54381,ai_unified_email_engine,14,19,low_density,1,1,,,,,,,1,6
R001074,2026-09-01,2026-09,389,1,1,1,1,2,1,1,3,0,0,0.43887,0.43887,0.412211,0.465529,0,ai_unified_email_engine,14,31,medium_density,1,1,,,,,,,1,6
R001075,2026-09-01,2026-09,223,1,1,1,1,2,1,1,3,1,0.1429,0.47392,0.47392,0.454545,0.493295,0,ai_unified_email_engine,14,98,high_density,1,1,,,,,,,1,3
R001076,2026-09-01,2026-09,322,1,1,1,1,2,1,1,3,2,0.1667,0.765301,0.765301,0.735366,0.795236,0.566335,ai_unified_email_engine,14,11,low_density,1,1,,,,,,,1,6
R001077,2026-09-01,2026-09,29,1,1,1,1,2,1,0,3,0,0,0.760129,0.760129,0.742875,0.777384,0.523206,ai_unified_email_engine,14,45,high_density,1,1,,,,,,,1,0
R001078,2026-09-01,2026-09,55,1,1,1,1,2,1,0,3,0,0,0.396501,0.396501,0.281167,0.511834,0.398784,ai_unified_email_engine,14,24,medium_density,1,1,,,,,,,1,0
R001079,2026-09-01,2026-09,265,1,1,1,1,2,1,1,3,0,0,0.400652,0.400652,0.321398,0.479905,0.254636,ai_unified_email_engine,14,30,medium_density,1,1,,,,,,,1,4
R001080,2026-09-01,2026-09,227,1,1,1,1,2,1,1,3,0,0,0.811927,0.811927,0.781521,0.842332,0.579827,ai_unified_email_engine,14,26,medium_density,1,1,,,,,,,1,3
R001081,2026-09-01,2026-09,202,1,1,1,1,2,1,1,3,0,0,0.755077,0.755077,0.741531,0.768623,0.548559,ai_unified_email_engine,14,90,high_density,1,1,,,,,,,1,2
R001082,2026-09-01,2026-09,51,1,1,1,1,2,1,0,3,0,0,0.643519,0.643519,0.611928,0.67511,0.55095,ai_unified_email_engine,14,26,medium_density,1,1,,,,,,,1,0
R001083,2026-09-01,2026-09,300,1,1,1,1,2,1,1,3,1,0.0909,0.587852,0.587852,0.562262,0.613442,0.314684,ai_unified_email_engine,14,27,medium_density,1,1,,,,,,,1,5
R001084,2026-09-01,2026-09,245,1,1,1,1,2,1,1,3,0,0,0.764674,0.764674,0.683035,0.846313,0.572526,ai_unified_email_engine,14,45,high_density,1,1,,,,,,,1,4
R001085,2026-09-01,2026-09,177,1,1,1,1,2,1,0,3,0,0,0.763954,0.763954,0.723428,0.80448,0.573534,ai_unified_email_engine,14,39,high_density,1,1,,,,,,,1,0
R001086,2026-09-01,2026-09,343,1,1,1,1,2,1,1,3,0,0,0.55428,0.55428,0.549968,0.558592,0.354033,ai_unified_email_engine,14,56,high_density,1,1,,,,,,,1,7
R001087,2026-09-01,2026-09,383,1,1,1,1,2,1,1,3,0,0,0.813904,0.813904,0.7848,0.843008,0.55175,ai_unified_email_engine,14,130,high_density,1,1,,,,,,,1,8
R001088,2026-09-01,2026-09,204,1,1,1,1,2,1,1,3,1,0.2,0.796353,0.796353,0.785744,0.806961,0.541367,ai_unified_email_engine,14,7,very_low_density,1,1,,,,,,,1,2
R001089,2026-09-01,2026-09,343,1,1,1,1,2,1,1,3,1,0.0667,0.664214,0.664214,0.618081,0.710348,0.552595,ai_unified_email_engine,14,49,high_density,1,1,,,,,,,1,7
R001090,2026-09-01,2026-09,106,1,1,1,1,2,1,0,3,0,0,0.556649,0.556649,0.552881,0.560417,0,ai_unified_email_engine,14,30,medium_density,1,1,,,,,,,1,0
R001091,2026-09-01,2026-09,128,1,1,1,1,2,1,0,3,0,0,0.701332,0.701332,0.620615,0.782049,0.607271,ai_unified_email_engine,14,24,medium_density,1,1,,,,,,,1,0
R001092,2026-09-01,2026-09,287,1,1,1,1,1,1,1,2,0,0,0.474727,0.474727,0.474727,0.474727,0.431594,ai_unified_email_engine,14,35,medium_density,1,1,,,,,,,1,5
R001093,2026-09-01,2026-09,271,1,1,1,1,2,1,1,3,0,0,0.799809,0.799809,0.795455,0.804162,0.310781,ai_unified_email_engine,14,24,medium_density,1,1,,,,,,,1,4
R001094,2026-09-01,2026-09,270,1,1,1,1,2,1,1,3,1,0.1111,0.618578,0.618578,0.542999,0.694157,0.249222,ai_unified_email_engine,14,38,high_density,1,1,,,,,,,1,4
R001095,2026-09-01,2026-09,323,1,1,1,1,2,1,1,3,1,0.0769,0.697757,0.697757,0.692316,0.703197,0.59627,ai_unified_email_engine,14,31,medium_density,1,1,,,,,,,1,6
R001096,2026-09-01,2026-09,143,1,1,1,1,2,1,1,3,0,0,0.841605,0.841605,0.840702,0.842508,0.5415,ai_unified_email_engine,14,130,high_density,1,1,,,,,,,1,1
R001097,2026-09-01,2026-09,240,1,1,1,1,2,1,1,3,0,0,0.608233,0.608233,0.5786,0.637865,0.537185,ai_unified_email_engine,14,39,high_density,1,1,,,,,,,1,4
R001098,2026-09-01,2026-09,339,1,1,1,1,2,1,1,3,0,0,0.785774,0.785774,0.76923,0.802318,0.578894,ai_unified_email_engine,14,49,high_density,1,1,,,,,,,1,7
R001099,2026-09-01,2026-09,270,1,1,1,1,2,1,1,3,0,0,0.747798,0.747798,0.717008,0.778587,0.598401,ai_unified_email_engine,14,35,medium_density,1,1,,,,,,,1,5
R001100,2026-09-01,2026-09,94,1,1,1,1,2,1,0,3,0,0,0.816323,0.816323,0.804432,0.828214,0.568079,ai_unified_email_engine,14,98,high_density,1,1,,,,,,,1,0
R001101,2026-09-01,2026-09,269,1,1,1,1,2,1,1,3,0,0,0.843915,0.843915,0.841963,0.845866,0.568602,ai_unified_email_engine,14,23,low_density,1,1,,,,,,,1,4
R001102,2026-09-01,2026-09,446,1,1,1,1,2,1,1,3,0,0,0.680378,0.680378,0.61419,0.746565,0,ai_unified_email_engine,14,25,medium_density,1,1,,,,,,,1,3
R001103,2026-09-01,2026-09,298,1,1,1,1,2,1,1,3,1,0.0909,0.575624,0.575624,0.503358,0.647889,0,ai_unified_email_engine,14,12,low_density,1,1,,,,,,,1,5
R001104,2026-09-01,2026-09,235,1,1,1,1,2,1,1,3,0,0,0.766731,0.766731,0.744698,0.788764,0.514353,ai_unified_email_engine,14,35,medium_density,1,1,,,,,,,1,3
R001105,2026-09-01,2026-09,130,1,1,1,1,2,1,0,3,0,0,0.727237,0.727237,0.695436,0.759037,0.567391,ai_unified_email_engine,14,72,high_density,1,1,,,,,,,1,0
R001106,2026-09-01,2026-09,260,1,1,1,1,2,1,1,3,0,0,0.6868,0.6868,0.640023,0.733576,0.55207,ai_unified_email_engine,14,17,low_density,1,1,,,,,,13,0,4
R001107,2026-09-01,2026-09,397,1,1,1,1,2,1,1,3,0,0,0.473499,0.473499,0.452321,0.494676,0.572978,ai_unified_email_engine,14,30,medium_density,2,1,,,,,,,1,9
R001108,2026-09-01,2026-09,269,1,1,1,1,2,1,1,3,1,0.0909,0.513753,0.513753,0.435501,0.592004,0.572988,ai_unified_email_engine,14,33,medium_density,1,1,,,,,,0,0,5
R001109,2026-09-01,2026-09,316,1,1,1,1,2,1,1,3,0,0,0.589819,0.589819,0.54105,0.638587,0,ai_unified_email_engine,14,39,high_density,1,1,,,,,,,1,2
R001110,2026-09-01,2026-09,228,1,1,1,1,2,1,1,3,0,0,0.809497,0.809497,0.796754,0.822239,0.532943,ai_unified_email_engine,14,31,medium_density,1,1,,,,,,,1,3
R001111,2026-09-01,2026-09,260,1,1,1,1,2,1,1,3,1,0.1111,0.771419,0.771419,0.718071,0.824766,0.635896,ai_unified_email_engine,14,35,medium_density,1,1,,,,,,,1,4
R001112,2026-09-01,2026-09,219,1,1,1,1,3,1,1,4,0,0,0.554421,0.561561,0.484693,0.61701,0.567497,ai_unified_email_engine,14,31,medium_density,1,1,,,,,,,1,3
R001113,2026-09-01,2026-09,64,1,1,1,1,2,1,0,3,0,0,0.807649,0.807649,0.788106,0.827192,0.502567,ai_unified_email_engine,14,53,high_density,1,1,,,,,,,1,0
R001114,2026-09-01,2026-09,330,1,1,1,1,2,1,1,3,0,0,0.545236,0.545236,0.52229,0.568182,0.138408,ai_unified_email_engine,14,38,high_density,1,1,,,,,,,1,6
R001115,2026-09-01,2026-09,226,1,1,1,1,1,1,1,2,0,0,0.499174,0.499174,0.499174,0.499174,0.523637,ai_unified_email_engine,14,26,medium_density,1,1,,,,,,,1,3
R001116,2026-09-01,2026-09,256,1,1,1,1,2,1,1,3,0,0,0.716064,0.716064,0.61281,0.819317,0.602931,ai_unified_email_engine,14,98,high_density,1,1,,,,,,,1,4
R001117,2026-09-01,2026-09,376,1,1,1,1,2,1,1,3,0,0,0.767184,0.767184,0.755416,0.778951,0.57278,ai_unified_email_engine,14,90,high_density,1,1,,,,,,0,0,4
R001118,2026-09-01,2026-09,92,1,1,1,1,2,1,0,3,0,0,0.812503,0.812503,0.811712,0.813294,0.572339,ai_unified_email_engine,14,27,medium_density,1,1,,,,,,,1,0
R001119,2026-09-01,2026-09,322,1,1,1,1,2,1,1,3,0,0,0.566877,0.566877,0.516331,0.617422,0.355521,ai_unified_email_engine,14,38,high_density,1,1,,,,,,,1,6
R001120,2026-09-01,2026-09,272,1,1,1,1,2,1,1,3,0,0,0.55099,0.55099,0.549968,0.552011,0.139979,ai_unified_email_engine,14,56,high_density,1,1,,,,,,,1,5
R001121,2026-09-01,2026-09,322,1,1,1,1,2,1,1,3,0,0,0.699334,0.699334,0.697729,0.700939,0.559059,ai_unified_email_engine,14,27,medium_density,1,1,,,,,,,1,6
R001122,2026-09-01,2026-09,265,1,1,1,1,2,1,1,3,0,0,0.601957,0.601957,0.600474,0.60344,0,ai_unified_email_engine,14,26,medium_density,1,1,,,,,,,1,4
R001123,2026-09-01,2026-09,286,1,1,1,1,2,1,1,3,0,0,0.798257,0.798257,0.777023,0.81949,0.546224,ai_unified_email_engine,14,13,low_density,1,1,,,,,,,1,4
R001124,2026-09-01,2026-09,198,1,1,1,1,2,1,1,3,0,0,0.736157,0.736157,0.659311,0.813003,0.583122,ai_unified_email_engine,14,35,medium_density,1,1,,,,,,,1,2
R001125,2026-09-01,2026-09,385,1,1,1,1,2,1,1,3,0,0,0.653905,0.653905,0.597975,0.709835,0.557746,ai_unified_email_engine,14,33,medium_density,1,1,,,,,,,1,8
R001126,2026-09-01,2026-09,342,1,1,1,1,2,1,1,3,0,0,0.592984,0.592984,0.556949,0.629019,0.193833,ai_unified_email_engine,14,56,high_density,1,1,,,,,,,1,7
R001127,2026-09-01,2026-09,271,1,1,1,1,2,1,1,3,0,0,0.68329,0.68329,0.615087,0.751492,0.527289,ai_unified_email_engine,14,35,medium_density,1,1,,,,,,2,0,5
R001128,2026-09-01,2026-09,80,1,1,1,1,2,1,0,3,0,0,0.67245,0.67245,0.571279,0.773621,0.582397,ai_unified_email_engine,14,22,low_density,1,1,,,,,,11,0,0
R001129,2026-09-01,2026-09,135,1,1,1,1,2,1,0,3,0,0,0.804756,0.804756,0.767203,0.842308,0.514555,ai_unified_email_engine,14,34,medium_density,1,1,,,,,,,1,0
R001130,2026-09-01,2026-09,32,1,1,1,1,2,1,0,3,0,0,0.629293,0.629293,0.49046,0.768126,0.53892,ai_unified_email_engine,14,69,high_density,1,1,,,,,,,1,0
R001131,2026-09-01,2026-09,57,1,1,1,1,2,1,0,3,0,0,0.693377,0.693377,0.669407,0.717347,0.606459,ai_unified_email_engine,14,31,medium_density,1,1,,,,,,,1,0
R001132,2026-09-01,2026-09,77,1,1,1,1,2,1,0,3,0,0,0.58539,0.58539,0.556013,0.614766,0.533112,ai_unified_email_engine,14,39,high_density,1,1,,,,,,,1,0
R001133,2026-09-01,2026-09,202,1,1,1,1,2,1,1,3,0,0,0.584218,0.584218,0.566298,0.602138,0.39867,ai_unified_email_engine,14,15,low_density,1,1,,,,,,,1,2
R001134,2026-09-01,2026-09,324,1,1,1,1,2,1,1,3,1,0.0769,0.701504,0.701504,0.595042,0.807965,0.58258,ai_unified_email_engine,14,13,low_density,1,1,,,,,,,1,6
R001135,2026-09-01,2026-09,262,1,1,1,1,2,1,1,3,0,0,0.567203,0.567203,0.539773,0.594633,0,ai_unified_email_engine,14,19,low_density,1,1,,,,,,,1,3
R001136,2026-09-01,2026-09,379,1,1,1,1,2,1,1,3,0,0,0.858043,0.858043,0.836818,0.879267,0.517742,ai_unified_email_engine,14,98,high_density,1,1,,,,,,,1,8
R001137,2026-09-01,2026-09,292,1,1,1,1,2,1,1,3,0,0,0.791192,0.791192,0.739355,0.843029,0.279102,ai_unified_email_engine,14,54,high_density,1,1,,,,,,,1,5
R001138,2026-09-01,2026-09,241,1,1,1,1,2,1,1,3,0,0,0.761093,0.761093,0.710153,0.812032,0.495615,ai_unified_email_engine,14,30,medium_density,1,1,,,,,,,1,4
R001139,2026-09-01,2026-09,170,1,1,1,1,2,1,1,3,0,0,0.842775,0.842775,0.840567,0.844984,0.555227,ai_unified_email_engine,14,48,high_density,1,1,,,,,,,1,1
R001140,2026-09-01,2026-09,211,1,1,1,1,2,1,1,3,1,0.1667,0.544431,0.544431,0.518782,0.57008,0.277041,ai_unified_email_engine,14,54,high_density,1,1,,,,,,,1,3
R001141,2026-09-01,2026-09,305,1,1,1,1,2,1,1,3,0,0,0.726963,0.726963,0.712394,0.741531,0.537974,ai_unified_email_engine,14,90,high_density,1,1,,,,,,,1,6
R001142,2026-09-01,2026-09,306,1,1,1,1,2,1,1,3,1,0.0769,0.729124,0.729124,0.709997,0.748251,0.552676,ai_unified_email_engine,14,45,high_density,1,1,,,,,,,1,6
R001143,2026-09-01,2026-09,123,1,1,1,1,2,1,0,3,0,0,0.723279,0.723279,0.710153,0.736405,0.504451,ai_unified_email_engine,14,30,medium_density,1,1,,,,,,,1,0
R001144,2026-09-01,2026-09,209,1,1,1,1,2,1,1,3,1,0.1429,0.810414,0.810414,0.793014,0.827814,0.521164,ai_unified_email_engine,14,54,high_density,1,1,,,,,,,1,3
R001145,2026-09-01,2026-09,320,1,1,1,1,2,1,1,3,0,0,0.643396,0.643396,0.601667,0.685124,0,ai_unified_email_engine,14,24,medium_density,1,1,,,,,,,1,3
R001146,2026-09-01,2026-09,182,1,1,1,1,2,1,1,3,0,0,0.583523,0.583523,0.57996,0.587085,0.638621,ai_unified_email_engine,14,45,high_density,1,1,,,,,,,1,2
R001147,2026-09-01,2026-09,226,1,1,1,1,2,1,1,3,0,0,0.420069,0.420069,0.4118,0.428337,0,ai_unified_email_engine,14,22,low_density,1,1,,,,,,,1,3
R001148,2026-09-01,2026-09,240,1,1,1,1,1,1,1,2,0,0,0.474727,0.474727,0.474727,0.474727,0.431594,ai_unified_email_engine,14,35,medium_density,1,1,,,,,,,1,4
R001149,2026-09-01,2026-09,108,1,1,1,1,2,1,0,3,0,0,0.421957,0.421957,0.390203,0.45371,0.585153,ai_unified_email_engine,14,90,high_density,1,1,,,,,,,1,0
R001150,2026-09-01,2026-09,149,1,1,1,1,2,1,0,3,0,0,0.65428,0.65428,0.579687,0.728873,0.573624,ai_unified_email_engine,14,56,high_density,1,1,,,,,,,1,0
R001151,2026-09-01,2026-09,251,1,1,1,1,1,1,1,2,0,0,0.511947,0.511947,0.511947,0.511947,0.187344,ai_unified_email_engine,14,11,low_density,1,1,,,,,,,1,4
R001152,2026-09-01,2026-09,323,1,1,1,1,2,1,1,3,0,0,0.795455,0.795455,0.795455,0.795455,0,ai_unified_email_engine,14,48,high_density,1,1,,,,,,,1,6
R001153,2026-09-01,2026-09,220,1,1,1,1,2,1,1,3,0,0,0.688605,0.688605,0.643376,0.733834,0.571115,ai_unified_email_engine,14,27,medium_density,1,1,,,,,,,1,3
R001154,2026-09-01,2026-09,240,1,1,1,1,2,1,1,3,0,0,0.696046,0.696046,0.656813,0.735278,0,ai_unified_email_engine,14,42,high_density,1,1,,,,,,,1,4
R001155,2026-09-01,2026-09,320,1,1,1,1,2,1,1,3,0,0,0.346816,0.346816,0.309529,0.384103,0,ai_unified_email_engine,14,31,medium_density,1,1,,,,,,,1,3
R001156,2026-09-01,2026-09,352,1,1,1,1,2,1,1,3,2,0.125,0.837266,0.837266,0.831004,0.843528,0.565511,ai_unified_email_engine,14,72,high_density,1,1,,,,,,13,0,8
R001157,2026-09-01,2026-09,205,1,1,1,1,2,1,1,3,0,0,0.457495,0.457495,0.309863,0.605126,0.288773,ai_unified_email_engine,14,35,medium_density,1,1,,,,,,,1,2
R001158,2026-09-01,2026-09,248,1,1,1,1,2,1,1,3,0,0,0.642574,0.642574,0.548681,0.736467,0.266371,ai_unified_email_engine,14,30,medium_density,1,1,,,,,,,1,4
R001159,2026-09-01,2026-09,203,1,1,1,1,2,1,1,3,0,0,0.717467,0.717467,0.619929,0.815004,0.624858,ai_unified_email_engine,14,15,low_density,1,1,,,,,,,1,2
R001160,2026-09-01,2026-09,385,1,1,1,1,2,1,1,3,0,0,0.764925,0.764925,0.75812,0.771731,0.696323,ai_unified_email_engine,14,130,high_density,1,1,,,,,,,1,8
R001161,2026-09-01,2026-09,176,1,1,1,1,2,1,1,3,0,0,0.73088,0.73088,0.615558,0.846201,0.575656,ai_unified_email_engine,14,31,medium_density,1,1,,,,,,,1,1
R001162,2026-09-01,2026-09,390,1,1,1,1,2,1,1,3,0,0,0.759015,0.759015,0.72055,0.79748,0.602887,ai_unified_email_engine,14,31,medium_density,1,1,,,,,,,1,8
R001163,2026-09-01,2026-09,368,1,1,1,1,2,1,1,3,1,0.0588,0.777987,0.777987,0.746562,0.809412,0.581265,ai_unified_email_engine,14,53,high_density,1,1,,,,,,,1,8
R001164,2026-09-01,2026-09,271,1,1,1,1,2,1,1,3,0,0,0.719568,0.719568,0.654668,0.784467,0.573509,ai_unified_email_engine,14,34,medium_density,1,1,,,,,,5,0,5
R001165,2026-09-01,2026-09,320,1,1,1,1,2,1,1,3,0,0,0.692104,0.692104,0.690681,0.693526,0.619134,ai_unified_email_engine,14,90,high_density,1,1,,,,,,,1,6
R001166,2026-09-01,2026-09,209,1,1,1,1,2,1,1,3,0,0,0.697285,0.697285,0.684734,0.709835,0.571753,ai_unified_email_engine,14,33,medium_density,1,1,,,,,,,1,2
R001167,2026-09-01,2026-09,57,1,1,1,1,2,1,0,3,0,0,0.589202,0.589202,0.573391,0.605013,0.514064,ai_unified_email_engine,14,53,high_density,1,1,,,,,,,1,0
R001168,2026-09-01,2026-09,266,1,1,1,1,1,1,1,2,0,0,0.533781,0.533781,0.533781,0.533781,0.576622,ai_unified_email_engine,14,11,low_density,1,1,,,,,,,1,4
R001169,2026-09-01,2026-09,267,1,1,1,1,2,1,1,3,0,0,0.700248,0.700248,0.613838,0.786657,0.551202,ai_unified_email_engine,14,30,medium_density,1,1,,,,,,,1,4
R001170,2026-09-01,2026-09,186,1,1,1,1,3,1,1,4,1,0.1667,0.490563,0.503476,0.286339,0.681873,0.267017,ai_unified_email_engine,14,13,low_density,1,1,,,,,,,1,2
R001171,2026-09-01,2026-09,272,1,1,1,1,2,1,1,3,0,0,0.667901,0.667901,0.568182,0.767619,0.072766,ai_unified_email_engine,14,11,low_density,1,1,,,,,,,1,5
R001172,2026-09-01,2026-09,39,1,1,1,1,2,1,0,3,0,0,0.5841,0.5841,0.554757,0.613442,0.314684,ai_unified_email_engine,14,27,medium_density,1,1,,,,,,,1,0
R001173,2026-09-01,2026-09,181,1,1,1,1,2,1,1,3,0,0,0.645549,0.645549,0.552992,0.738105,0.660073,ai_unified_email_engine,14,31,medium_density,1,1,,,,,,0,0,1
R001174,2026-09-01,2026-09,106,1,1,1,1,2,1,0,3,0,0,0.839799,0.839799,0.835594,0.844004,0.520311,ai_unified_email_engine,14,48,high_density,1,1,,,,,,,1,0
R001175,2026-09-01,2026-09,292,1,1,1,1,2,1,1,3,0,0,0.641834,0.641834,0.606055,0.677612,0.696861,ai_unified_email_engine,14,27,medium_density,1,1,,,,,,,1,5
R001176,2026-09-01,2026-09,152,1,1,1,1,2,1,1,3,0,0,0.802212,0.802212,0.790653,0.813771,0.553712,ai_unified_email_engine,14,39,high_density,1,1,,,,,,,1,1
R001177,2026-09-01,2026-09,203,1,1,1,1,1,1,1,2,1,0.25,0.658284,0.658284,0.658284,0.658284,0.540087,ai_unified_email_engine,14,53,high_density,1,1,,,,,,,1,2
R001178,2026-09-01,2026-09,394,1,1,1,1,2,1,1,3,0,0,0.658729,0.658729,0.55384,0.763618,0.530067,ai_unified_email_engine,14,98,high_density,1,1,,,,,,,1,8
R001179,2026-09-01,2026-09,364,1,1,1,1,2,1,1,3,0,0,0.812197,0.812197,0.783407,0.840987,0.267124,ai_unified_email_engine,14,35,medium_density,1,1,,,,,,,1,8
R001180,2026-09-01,2026-09,32,1,1,1,1,2,1,0,3,0,0,0.734714,0.734714,0.727188,0.742239,0.590905,ai_unified_email_engine,14,45,high_density,1,1,,,,,,,1,0
R001181,2026-09-01,2026-09,338,1,1,1,1,2,1,1,3,0,0,0.691386,0.691386,0.597557,0.785214,0.613282,ai_unified_email_engine,14,49,high_density,1,1,,,,,,,1,7
R001182,2026-09-01,2026-09,289,1,1,1,1,2,1,1,3,1,0.1,0.496875,0.496875,0.445254,0.548496,0.254155,ai_unified_email_engine,14,18,low_density,1,1,,,,,,,1,5
R001183,2026-09-01,2026-09,65,1,1,1,1,2,1,0,3,0,0,0.763578,0.763578,0.727282,0.799873,0.591675,ai_unified_email_engine,14,27,medium_density,1,1,,,,,,,1,0
R001184,2026-09-01,2026-09,303,1,1,1,1,2,1,1,3,3,0.25,0.827401,0.827401,0.809742,0.845059,0.555959,ai_unified_email_engine,14,72,high_density,1,1,,,,,,,1,7
R001185,2026-09-01,2026-09,323,1,1,1,1,2,1,1,3,0,0,0.782757,0.782757,0.728239,0.837275,0.260187,ai_unified_email_engine,14,54,high_density,1,1,,,,,,,1,6
R001186,2026-09-01,2026-09,325,1,1,1,1,2,1,1,3,0,0,0.479424,0.479424,0.464616,0.494232,0,ai_unified_email_engine,14,45,high_density,1,1,,,,,,0,0,6
R001187,2026-09-01,2026-09,289,1,1,1,1,2,1,1,3,1,0.0909,0.497726,0.497726,0.492081,0.50337,0.584127,ai_unified_email_engine,14,11,low_density,1,1,,,,,,,1,5
R001188,2026-09-01,2026-09,210,1,1,1,1,2,1,1,3,0,0,0.57728,0.57728,0.575182,0.579377,0.528851,ai_unified_email_engine,14,22,low_density,1,1,,,,,,,1,2
R001189,2026-09-01,2026-09,138,1,1,1,1,2,1,0,3,0,0,0.682263,0.682263,0.642162,0.722363,0.593757,ai_unified_email_engine,14,5,very_low_density,1,1,,,,,,,1,0
R001190,2026-09-01,2026-09,229,1,1,1,1,2,1,1,3,0,0,0.763082,0.763082,0.732416,0.793748,0.543519,ai_unified_email_engine,14,31,medium_density,1,1,,,,,,,1,3
R001191,2026-09-01,2026-09,238,1,1,1,1,2,1,1,3,0,0,0.657947,0.657947,0.656566,0.659327,0.580426,ai_unified_email_engine,14,56,high_density,1,1,,,,,,,1,4
R001192,2026-09-01,2026-09,189,1,1,1,1,2,1,1,3,1,0.2,0.675533,0.675533,0.575885,0.775181,0.377243,ai_unified_email_engine,14,15,low_density,1,1,,,,,,,1,2
R001193,2026-09-01,2026-09,91,1,1,1,1,2,1,0,3,0,0,0.731053,0.731053,0.615904,0.846201,0.577684,ai_unified_email_engine,14,31,medium_density,1,1,,,,,,,1,0
R001194,2026-09-01,2026-09,348,1,1,1,1,2,1,1,3,0,0,0.48034,0.48034,0.410604,0.550076,0.577886,ai_unified_email_engine,14,33,medium_density,1,1,,,,,,,1,7
R001195,2026-09-01,2026-09,323,1,1,1,1,2,1,1,3,1,0.0769,0.831541,0.831541,0.815453,0.847629,0.601223,ai_unified_email_engine,14,27,medium_density,1,1,,,,,,,1,6
R001196,2026-09-01,2026-09,252,1,1,1,1,2,1,1,3,0,0,0.740704,0.740704,0.684705,0.796702,0.624786,ai_unified_email_engine,14,20,low_density,1,1,,,,,,,1,4
R001197,2026-09-01,2026-09,302,1,1,1,1,2,1,1,3,0,0,0.806453,0.806453,0.801391,0.811515,0.500133,ai_unified_email_engine,14,98,high_density,1,1,,,,,,,1,6
R001198,2026-09-01,2026-09,379,1,1,1,1,2,1,1,3,2,0.1111,0.83434,0.83434,0.830938,0.837743,0.563595,ai_unified_email_engine,14,72,high_density,1,1,,,,,,,1,9
R001199,2026-09-01,2026-09,182,1,1,1,1,2,1,1,3,0,0,0.558353,0.558353,0.536494,0.580212,0.549912,ai_unified_email_engine,14,25,medium_density,1,1,,,,,,,1,2
R001200,2026-09-01,2026-09,267,1,1,1,1,2,1,1,3,2,0.25,0.584514,0.584514,0.575426,0.593601,0.563688,ai_unified_email_engine,14,22,low_density,1,1,,,,,,,1,4
R001201,2026-09-01,2026-09,108,1,1,1,1,2,1,0,3,0,0,0.534902,0.534902,0.519728,0.550076,0.584117,ai_unified_email_engine,14,33,medium_density,1,1,,,,,,,1,0
R001202,2026-09-01,2026-09,355,1,1,1,1,2,1,1,3,2,0.125,0.823638,0.823638,0.822006,0.825271,0.549269,ai_unified_email_engine,14,72,high_density,1,1,,,,,,,1,8
R001203,2026-09-01,2026-09,314,1,1,1,1,2,1,1,3,0,0,0.74959,0.74959,0.6592,0.83998,0.396833,ai_unified_email_engine,14,90,high_density,1,1,,,,,,,1,6
R001204,2026-09-01,2026-09,352,1,1,1,1,2,1,1,3,0,0,0.83779,0.83779,0.837743,0.837836,0.578512,ai_unified_email_engine,14,72,high_density,1,1,,,,,,0,0,6
R001205,2026-09-01,2026-09,182,1,1,1,1,2,1,1,3,0,0,0.682608,0.682608,0.579263,0.785953,0.62641,ai_unified_email_engine,14,26,medium_density,1,1,,,,,,,1,1
R001206,2026-09-01,2026-09,57,1,1,1,1,2,1,0,3,0,0,0.495323,0.495323,0.487642,0.503004,0.488218,ai_unified_email_engine,14,42,high_density,1,1,,,,,,,1,0
R001207,2026-09-01,2026-09,287,1,1,1,1,2,1,1,3,1,0.0909,0.426695,0.426695,0.361309,0.492081,0.632881,ai_unified_email_engine,14,11,low_density,1,1,,,,,,,1,5
R001208,2026-09-01,2026-09,189,1,1,1,1,2,1,1,3,0,0,0.514706,0.514706,0.479378,0.550033,0.438909,ai_unified_email_engine,14,3,very_low_density,1,1,,,,,,,1,2
R001209,2026-09-01,2026-09,240,1,1,1,1,2,1,1,3,0,0,0.644006,0.644006,0.585628,0.702383,0.56333,ai_unified_email_engine,14,7,very_low_density,1,1,,,,,,,1,2
R001210,2026-09-01,2026-09,150,1,1,1,1,2,1,0,3,0,0,0.821925,0.821925,0.815261,0.828588,0.617061,ai_unified_email_engine,14,53,high_density,1,1,,,,,,,1,0
R001211,2026-09-01,2026-09,354,1,1,1,1,2,1,1,3,0,0,0.777509,0.777509,0.777384,0.777634,0.511258,ai_unified_email_engine,14,45,high_density,1,1,,,,,,,1,7
R001212,2026-09-01,2026-09,323,1,1,1,1,2,1,1,3,0,0,0.815058,0.815058,0.814663,0.815453,0.585633,ai_unified_email_engine,14,27,medium_density,1,1,,,,,,,1,6
R001213,2026-09-01,2026-09,339,1,1,1,1,2,1,1,3,2,0.1429,0.795303,0.795303,0.775364,0.815241,0.591785,ai_unified_email_engine,14,45,high_density,1,1,,,,,,,1,7
R001214,2026-09-01,2026-09,245,1,1,1,1,2,1,1,3,0,0,0.761981,0.761981,0.713353,0.810609,0.570814,ai_unified_email_engine,14,35,medium_density,1,1,,,,,,,1,4
R001215,2026-09-01,2026-09,341,1,1,1,1,2,1,1,3,0,0,0.807162,0.807162,0.784391,0.829932,0.536861,ai_unified_email_engine,14,38,high_density,1,1,,,,,,,1,7
R001216,2026-09-01,2026-09,168,1,1,1,1,2,1,1,3,0,0,0.308197,0.308197,0.227273,0.389121,0,ai_unified_email_engine,14,3,very_low_density,1,1,,,,,,,1,1
R001217,2026-09-01,2026-09,326,1,1,1,1,2,1,1,3,0,0,0.425605,0.425605,0.392268,0.458941,0.307988,ai_unified_email_engine,14,39,high_density,1,1,,,,,,,1,6
R001218,2026-09-01,2026-09,298,1,1,1,1,2,1,1,3,2,0.1667,0.571211,0.571211,0.501784,0.640638,0,ai_unified_email_engine,14,72,high_density,1,1,,,,,,,1,6
R001219,2026-09-01,2026-09,211,1,1,1,1,2,1,1,3,1,0.1429,0.826564,0.826564,0.813294,0.839834,0.592904,ai_unified_email_engine,14,27,medium_density,1,1,,,,,,,1,3
R001220,2026-09-01,2026-09,237,1,1,1,1,2,1,1,3,0,0,0.616979,0.616979,0.615124,0.618834,0.572553,ai_unified_email_engine,14,90,high_density,1,1,,,,,,,1,3
R001221,2026-09-01,2026-09,327,1,1,1,1,2,1,1,3,0,0,0.379761,0.379761,0.321938,0.437583,0.364841,ai_unified_email_engine,14,49,high_density,1,1,,,,,,,1,6
R001222,2026-09-01,2026-09,380,1,1,1,1,2,1,1,3,1,0.0588,0.682773,0.682773,0.656096,0.709449,0.599426,ai_unified_email_engine,14,39,high_density,1,1,,,,,,,1,8
R001223,2026-09-01,2026-09,226,1,1,1,1,2,1,1,3,1,0.1429,0.709234,0.709234,0.706483,0.711984,0.521367,ai_unified_email_engine,14,130,high_density,1,1,,,,,,,1,3
R001224,2026-09-01,2026-09,287,1,1,1,1,2,1,1,3,3,0.5,0.51777,0.51777,0.429513,0.606026,0.584705,ai_unified_email_engine,14,3,very_low_density,1,1,,,,,,,1,5
R001225,2026-09-01,2026-09,323,1,1,1,1,2,1,1,3,0,0,0.538318,0.538318,0.537682,0.538955,0.268404,ai_unified_email_engine,14,27,medium_density,1,1,,,,,,,1,6
R001226,2026-09-01,2026-09,339,1,1,1,1,2,1,1,3,1,0.0667,0.745271,0.745271,0.641426,0.849115,0.332758,ai_unified_email_engine,14,53,high_density,1,1,,,,,,,1,7
R001227,2026-09-01,2026-09,232,1,1,1,1,2,1,1,3,0,0,0.658651,0.658651,0.530232,0.787069,0.618125,ai_unified_email_engine,14,31,medium_density,1,1,,,,,,,1,3
R001228,2026-09-01,2026-09,229,1,1,1,1,2,1,1,3,0,0,0.59498,0.59498,0.584208,0.605753,0.5537,ai_unified_email_engine,14,10,low_density,1,1,,,,,,,1,3
R001229,2026-09-01,2026-09,46,1,1,1,1,2,1,0,3,0,0,0.684999,0.684999,0.670153,0.699844,0.523208,ai_unified_email_engine,14,22,low_density,1,1,,,,,,,1,0
R001230,2026-09-01,2026-09,70,1,1,1,1,2,1,0,3,0,0,0.410489,0.410489,0.331404,0.489573,0.517474,ai_unified_email_engine,14,53,high_density,1,1,,,,,,,1,0
R001231,2026-09-01,2026-09,283,1,1,1,1,2,1,1,3,0,0,0.755509,0.755509,0.73545,0.775567,0.52269,ai_unified_email_engine,14,33,medium_density,1,1,,,,,,,1,5
R001232,2026-09-01,2026-09,101,1,1,1,1,2,1,0,3,0,0,0.700486,0.700486,0.569546,0.831425,0.523569,ai_unified_email_engine,14,39,high_density,1,1,,,,,,,1,0
R001233,2026-09-01,2026-09,31,1,1,1,1,2,1,0,3,0,0,0.528852,0.528852,0.478712,0.578992,0.288815,ai_unified_email_engine,14,39,high_density,1,1,,,,,,7,0,0
R001234,2026-09-01,2026-09,222,1,1,1,1,2,1,1,3,0,0,0.811503,0.811503,0.780674,0.842332,0.574857,ai_unified_email_engine,14,26,medium_density,1,1,,,,,,,1,3
R001235,2026-09-01,2026-09,301,1,1,1,1,3,1,1,4,0,0,0.484756,0.447797,0.390442,0.616029,0.57638,ai_unified_email_engine,14,19,low_density,1,1,,,,,,,1,6
R001236,2026-09-01,2026-09,291,1,1,1,1,2,1,1,3,2,0.2,0.690619,0.690619,0.620591,0.760646,0.652141,ai_unified_email_engine,14,10,low_density,1,1,,,,,,,1,5
R001237,2026-09-01,2026-09,331,1,1,1,1,2,1,1,3,0,0,0.631053,0.631053,0.587892,0.674214,0.513928,ai_unified_email_engine,14,42,high_density,1,1,,,,,,,1,6
R001238,2026-09-01,2026-09,79,1,1,1,1,2,1,0,3,0,0,0.844584,0.844584,0.840031,0.849137,0.576449,ai_unified_email_engine,14,48,high_density,1,1,,,,,,13,0,0
R001239,2026-09-01,2026-09,217,1,1,1,1,2,1,1,3,0,0,0.733003,0.733003,0.670594,0.795411,0.570636,ai_unified_email_engine,14,72,high_density,1,1,,,,,,,1,4
R001240,2026-09-01,2026-09,224,1,1,1,1,2,1,1,3,0,0,0.757593,0.757593,0.753324,0.761862,0.543799,ai_unified_email_engine,14,35,medium_density,1,1,,,,,,,1,3
R001241,2026-09-01,2026-09,259,1,1,1,1,2,1,1,3,1,0.1111,0.707655,0.707655,0.587588,0.827721,0.516266,ai_unified_email_engine,14,13,low_density,1,1,,,,,,,1,4
R001242,2026-09-01,2026-09,302,1,1,1,1,2,1,1,3,1,0.0909,0.733952,0.733952,0.723428,0.744476,0.586364,ai_unified_email_engine,14,39,high_density,1,1,,,,,,,1,5
R001243,2026-09-01,2026-09,84,1,1,1,1,2,1,0,3,0,0,0.816576,0.816576,0.815006,0.818146,0.543943,ai_unified_email_engine,14,24,medium_density,1,1,,,,,,,1,0
R001244,2026-09-01,2026-09,282,1,1,1,1,3,1,1,4,0,0,0.413345,0.459242,0.284365,0.496427,0.24164,ai_unified_email_engine,14,10,low_density,1,1,,,,,,,1,5
R001245,2026-09-01,2026-09,300,1,1,1,1,2,1,1,3,2,0.2,0.651747,0.651747,0.632524,0.67097,0,ai_unified_email_engine,14,38,high_density,1,1,,,,,,,1,5
R001246,2026-09-01,2026-09,177,1,1,1,1,2,1,1,3,0,0,0.669992,0.669992,0.557722,0.782262,0,ai_unified_email_engine,14,27,medium_density,1,1,,,,,,7,0,1
R001247,2026-09-01,2026-09,401,1,1,1,1,2,1,1,3,0,0,0.692342,0.692342,0.621904,0.76278,0.500498,ai_unified_email_engine,14,31,medium_density,1,1,,,,,,,1,9
R001248,2026-09-01,2026-09,292,1,1,1,1,2,1,1,3,1,0.0909,0.639159,0.639159,0.608439,0.669878,0.500026,ai_unified_email_engine,14,42,high_density,1,1,,,,,,,1,5
R001249,2026-09-01,2026-09,180,1,1,1,1,2,1,1,3,0,0,0.505888,0.505888,0.400202,0.611575,0.28746,ai_unified_email_engine,14,24,medium_density,1,1,,,,,,,1,1
R001250,2026-09-01,2026-09,211,1,1,1,1,2,1,1,3,0,0,0.8203,0.8203,0.819002,0.821597,0.574068,ai_unified_email_engine,14,31,medium_density,1,1,,,,,,,1,3
R001251,2026-09-01,2026-09,58,1,1,1,1,2,1,0,3,0,0,0.6929,0.6929,0.685773,0.700028,0,ai_unified_email_engine,14,130,high_density,1,1,,,,,,,1,0
R001252,2026-09-01,2026-09,354,1,1,1,1,2,1,1,3,0,0,0.678359,0.678359,0.610339,0.746378,0.601004,ai_unified_email_engine,14,39,high_density,1,1,,,,,,,1,7
R001253,2026-09-01,2026-09,383,1,1,1,1,2,1,1,3,1,0.0625,0.773143,0.773143,0.762328,0.783958,0.588286,ai_unified_email_engine,14,33,medium_density,1,1,,,,,,,1,8
R001254,2026-09-01,2026-09,400,1,1,1,1,2,1,1,3,0,0,0.835303,0.835303,0.8327,0.837906,0.538753,ai_unified_email_engine,14,98,high_density,1,1,,,,,,,1,9
R001255,2026-09-01,2026-09,249,1,1,1,1,2,1,1,3,0,0,0.738081,0.738081,0.714356,0.761806,0.591659,ai_unified_email_engine,14,53,high_density,1,1,,,,,,,1,4
R001256,2026-09-01,2026-09,240,1,1,1,1,2,1,1,3,0,0,0.779527,0.779527,0.746549,0.812506,0.584272,ai_unified_email_engine,14,38,high_density,1,1,,,,,,0,0,4
R001257,2026-09-01,2026-09,248,1,1,1,1,2,1,1,3,0,0,0.772706,0.772706,0.769844,0.775567,0.569132,ai_unified_email_engine,14,33,medium_density,1,1,,,,,,,1,4
R001258,2026-09-01,2026-09,394,1,1,1,1,2,1,1,3,0,0,0.537397,0.537397,0.527449,0.547344,0,ai_unified_email_engine,14,98,high_density,1,1,,,,,,,1,8
R001259,2026-09-01,2026-09,238,1,1,1,1,2,1,1,3,0,0,0.82896,0.82896,0.819453,0.838466,0.467166,ai_unified_email_engine,14,35,medium_density,1,1,,,,,,,1,4
R001260,2026-09-01,2026-09,171,1,1,1,1,1,1,1,2,0,0,0.503085,0.503085,0.503085,0.503085,0.569532,ai_unified_email_engine,14,23,low_density,1,1,,,,,,,1,1
R001261,2026-09-01,2026-09,231,1,1,1,1,2,1,1,3,1,0.1429,0.813602,0.813602,0.79663,0.830574,0,ai_unified_email_engine,14,26,medium_density,1,1,,,,,,,1,3
R001262,2026-09-01,2026-09,224,1,1,1,1,2,1,1,3,1,0.1429,0.670054,0.670054,0.553039,0.787069,0.645295,ai_unified_email_engine,14,31,medium_density,1,1,,,,,,,1,3
R001263,2026-09-01,2026-09,276,1,1,1,1,2,1,1,3,1,0.0909,0.685942,0.685942,0.644281,0.727602,0.540137,ai_unified_email_engine,14,27,medium_density,1,1,,,,,,,1,5
R001264,2026-09-01,2026-09,488,1,1,1,1,2,1,1,3,1,0.25,0.543567,0.543567,0.540359,0.546774,0,ai_unified_email_engine,14,12,low_density,1,1,,,,,,,1,2
R001265,2026-09-01,2026-09,85,1,1,1,1,2,1,0,3,0,0,0.623474,0.623474,0.570676,0.676271,0.553174,ai_unified_email_engine,14,98,high_density,1,1,,,,,,7,0,0
R001266,2026-09-01,2026-09,89,1,1,1,1,2,1,0,3,0,0,0.369296,0.369296,0.278833,0.459759,0.564226,ai_unified_email_engine,14,12,low_density,1,1,,,,,,,1,0
R001267,2026-09-01,2026-09,182,1,1,1,1,2,1,1,3,0,0,0.543725,0.543725,0.49304,0.59441,0.532311,ai_unified_email_engine,14,27,medium_density,1,1,,,,,,,1,1
R001268,2026-09-01,2026-09,318,1,1,1,1,2,1,1,3,0,0,0.869311,0.869311,0.857649,0.880973,0.199113,ai_unified_email_engine,14,54,high_density,1,1,,,,,,,1,6
R001269,2026-09-01,2026-09,335,1,1,1,1,2,1,1,3,2,0.1429,0.525834,0.525834,0.458985,0.592682,0.153117,ai_unified_email_engine,14,42,high_density,1,1,,,,,,,1,7
R001270,2026-09-01,2026-09,347,1,1,1,1,2,1,1,3,0,0,0.808259,0.808259,0.792114,0.824403,0.590228,ai_unified_email_engine,14,56,high_density,1,1,,,,,,,1,7
R001271,2026-09-01,2026-09,327,1,1,1,1,2,1,1,3,0,0,0.821881,0.821881,0.814936,0.828826,0.595482,ai_unified_email_engine,14,69,high_density,1,1,,,,,,,1,6
R001272,2026-09-01,2026-09,112,1,1,1,1,1,1,0,2,0,0,0.834546,0.834546,0.834546,0.834546,0.458673,ai_unified_email_engine,14,8,very_low_density,1,1,,,,,,,1,0
R001273,2026-09-01,2026-09,292,1,1,1,1,2,1,1,3,0,0,0.747682,0.747682,0.709207,0.786157,0.303293,ai_unified_email_engine,14,39,high_density,1,1,,,,,,,1,5
R001274,2026-09-01,2026-09,385,1,1,1,1,2,1,1,3,0,0,0.527407,0.527407,0.350888,0.703925,0.294993,ai_unified_email_engine,14,39,high_density,1,1,,,,,,,1,8
R001275,2026-09-01,2026-09,206,1,1,1,1,2,1,1,3,0,0,0.497183,0.497183,0.496974,0.497391,0.651318,ai_unified_email_engine,14,20,low_density,1,1,,,,,,0,0,2
R001276,2026-09-01,2026-09,202,1,1,1,1,1,1,1,2,0,0,0.464314,0.464314,0.464314,0.464314,0.250675,ai_unified_email_engine,14,17,low_density,1,1,,,,,,,1,2
R001277,2026-09-01,2026-09,256,1,1,1,1,2,1,1,3,0,0,0.673549,0.673549,0.64238,0.704717,0.582689,ai_unified_email_engine,14,35,medium_density,1,1,,,,,,,1,4
R001278,2026-09-01,2026-09,331,1,1,1,1,2,1,1,3,2,0.1667,0.803259,0.803259,0.7664,0.840117,0.513164,ai_unified_email_engine,14,45,high_density,1,1,,,,,,,1,6
R001279,2026-09-01,2026-09,377,1,1,1,1,2,1,1,3,0,0,0.584584,0.584584,0.581084,0.588084,0.538405,ai_unified_email_engine,14,130,high_density,1,1,,,,,,,1,8
R001280,2026-09-01,2026-09,298,1,1,1,1,2,1,1,3,0,0,0.466998,0.466998,0.422294,0.511702,0.529292,ai_unified_email_engine,14,38,high_density,1,1,,,,,,0,0,5
R001281,2026-09-01,2026-09,379,1,1,1,1,2,1,1,3,2,0.125,0.539383,0.539383,0.505945,0.57282,0.573029,ai_unified_email_engine,14,49,high_density,1,1,,,,,,,1,8
R001282,2026-09-01,2026-09,296,1,1,1,1,2,1,1,3,0,0,0.844949,0.844949,0.844471,0.845427,0.580736,ai_unified_email_engine,14,48,high_density,1,1,,,,,,,1,1
R001283,2026-09-01,2026-09,287,1,1,1,1,2,1,1,3,2,0.2,0.635306,0.635306,0.563222,0.70739,0.567696,ai_unified_email_engine,14,11,low_density,1,1,,,,,,,1,5
R001284,2026-09-01,2026-09,302,1,1,1,1,2,1,1,3,0,0,0.836474,0.836474,0.830579,0.842368,0.706291,ai_unified_email_engine,14,69,high_density,1,1,,,,,,,1,6
R001285,2026-09-01,2026-09,328,1,1,1,1,2,1,1,3,0,0,0.502063,0.502063,0.457352,0.546774,0.128034,ai_unified_email_engine,14,12,low_density,1,1,,,,,,,1,6
R001286,2026-09-01,2026-09,243,1,1,1,1,2,1,1,3,0,0,0.259983,0.259983,0.250404,0.269562,0.383796,ai_unified_email_engine,14,69,high_density,1,1,,,,,,,1,4
R001287,2026-09-01,2026-09,489,1,1,1,1,2,1,1,3,0,0,0.879286,0.879286,0.843331,0.91524,0.559645,ai_unified_email_engine,14,31,medium_density,1,1,,,,,,,1,12
R001288,2026-09-01,2026-09,252,1,1,1,1,2,1,1,3,0,0,0.516109,0.516109,0.494622,0.537595,0.228689,ai_unified_email_engine,14,34,medium_density,1,1,,,,,,,1,4
R001289,2026-09-01,2026-09,262,1,1,1,1,2,1,1,3,1,0.1111,0.27647,0.27647,0.275545,0.277394,0.577245,ai_unified_email_engine,14,10,low_density,1,1,,,,,,,1,4
R001290,2026-09-01,2026-09,201,1,1,1,1,2,1,1,3,0,0,0.677733,0.677733,0.670634,0.684831,0,ai_unified_email_engine,14,39,high_density,1,1,,,,,,,1,2
R001291,2026-09-01,2026-09,111,1,1,1,1,2,1,0,3,0,0,0.686172,0.686172,0.639982,0.732361,0.189385,ai_unified_email_engine,14,39,high_density,1,1,,,,,,,1,0
R001292,2026-09-01,2026-09,297,1,1,1,1,2,1,1,3,0,0,0.845975,0.845975,0.843783,0.848167,0.592775,ai_unified_email_engine,14,27,medium_density,1,1,,,,,,,1,5
R001293,2026-09-01,2026-09,354,1,1,1,1,2,1,1,3,0,0,0.557727,0.557727,0.535766,0.579687,0.576393,ai_unified_email_engine,14,56,high_density,1,1,,,,,,,1,6
R001294,2026-09-01,2026-09,316,1,1,1,1,2,1,1,3,0,0,0.598783,0.598783,0.590959,0.606607,0.554085,ai_unified_email_engine,14,24,medium_density,1,1,,,,,,,1,6
R001295,2026-09-01,2026-09,243,1,1,1,1,2,1,1,3,0,0,0.785808,0.785808,0.725529,0.846088,0.537856,ai_unified_email_engine,14,53,high_density,1,1,,,,,,,1,4
R001296,2026-09-01,2026-09,219,1,1,1,1,1,1,1,2,0,0,0.568182,0.568182,0.568182,0.568182,0,ai_unified_email_engine,14,26,medium_density,1,1,,,,,,,1,3
R001297,2026-09-01,2026-09,352,1,1,1,1,2,1,1,3,2,0.125,0.758554,0.758554,0.685492,0.831616,0,ai_unified_email_engine,14,72,high_density,1,1,,,,,,,1,8
R001298,2026-09-01,2026-09,239,1,1,1,1,2,1,1,3,0,0,0.67243,0.67243,0.66965,0.675211,0.566673,ai_unified_email_engine,14,130,high_density,1,1,,,,,,,1,4
R001299,2026-09-01,2026-09,243,1,1,1,1,2,1,1,3,0,0,0.800334,0.800334,0.770796,0.829872,0.574762,ai_unified_email_engine,14,30,medium_density,1,1,,,,,,,1,4
R001300,2026-09-01,2026-09,255,1,1,1,1,3,1,1,4,1,0.1,0.671252,0.759789,0.486825,0.767141,0.556235,ai_unified_email_engine,14,7,very_low_density,1,1,,,,,,,1,4
R001301,2026-09-01,2026-09,222,1,1,1,1,2,1,1,3,0,0,0.672823,0.672823,0.536877,0.808769,0.261768,ai_unified_email_engine,14,90,high_density,1,1,,,,,,,1,3
R001302,2026-09-01,2026-09,341,1,1,1,1,2,1,1,3,0,0,0.575457,0.575457,0.565416,0.585498,0.600521,ai_unified_email_engine,14,42,high_density,1,1,,,,,,,1,7
R001303,2026-09-01,2026-09,190,1,1,1,1,2,1,1,3,0,0,0.655442,0.655442,0.57956,0.731323,0.584207,ai_unified_email_engine,14,10,low_density,1,1,,,,,,,1,2
R001304,2026-09-01,2026-09,212,1,1,1,1,2,1,1,3,0,0,0.620178,0.620178,0.615916,0.624439,0,ai_unified_email_engine,14,90,high_density,1,1,,,,,,,1,3
R001305,2026-09-01,2026-09,257,1,1,1,1,2,1,1,3,1,0.1111,0.695866,0.695866,0.678606,0.713126,0.621973,ai_unified_email_engine,14,17,low_density,1,1,,,,,,,1,4
R001306,2026-09-01,2026-09,339,1,1,1,1,2,1,1,3,1,0.0667,0.662126,0.662126,0.562634,0.761618,0,ai_unified_email_engine,14,39,high_density,1,1,,,,,,,1,7
R001307,2026-09-01,2026-09,194,1,1,1,1,2,1,1,3,0,0,0.794981,0.794981,0.77245,0.817511,0.604969,ai_unified_email_engine,14,33,medium_density,1,1,,,,,,,1,2
R001308,2026-09-01,2026-09,391,1,1,1,1,2,1,1,3,1,0.0588,0.820398,0.820398,0.811838,0.828958,0.546444,ai_unified_email_engine,14,130,high_density,1,1,,,,,,,1,8
R001309,2026-09-01,2026-09,236,1,1,1,1,2,1,1,3,1,0.1429,0.561518,0.561518,0.555762,0.567273,0.580195,ai_unified_email_engine,14,17,low_density,1,1,,,,,,,1,3
R001310,2026-09-01,2026-09,268,1,1,1,1,2,1,1,3,0,0,0.707609,0.707609,0.61735,0.797868,0.576397,ai_unified_email_engine,14,33,medium_density,1,1,,,,,,,1,4
R001311,2026-09-01,2026-09,161,1,1,1,1,2,1,1,3,1,0.3333,0.602945,0.602945,0.565478,0.640412,0.291076,ai_unified_email_engine,14,9,very_low_density,1,1,,,,,,,1,1
R001312,2026-09-01,2026-09,251,1,1,1,1,2,1,1,3,0,0,0.727649,0.727649,0.715503,0.739795,0.56909,ai_unified_email_engine,14,130,high_density,1,1,,,,,,,1,4
R001313,2026-09-01,2026-09,154,1,1,1,1,1,1,1,2,0,0,0.447542,0.447542,0.447542,0.447542,0,ai_unified_email_engine,14,35,medium_density,1,1,,,,,,,1,1
R001314,2026-09-01,2026-09,342,1,1,1,1,2,1,1,3,0,0,0.560618,0.560618,0.519054,0.602181,0.581016,ai_unified_email_engine,14,56,high_density,1,1,,,,,,,1,7
R001315,2026-09-01,2026-09,69,1,1,1,1,2,1,0,3,0,0,0.840904,0.840904,0.828546,0.853262,0.676172,ai_unified_email_engine,14,39,high_density,1,1,,,,,,,1,0
R001316,2026-09-01,2026-09,332,1,1,1,1,2,1,1,3,0,0,0.586873,0.586873,0.44625,0.727497,0.36089,ai_unified_email_engine,14,24,medium_density,1,1,,,,,,,1,6
R001317,2026-09-01,2026-09,114,1,1,1,1,2,1,0,3,0,0,0.808605,0.808605,0.790644,0.826565,0.536553,ai_unified_email_engine,14,56,high_density,1,1,,,,,,,1,0
R001318,2026-09-01,2026-09,342,1,1,1,1,2,1,1,3,1,0.0667,0.808711,0.808711,0.779163,0.838258,0.352228,ai_unified_email_engine,14,13,low_density,1,1,,,,,,,1,7
R001319,2026-09-01,2026-09,238,1,1,1,1,2,1,1,3,0,0,0.810331,0.810331,0.809742,0.81092,0.536808,ai_unified_email_engine,14,72,high_density,1,1,,,,,,,1,4
R001320,2026-09-01,2026-09,208,1,1,1,1,2,1,1,3,0,0,0.568376,0.568376,0.549914,0.586838,0.132216,ai_unified_email_engine,14,49,high_density,1,1,,,,,,,1,2
R001321,2026-09-01,2026-09,385,1,1,1,1,2,1,1,3,0,0,0.766331,0.766331,0.76483,0.767832,0.49661,ai_unified_email_engine,14,130,high_density,1,1,,,,,,,1,8
R001322,2026-09-01,2026-09,236,1,1,1,1,2,1,1,3,0,0,0.742358,0.742358,0.640638,0.844078,0,ai_unified_email_engine,14,72,high_density,1,1,,,,,,,1,2
R001323,2026-09-01,2026-09,158,1,1,1,1,2,1,1,3,1,0.3333,0.521706,0.521706,0.475845,0.567568,0.416617,ai_unified_email_engine,14,34,medium_density,1,1,,,,,,,1,1
R001324,2026-09-01,2026-09,356,1,1,1,1,2,1,1,3,0,0,0.782831,0.782831,0.772677,0.792985,0.571622,ai_unified_email_engine,14,56,high_density,1,1,,,,,,15,0,7
R001325,2026-09-01,2026-09,151,1,1,1,1,2,1,0,3,0,0,0.512658,0.512658,0.461459,0.563857,0.543689,ai_unified_email_engine,14,8,very_low_density,1,1,,,,,,,1,0
R001326,2026-09-01,2026-09,124,1,1,1,1,2,1,0,3,0,0,0.529982,0.529982,0.444186,0.615777,0.552161,ai_unified_email_engine,14,33,medium_density,1,1,,,,,,,1,0
R001327,2026-09-01,2026-09,242,1,1,1,1,2,1,1,3,0,0,0.618489,0.618489,0.618045,0.618934,0.590278,ai_unified_email_engine,14,7,very_low_density,1,1,,,,,,,1,4
R001328,2026-09-01,2026-09,39,1,1,1,1,2,1,0,3,0,0,0.667058,0.667058,0.59441,0.739705,0.563825,ai_unified_email_engine,14,27,medium_density,1,1,,,,,,,1,0
R001329,2026-09-01,2026-09,240,1,1,1,1,2,1,1,3,0,0,0.806619,0.806619,0.771594,0.841643,0.583659,ai_unified_email_engine,14,98,high_density,1,1,,,,,,,1,4
R001330,2026-09-01,2026-09,428,1,1,1,1,2,1,1,3,2,0.1,0.699709,0.699709,0.603963,0.795455,0,ai_unified_email_engine,14,31,medium_density,1,1,,,,,,,1,10
R001331,2026-09-01,2026-09,327,1,1,1,1,2,1,1,3,0,0,0.738281,0.738281,0.727429,0.749133,0.556932,ai_unified_email_engine,14,130,high_density,1,1,,,,,,,1,6
R001332,2026-09-01,2026-09,381,1,1,1,1,2,1,1,3,0,0,0.578579,0.578579,0.576766,0.580392,0.553295,ai_unified_email_engine,14,39,high_density,1,1,,,,,,,1,8
R001333,2026-09-01,2026-09,111,1,1,1,1,2,1,0,3,0,0,0.697065,0.697065,0.584208,0.809923,0.557515,ai_unified_email_engine,14,10,low_density,1,1,,,,,,,1,0
R001334,2026-09-01,2026-09,320,1,1,1,1,2,1,1,3,1,0.0833,0.660539,0.660539,0.541679,0.779398,0.558416,ai_unified_email_engine,14,26,medium_density,1,1,,,,,,,1,6
R001335,2026-09-01,2026-09,303,1,1,1,1,2,1,1,3,0,0,0.699596,0.699596,0.600474,0.798718,0,ai_unified_email_engine,14,26,medium_density,1,1,,,,,,,1,6
R001336,2026-09-01,2026-09,378,1,1,1,1,2,1,1,3,3,0.1765,0.83821,0.83821,0.833547,0.842872,0.599652,ai_unified_email_engine,14,72,high_density,1,1,,,,,,,1,9
R001337,2026-09-01,2026-09,396,1,1,1,1,2,1,1,3,0,0,0.817679,0.817679,0.795967,0.83939,0.529248,ai_unified_email_engine,14,98,high_density,1,1,,,,,,,1,8
R001338,2026-09-01,2026-09,200,1,1,1,1,2,1,1,3,0,0,0.583573,0.583573,0.556541,0.610605,0.209264,ai_unified_email_engine,14,14,low_density,1,1,,,,,,,1,2
R001339,2026-09-01,2026-09,271,1,1,1,1,2,1,1,3,0,0,0.278947,0.278947,0.276727,0.281167,0.413574,ai_unified_email_engine,14,24,medium_density,1,1,,,,,,,1,4
R001340,2026-09-01,2026-09,340,1,1,1,1,2,1,1,3,1,0.0667,0.725416,0.725416,0.701738,0.749094,0.586187,ai_unified_email_engine,14,69,high_density,1,1,,,,,,,1,7
R001341,2026-09-01,2026-09,39,1,1,1,1,2,1,0,3,0,0,0.749105,0.749105,0.674172,0.824037,0.574337,ai_unified_email_engine,14,56,high_density,1,1,,,,,,,1,0
R001342,2026-09-01,2026-09,342,1,1,1,1,2,1,1,3,1,0.0625,0.827989,0.827989,0.81092,0.845059,0.56287,ai_unified_email_engine,14,72,high_density,1,1,,,,,,,1,8
R001343,2026-09-01,2026-09,459,1,1,1,1,2,1,1,3,1,0.0417,0.76564,0.76564,0.761859,0.769421,0,ai_unified_email_engine,14,31,medium_density,1,1,,,,,,,1,11
R001344,2026-09-01,2026-09,266,1,1,1,1,2,1,1,3,0,0,0.626419,0.626419,0.592004,0.660833,0.559831,ai_unified_email_engine,14,33,medium_density,1,1,,,,,,,1,4
R001345,2026-09-01,2026-09,343,1,1,1,1,2,1,1,3,0,0,0.752279,0.752279,0.736361,0.768196,0.641443,ai_unified_email_engine,14,39,high_density,1,1,,,,,,,1,7
R001346,2026-09-01,2026-09,201,1,1,1,1,2,1,1,3,0,0,0.830858,0.830858,0.814315,0.847401,0.606921,ai_unified_email_engine,14,28,medium_density,1,1,,,,,,,1,2
R001347,2026-09-01,2026-09,387,1,1,1,1,2,1,1,3,0,0,0.807292,0.807292,0.804432,0.810152,0.57486,ai_unified_email_engine,14,98,high_density,1,1,,,,,,,1,8
R001348,2026-09-01,2026-09,308,1,1,1,1,2,1,1,3,0,0,0.742524,0.742524,0.712576,0.772472,0.609752,ai_unified_email_engine,14,42,high_density,1,1,,,,,,,1,6
R001349,2026-09-01,2026-09,216,1,1,1,1,2,1,1,3,1,0.1429,0.659747,0.659747,0.649388,0.670105,0.577573,ai_unified_email_engine,14,23,low_density,1,1,,,,,,,1,3
R001350,2026-09-01,2026-09,186,1,1,1,1,2,1,1,3,0,0,0.658552,0.658552,0.611201,0.705902,0.28691,ai_unified_email_engine,14,23,low_density,1,1,,,,,,,1,2
R001351,2026-09-01,2026-09,374,1,1,1,1,2,1,1,3,2,0.1111,0.7834,0.7834,0.756666,0.810134,0.552604,ai_unified_email_engine,14,72,high_density,1,1,,,,,,,1,9
R001352,2026-09-01,2026-09,236,1,1,1,1,2,1,1,3,0,0,0.843139,0.843139,0.83811,0.848167,0.559493,ai_unified_email_engine,14,27,medium_density,1,1,,,,,,,1,3
R001353,2026-09-01,2026-09,418,1,1,1,1,2,1,1,3,1,0.0526,0.746259,0.746259,0.744253,0.748264,0.283393,ai_unified_email_engine,14,53,high_density,1,1,,,,,,,1,9
R001354,2026-09-01,2026-09,385,1,1,1,1,2,1,1,3,0,0,0.808164,0.808164,0.793291,0.823036,0.506229,ai_unified_email_engine,14,35,medium_density,1,1,,,,,,,1,8
R001355,2026-09-01,2026-09,169,1,1,1,1,2,1,1,3,0,0,0.736781,0.736781,0.725638,0.747924,0.504507,ai_unified_email_engine,14,53,high_density,1,1,,,,,,0,0,1
R001356,2026-09-01,2026-09,235,1,1,1,1,2,1,1,3,1,0.1429,0.541652,0.541652,0.458985,0.624319,0,ai_unified_email_engine,14,42,high_density,1,1,,,,,,,1,3
R001357,2026-09-01,2026-09,52,1,1,1,1,2,1,0,3,0,0,0.689409,0.689409,0.538955,0.839862,0.398461,ai_unified_email_engine,14,27,medium_density,1,1,,,,,,,1,0
R001358,2026-09-01,2026-09,347,1,1,1,1,2,1,1,3,0,0,0.713954,0.713954,0.713329,0.714578,0.576193,ai_unified_email_engine,14,130,high_density,1,1,,,,,,,1,7
R001359,2026-09-01,2026-09,115,1,1,1,1,2,1,0,3,0,0,0.806442,0.806442,0.783358,0.829525,0.586434,ai_unified_email_engine,14,56,high_density,1,1,,,,,,,1,0
R001360,2026-09-01,2026-09,236,1,1,1,1,2,1,1,3,0,0,0.617612,0.617612,0.562822,0.672401,0.124179,ai_unified_email_engine,14,130,high_density,1,1,,,,,,,1,3
R001361,2026-09-01,2026-09,125,1,1,1,1,2,1,0,3,0,0,0.615751,0.615751,0.615124,0.616377,0.558139,ai_unified_email_engine,14,90,high_density,1,1,,,,,,,1,0
R001362,2026-09-01,2026-09,332,1,1,1,1,2,1,1,3,0,0,0.59515,0.59515,0.589376,0.600923,0.500825,ai_unified_email_engine,14,130,high_density,1,1,,,,,,,1,6
R001363,2026-09-01,2026-09,339,1,1,1,1,2,1,1,3,0,0,0.549108,0.549108,0.547763,0.550453,0.580848,ai_unified_email_engine,14,24,medium_density,1,1,,,,,,,1,4
R001364,2026-09-01,2026-09,322,1,1,1,1,2,1,1,3,1,0.0667,0.467745,0.467745,0.379799,0.555691,0.598005,ai_unified_email_engine,14,72,high_density,1,1,,,,,,,1,7
R001365,2026-09-01,2026-09,267,1,1,1,1,2,1,1,3,1,0.1111,0.565415,0.565415,0.531552,0.599278,0.574273,ai_unified_email_engine,14,35,medium_density,1,1,,,,,,,1,4
R001366,2026-09-01,2026-09,237,1,1,1,1,2,1,1,3,0,0,0.679276,0.679276,0.553369,0.805183,0,ai_unified_email_engine,14,22,low_density,1,1,,,,,,,1,3
R001367,2026-09-01,2026-09,161,1,1,1,1,2,1,1,3,0,0,0.80371,0.80371,0.765112,0.842308,0.502286,ai_unified_email_engine,14,34,medium_density,1,1,,,,,,15,0,1
R001368,2026-09-01,2026-09,125,1,1,1,1,2,1,0,3,0,0,0.575159,0.575159,0.572615,0.577702,0.621537,ai_unified_email_engine,14,53,high_density,1,1,,,,,,,1,0
R001369,2026-09-01,2026-09,216,1,1,1,1,2,1,1,3,0,0,0.432257,0.432257,0.394238,0.470277,0.48793,ai_unified_email_engine,14,130,high_density,1,1,,,,,,,1,3
R001370,2026-09-01,2026-09,351,1,1,1,1,2,1,1,3,0,0,0.516314,0.516314,0.419017,0.61361,0.553931,ai_unified_email_engine,14,56,high_density,1,1,,,,,,,1,7
R001371,2026-09-01,2026-09,301,1,1,1,1,2,1,1,3,0,0,0.646346,0.646346,0.504408,0.788283,0.393371,ai_unified_email_engine,14,90,high_density,1,1,,,,,,,1,6
R001372,2026-09-01,2026-09,292,1,1,1,1,2,1,1,3,0,0,0.558232,0.558232,0.543958,0.572506,0,ai_unified_email_engine,14,23,low_density,1,1,,,,,,,1,3
R001373,2026-09-01,2026-09,374,1,1,1,1,2,1,1,3,0,0,0.587182,0.587182,0.558448,0.615916,0.194197,ai_unified_email_engine,14,90,high_density,1,1,,,,,,,1,8
R001374,2026-09-01,2026-09,321,1,1,1,1,2,1,1,3,0,0,0.481094,0.481094,0.450797,0.51139,0.556004,ai_unified_email_engine,14,23,low_density,1,1,,,,,,,1,6
R001375,2026-09-01,2026-09,37,1,1,1,1,2,1,0,3,0,0,0.761256,0.761256,0.760109,0.762402,0.443982,ai_unified_email_engine,14,90,high_density,1,1,,,,,,,1,0
R001376,2026-09-01,2026-09,57,1,1,1,1,2,1,0,3,0,0,0.763441,0.763441,0.755285,0.771597,0.593528,ai_unified_email_engine,14,39,high_density,1,1,,,,,,,1,0
R001377,2026-09-01,2026-09,171,1,1,1,1,2,1,1,3,0,0,0.682284,0.682284,0.636121,0.728447,0.489115,ai_unified_email_engine,14,130,high_density,1,1,,,,,,,1,1
R001378,2026-09-01,2026-09,130,1,1,1,1,2,1,0,3,0,0,0.757897,0.757897,0.693526,0.822268,0.639929,ai_unified_email_engine,14,90,high_density,1,1,,,,,,,1,0
R001379,2026-09-01,2026-09,407,1,1,1,1,2,1,1,3,0,0,0.472544,0.472544,0.465285,0.479803,0,ai_unified_email_engine,14,30,medium_density,1,1,,,,,,,1,3
R001380,2026-09-01,2026-09,381,1,1,1,1,2,1,1,3,0,0,0.663383,0.663383,0.591108,0.735659,0,ai_unified_email_engine,14,49,high_density,1,1,,,,,,,1,3
R001381,2026-09-01,2026-09,252,1,1,1,1,2,1,1,3,1,0.125,0.664416,0.664416,0.551905,0.776926,0.528403,ai_unified_email_engine,14,9,very_low_density,1,1,,,,,,,1,4
R001382,2026-09-01,2026-09,95,1,1,1,1,2,1,0,3,0,0,0.355088,0.355088,0.250404,0.459771,0.239859,ai_unified_email_engine,14,69,high_density,1,1,,,,,,,1,0
R001383,2026-09-01,2026-09,328,1,1,1,1,2,1,1,3,1,0.0769,0.787326,0.787326,0.75812,0.816531,0.57759,ai_unified_email_engine,14,130,high_density,1,1,,,,,,,1,6
R001384,2026-09-01,2026-09,126,1,1,1,1,2,1,0,3,0,0,0.798539,0.798539,0.774839,0.822239,0.482585,ai_unified_email_engine,14,31,medium_density,1,1,,,,,,,1,0
R001385,2026-09-01,2026-09,227,1,1,1,1,2,1,1,3,0,0,0.697678,0.697678,0.643376,0.75198,0.541518,ai_unified_email_engine,14,27,medium_density,1,1,,,,,,,1,3
R001386,2026-09-01,2026-09,330,1,1,1,1,2,1,1,3,0,0,0.483724,0.483724,0.464616,0.502831,0.318493,ai_unified_email_engine,14,45,high_density,1,1,,,,,,,1,6
R001387,2026-09-01,2026-09,376,1,1,1,1,2,1,1,3,0,0,0.66925,0.66925,0.635704,0.702796,0,ai_unified_email_engine,14,130,high_density,1,1,,,,,,,1,8
R001388,2026-09-01,2026-09,351,1,1,1,1,2,1,1,3,0,0,0.569271,0.569271,0.452463,0.686078,0.202579,ai_unified_email_engine,14,35,medium_density,1,1,,,,,,,1,7
R001389,2026-09-01,2026-09,231,1,1,1,1,2,1,1,3,1,0.1429,0.687985,0.687985,0.634834,0.741135,0,ai_unified_email_engine,14,26,medium_density,1,1,,,,,,,1,3
R001390,2026-09-01,2026-09,247,1,1,1,1,2,1,1,3,1,0.1111,0.779281,0.779281,0.754459,0.804103,0.600947,ai_unified_email_engine,14,35,medium_density,1,1,,,,,,,1,4
R001391,2026-09-01,2026-09,355,1,1,1,1,2,1,1,3,1,0.0667,0.81531,0.81531,0.807494,0.823126,0.507596,ai_unified_email_engine,14,53,high_density,1,1,,,,,,,1,7
R001392,2026-09-01,2026-09,335,1,1,1,1,2,1,1,3,1,0.0667,0.696004,0.696004,0.582054,0.809953,0.56015,ai_unified_email_engine,14,11,low_density,1,1,,,,,,,1,7
R001393,2026-09-01,2026-09,293,1,1,1,1,2,1,1,3,0,0,0.560474,0.560474,0.506882,0.614066,0,ai_unified_email_engine,14,35,medium_density,1,1,,,,,,,1,2
R001394,2026-09-01,2026-09,197,1,1,1,1,2,1,1,3,0,0,0.599288,0.599288,0.590959,0.607616,0.5529,ai_unified_email_engine,14,24,medium_density,1,1,,,,,,,1,1
R001395,2026-09-01,2026-09,427,1,1,1,1,2,1,1,3,1,0.0526,0.554104,0.554104,0.518722,0.589486,0.605815,ai_unified_email_engine,14,53,high_density,1,1,,,,,,,1,9
R001396,2026-09-01,2026-09,235,1,1,1,1,2,1,1,3,0,0,0.516655,0.516655,0.481714,0.551597,0.617051,ai_unified_email_engine,14,24,medium_density,1,1,,,,,,,1,3
R001397,2026-09-01,2026-09,115,1,1,1,1,2,1,0,3,0,0,0.8123,0.8123,0.80059,0.82401,0.61084,ai_unified_email_engine,14,98,high_density,1,1,,,,,,,1,0
R001398,2026-09-01,2026-09,164,1,1,1,1,2,1,1,3,0,0,0.760615,0.760615,0.701062,0.820168,0.138893,ai_unified_email_engine,14,18,low_density,1,1,,,,,,,1,1
R001399,2026-09-01,2026-09,201,1,1,1,1,2,1,1,3,1,0.3333,0.541988,0.541988,0.405761,0.678215,0.252665,ai_unified_email_engine,14,12,low_density,1,1,,,,,,,1,1
R001400,2026-09-01,2026-09,271,1,1,1,1,2,1,1,3,1,0.0909,0.474546,0.474546,0.426619,0.522472,0.585252,ai_unified_email_engine,14,24,medium_density,1,1,,,,,,,1,5
R001401,2026-09-01,2026-09,378,1,1,1,1,2,1,1,3,0,0,0.523373,0.523373,0.34858,0.698166,0.555523,ai_unified_email_engine,14,45,high_density,1,1,,,,,,,1,8
R001402,2026-09-01,2026-09,148,1,1,1,1,2,1,0,3,0,0,0.761399,0.761399,0.725317,0.79748,0.600342,ai_unified_email_engine,14,31,medium_density,1,1,,,,,,,1,0
R001403,2026-09-01,2026-09,242,1,1,1,1,2,1,1,3,1,0.1429,0.76414,0.76414,0.744408,0.783871,0.22349,ai_unified_email_engine,14,49,high_density,1,1,,,,,,,1,3
R001404,2026-09-01,2026-09,58,1,1,1,1,2,1,0,3,0,0,0.745173,0.745173,0.742866,0.747481,0.548101,ai_unified_email_engine,14,39,high_density,1,1,,,,,,,1,0
R001405,2026-09-01,2026-09,322,1,1,1,1,2,1,1,3,1,0.0769,0.718764,0.718764,0.682289,0.755239,0.577652,ai_unified_email_engine,14,11,low_density,1,1,,,,,,,1,6
R001406,2026-09-01,2026-09,201,1,1,1,1,2,1,1,3,1,0.2,0.622782,0.622782,0.570291,0.675273,0.57434,ai_unified_email_engine,14,13,low_density,1,1,,,,,,,1,2
R001407,2026-09-01,2026-09,271,1,1,1,1,2,1,1,3,0,0,0.462737,0.462737,0.449033,0.47644,0.406993,ai_unified_email_engine,14,34,medium_density,1,1,,,,,,,1,4
R001408,2026-09-01,2026-09,138,1,1,1,1,3,1,0,4,0,0,0.805323,0.805344,0.79926,0.811365,0.513542,ai_unified_email_engine,14,13,low_density,1,1,,,,,,,1,0
R001409,2026-09-01,2026-09,189,1,1,1,1,3,1,1,4,0,0,0.558249,0.555596,0.541882,0.577268,0.597432,ai_unified_email_engine,14,7,very_low_density,1,1,,,,,,,1,2
R001410,2026-09-01,2026-09,353,1,1,1,1,2,1,1,3,0,0,0.758923,0.758923,0.717235,0.80061,0.527197,ai_unified_email_engine,14,56,high_density,1,1,,,,,,0,0,5
R001411,2026-09-01,2026-09,233,1,1,1,1,2,1,1,3,1,0.1429,0.749248,0.749248,0.686937,0.811559,0.551287,ai_unified_email_engine,14,54,high_density,1,1,,,,,,,1,3
R001412,2026-09-01,2026-09,52,1,1,1,1,2,1,0,3,0,0,0.818203,0.818203,0.816719,0.819687,0.573636,ai_unified_email_engine,14,42,high_density,1,1,,,,,,,1,0
R001413,2026-09-01,2026-09,145,1,1,1,1,2,1,0,3,0,0,0.552897,0.552897,0.552867,0.552927,0.559756,ai_unified_email_engine,14,53,high_density,1,1,,,,,,,1,0
R001414,2026-09-01,2026-09,300,1,1,1,1,2,1,1,3,3,0.3333,0.489219,0.489219,0.486857,0.49158,0.360696,ai_unified_email_engine,14,3,very_low_density,1,1,,,,,,,1,5
R001415,2026-09-01,2026-09,236,1,1,1,1,2,1,1,3,0,0,0.826618,0.826618,0.819115,0.83412,0.550429,ai_unified_email_engine,14,38,high_density,1,1,,,,,,,1,3
R001416,2026-09-01,2026-09,244,1,1,1,1,2,1,1,3,0,0,0.662884,0.662884,0.635704,0.690064,0,ai_unified_email_engine,14,130,high_density,1,1,,,,,,,1,3
R001417,2026-09-01,2026-09,115,1,1,1,1,2,1,0,3,0,0,0.571568,0.571568,0.569546,0.57359,0.538285,ai_unified_email_engine,14,39,high_density,1,1,,,,,,,1,0
R001418,2026-09-01,2026-09,321,1,1,1,1,2,1,1,3,0,0,0.666347,0.666347,0.556541,0.776153,0.377099,ai_unified_email_engine,14,14,low_density,1,1,,,,,,0,0,6
R001419,2026-09-01,2026-09,241,1,1,1,1,2,1,1,3,0,0,0.758933,0.758933,0.675211,0.842654,0.57655,ai_unified_email_engine,14,130,high_density,1,1,,,,,,,1,4
R001420,2026-09-01,2026-09,340,1,1,1,1,2,1,1,3,0,0,0.384554,0.384554,0.250325,0.518782,0,ai_unified_email_engine,14,54,high_density,1,1,,,,,,,1,3
R001421,2026-09-01,2026-09,108,1,1,1,1,2,1,0,3,0,0,0.764788,0.764788,0.743434,0.786141,0.539154,ai_unified_email_engine,14,25,medium_density,1,1,,,,,,1,0,0
R001422,2026-09-01,2026-09,143,1,1,1,1,2,1,0,3,0,0,0.761072,0.761072,0.753948,0.768196,0.645455,ai_unified_email_engine,14,39,high_density,1,1,,,,,,,1,0
R001423,2026-09-01,2026-09,355,1,1,1,1,2,1,1,3,0,0,0.785141,0.785141,0.754607,0.815675,0.566495,ai_unified_email_engine,14,56,high_density,1,1,,,,,,,1,7
R001424,2026-09-01,2026-09,141,1,1,1,1,2,1,0,3,0,0,0.589562,0.589562,0.572399,0.606724,0.356308,ai_unified_email_engine,14,28,medium_density,1,1,,,,,,,1,0
R001425,2026-09-01,2026-09,96,1,1,1,1,2,1,0,3,0,0,0.771258,0.771258,0.750749,0.791767,0.513725,ai_unified_email_engine,14,25,medium_density,1,1,,,,,,,1,0
R001426,2026-09-01,2026-09,203,1,1,1,1,2,1,1,3,1,0.2,0.669213,0.669213,0.653017,0.685408,0.579458,ai_unified_email_engine,14,11,low_density,1,1,,,,,,,1,2
R001427,2026-09-01,2026-09,356,1,1,1,1,2,1,1,3,1,0.0667,0.549029,0.549029,0.539799,0.558259,0.668081,ai_unified_email_engine,14,56,high_density,1,1,,,,,,,1,7
R001428,2026-09-01,2026-09,212,1,1,1,1,2,1,1,3,0,0,0.702508,0.702508,0.57359,0.831425,0.514172,ai_unified_email_engine,14,39,high_density,1,1,,,,,,,1,3
R001429,2026-09-01,2026-09,272,1,1,1,1,2,1,1,3,0,0,0.577886,0.577886,0.567038,0.588733,0.530745,ai_unified_email_engine,14,34,medium_density,1,1,,,,,,,1,5
R001430,2026-09-01,2026-09,266,1,1,1,1,2,1,1,3,1,0.1111,0.51232,0.51232,0.503358,0.521282,0.318954,ai_unified_email_engine,14,12,low_density,1,1,,,,,,,1,4
R001431,2026-09-01,2026-09,133,1,1,1,1,2,1,0,3,0,0,0.734098,0.734098,0.682776,0.785419,0,ai_unified_email_engine,14,53,high_density,1,1,,,,,,,1,0
R001432,2026-09-01,2026-09,386,1,1,1,1,2,1,1,3,0,0,0.675601,0.675601,0.561699,0.789502,0.558442,ai_unified_email_engine,14,130,high_density,1,1,,,,,,,1,8
R001433,2026-09-01,2026-09,40,1,1,1,1,2,1,0,3,0,0,0.722366,0.722366,0.702541,0.742191,0.590015,ai_unified_email_engine,14,130,high_density,1,1,,,,,,,1,0
R001434,2026-09-01,2026-09,203,1,1,1,1,2,1,1,3,1,0.2,0.637093,0.637093,0.534963,0.739222,0.484692,ai_unified_email_engine,14,15,low_density,1,1,,,,,,,1,2
R001435,2026-09-01,2026-09,85,1,1,1,1,2,1,0,3,0,0,0.513384,0.513384,0.508806,0.517963,0.564474,ai_unified_email_engine,14,31,medium_density,1,1,,,,,,9,0,0
R001436,2026-09-01,2026-09,292,1,1,1,1,2,1,1,3,0,0,0.833863,0.833863,0.82926,0.838466,0.524703,ai_unified_email_engine,14,35,medium_density,1,1,,,,,,,1,5
R001437,2026-09-01,2026-09,165,1,1,1,1,2,1,1,3,0,0,0.81865,0.81865,0.795455,0.841845,0.272155,ai_unified_email_engine,14,48,high_density,1,1,,,,,,,1,1
R001438,2026-09-01,2026-09,146,1,1,1,1,3,1,0,4,0,0,0.647907,0.590068,0.58114,0.772513,0.307388,ai_unified_email_engine,14,31,medium_density,1,1,,,,,,,1,0
R001439,2026-09-01,2026-09,202,1,1,1,1,2,1,1,3,0,0,0.770115,0.770115,0.728239,0.81199,0,ai_unified_email_engine,14,54,high_density,1,1,,,,,,,1,2
R001440,2026-09-01,2026-09,249,1,1,1,1,2,1,1,3,0,0,0.748882,0.748882,0.742314,0.755449,0,ai_unified_email_engine,14,69,high_density,1,1,,,,,,,1,4
R001441,2026-09-01,2026-09,267,1,1,1,1,2,1,1,3,2,0.25,0.600099,0.600099,0.575426,0.624771,0.56764,ai_unified_email_engine,14,22,low_density,1,1,,,,,,,1,4
R001442,2026-09-01,2026-09,345,1,1,1,1,2,1,1,3,0,0,0.665094,0.665094,0.622206,0.707982,0.530536,ai_unified_email_engine,14,53,high_density,1,1,,,,,,,1,7
R001443,2026-09-01,2026-09,271,1,1,1,1,2,1,1,3,0,0,0.747109,0.747109,0.733386,0.760831,0.282601,ai_unified_email_engine,14,33,medium_density,1,1,,,,,,,1,5
R001444,2026-09-01,2026-09,240,1,1,1,1,2,1,1,3,0,0,0.429639,0.429639,0.281148,0.57813,0.603988,ai_unified_email_engine,14,11,low_density,1,1,,,,,,,1,4
R001445,2026-09-01,2026-09,212,1,1,1,1,2,1,1,3,0,0,0.690661,0.690661,0.658725,0.722597,0.5375,ai_unified_email_engine,14,130,high_density,1,1,,,,,,,1,2
R001446,2026-09-01,2026-09,242,1,1,1,1,2,1,1,3,0,0,0.774369,0.774369,0.772656,0.776083,0.523996,ai_unified_email_engine,14,42,high_density,1,1,,,,,,,1,4
R001447,2026-09-01,2026-09,384,1,1,1,1,2,1,1,3,0,0,0.754718,0.754718,0.702208,0.807228,0.584181,ai_unified_email_engine,14,130,high_density,1,1,,,,,,,1,8
R001448,2026-09-01,2026-09,251,1,1,1,1,2,1,1,3,0,0,0.786266,0.786266,0.780765,0.791767,0.540529,ai_unified_email_engine,14,25,medium_density,1,1,,,,,,,1,4
R001449,2026-09-01,2026-09,295,1,1,1,1,2,1,1,3,1,0.0909,0.815531,0.815531,0.807494,0.823567,0.569804,ai_unified_email_engine,14,53,high_density,1,1,,,,,,,1,5
R001450,2026-09-01,2026-09,64,1,1,1,1,2,1,0,3,0,0,0.587858,0.587858,0.558976,0.61674,0.541192,ai_unified_email_engine,14,90,high_density,1,1,,,,,,,1,0
R001451,2026-09-01,2026-09,343,1,1,1,1,2,1,1,3,1,0.0667,0.531216,0.531216,0.503596,0.558836,0,ai_unified_email_engine,14,39,high_density,1,1,,,,,,,1,7
R001452,2026-09-01,2026-09,57,1,1,1,1,2,1,0,3,0,0,0.782043,0.782043,0.781106,0.782979,0.682824,ai_unified_email_engine,14,130,high_density,1,1,,,,,,,1,0
R001453,2026-09-01,2026-09,208,1,1,1,1,2,1,1,3,0,0,0.825274,0.825274,0.803298,0.847249,0.622365,ai_unified_email_engine,14,130,high_density,1,1,,,,,,,1,2
R001454,2026-09-01,2026-09,312,1,1,1,1,2,1,1,3,0,0,0.529312,0.529312,0.354699,0.703925,0.294993,ai_unified_email_engine,14,39,high_density,1,1,,,,,,,1,6
R001455,2026-09-01,2026-09,236,1,1,1,1,2,1,1,3,0,0,0.771877,0.771877,0.755308,0.788445,0.343373,ai_unified_email_engine,14,48,high_density,1,1,,,,,,,1,3
R001456,2026-09-01,2026-09,301,1,1,1,1,2,1,1,3,1,0.0769,0.43811,0.43811,0.336446,0.539773,0,ai_unified_email_engine,14,19,low_density,1,1,,,,,,,1,6
R001457,2026-09-01,2026-09,272,1,1,1,1,2,1,1,3,0,0,0.562962,0.562962,0.517834,0.60809,0.301075,ai_unified_email_engine,14,35,medium_density,1,1,,,,,,,1,5
R001458,2026-09-01,2026-09,251,1,1,1,1,2,1,1,3,0,0,0.749484,0.749484,0.716296,0.782672,0.589933,ai_unified_email_engine,14,53,high_density,1,1,,,,,,,1,4
R001459,2026-09-01,2026-09,317,1,1,1,1,2,1,1,3,0,0,0.658697,0.658697,0.568182,0.749212,0,ai_unified_email_engine,14,54,high_density,1,1,,,,,,,1,6
R001460,2026-09-01,2026-09,218,1,1,1,1,1,1,1,2,0,0,0.447542,0.447542,0.447542,0.447542,0,ai_unified_email_engine,14,35,medium_density,1,1,,,,,,,1,3
R001461,2026-09-01,2026-09,202,1,1,1,1,3,1,1,4,1,0.1667,0.799751,0.809902,0.777526,0.811824,0.690106,ai_unified_email_engine,14,10,low_density,1,1,,,,,,,1,2
R001462,2026-09-01,2026-09,355,1,1,1,1,2,1,1,3,0,0,0.77201,0.77201,0.743336,0.800683,0,ai_unified_email_engine,14,56,high_density,1,1,,,,,,,1,7
R001463,2026-09-01,2026-09,343,1,1,1,1,2,1,1,3,0,0,0.679289,0.679289,0.668353,0.690225,0.217574,ai_unified_email_engine,14,130,high_density,1,1,,,,,,,1,7
R001464,2026-09-01,2026-09,289,1,1,1,1,2,1,1,3,1,0.0909,0.718201,0.718201,0.679708,0.756694,0.562833,ai_unified_email_engine,14,11,low_density,1,1,,,,,,,1,5
R001465,2026-09-01,2026-09,380,1,1,1,1,2,1,1,3,2,0.125,0.833555,0.833555,0.819439,0.84767,0.600802,ai_unified_email_engine,14,98,high_density,1,1,,,,,,,1,8
R001466,2026-09-01,2026-09,180,1,1,1,1,2,1,1,3,2,0.5,0.827182,0.827182,0.808756,0.845607,0.563615,ai_unified_email_engine,14,72,high_density,1,1,,,,,,,1,2
R001467,2026-09-01,2026-09,229,1,1,1,1,2,1,1,3,0,0,0.60865,0.60865,0.522513,0.694786,0.576332,ai_unified_email_engine,14,24,medium_density,1,1,,,,,,,1,3
R001468,2026-09-01,2026-09,355,1,1,1,1,2,1,1,3,0,0,0.391123,0.391123,0.276444,0.505801,0.58917,ai_unified_email_engine,14,35,medium_density,1,1,,,,,,,1,7
R001469,2026-09-01,2026-09,341,1,1,1,1,2,1,1,3,0,0,0.839857,0.839857,0.835713,0.844,0.520984,ai_unified_email_engine,14,42,high_density,1,1,,,,,,,1,7
R001470,2026-09-01,2026-09,236,1,1,1,1,2,1,1,3,0,0,0.408222,0.408222,0.358976,0.457468,0.580054,ai_unified_email_engine,14,25,medium_density,1,1,,,,,,,1,3
R001471,2026-09-01,2026-09,45,1,1,1,1,2,1,0,3,0,0,0.721428,0.721428,0.609721,0.833135,0.464753,ai_unified_email_engine,14,48,high_density,1,1,,,,,,,1,0
R001472,2026-09-01,2026-09,145,1,1,1,1,2,1,0,3,0,0,0.742219,0.742219,0.682413,0.802024,0.334355,ai_unified_email_engine,14,69,high_density,1,1,,,,,,,1,0
R001473,2026-09-01,2026-09,391,1,1,1,1,2,1,1,3,0,0,0.783849,0.783849,0.776775,0.790922,0.353057,ai_unified_email_engine,14,98,high_density,1,1,,,,,,,1,8
R001474,2026-09-01,2026-09,411,1,1,1,1,2,1,1,3,0,0,0.808231,0.808231,0.793425,0.823036,0.504018,ai_unified_email_engine,14,35,medium_density,1,1,,,,,,,1,9
R001475,2026-09-01,2026-09,95,1,1,1,1,2,1,0,3,0,0,0.773079,0.773079,0.751056,0.795103,0.492862,ai_unified_email_engine,14,98,high_density,1,1,,,,,,,1,0
R001476,2026-09-01,2026-09,354,1,1,1,1,2,1,1,3,2,0.1333,0.76106,0.76106,0.760586,0.761533,0.597793,ai_unified_email_engine,14,24,medium_density,1,1,,,,,,,1,8
R001477,2026-09-01,2026-09,319,1,1,1,1,2,1,1,3,0,0,0.619696,0.619696,0.501287,0.738105,0.603354,ai_unified_email_engine,14,31,medium_density,1,1,,,,,,,1,6
R001478,2026-09-01,2026-09,240,1,1,1,1,2,1,1,3,0,0,0.770267,0.770267,0.74875,0.791783,0.54593,ai_unified_email_engine,14,33,medium_density,1,1,,,,,,,1,3
R001479,2026-09-01,2026-09,352,1,1,1,1,2,1,1,3,0,0,0.770473,0.770473,0.746612,0.794334,0.550026,ai_unified_email_engine,14,130,high_density,1,1,,,,,,,1,7
R001480,2026-09-01,2026-09,303,1,1,1,1,2,1,1,3,1,0.0833,0.807297,0.807297,0.798602,0.815991,0.632736,ai_unified_email_engine,14,23,low_density,1,1,,,,,,,1,6
R001481,2026-09-01,2026-09,231,1,1,1,1,2,1,1,3,0,0,0.574688,0.574688,0.506995,0.64238,0.606606,ai_unified_email_engine,14,35,medium_density,1,1,,,,,,,1,3
R001482,2026-09-01,2026-09,376,1,1,1,1,2,1,1,3,0,0,0.499235,0.499235,0.488346,0.510124,0,ai_unified_email_engine,14,35,medium_density,1,1,,,,,,,1,3
R001483,2026-09-01,2026-09,205,1,1,1,1,2,1,1,3,0,0,0.482526,0.482526,0.396591,0.568461,0.560553,ai_unified_email_engine,14,26,medium_density,1,1,,,,,,,1,2
R001484,2026-09-01,2026-09,321,1,1,1,1,2,1,1,3,0,0,0.617722,0.617722,0.511702,0.723741,0.502741,ai_unified_email_engine,14,38,high_density,1,1,,,,,,,1,6
R001485,2026-09-01,2026-09,136,1,1,1,1,2,1,0,3,0,0,0.828783,0.828783,0.827086,0.830479,0.543287,ai_unified_email_engine,14,98,high_density,1,1,,,,,,,1,0
R001486,2026-09-01,2026-09,128,1,1,1,1,2,1,0,3,0,0,0.7626,0.7626,0.752231,0.772969,0.493926,ai_unified_email_engine,14,33,medium_density,1,1,,,,,,,1,0
R001487,2026-09-01,2026-09,341,1,1,1,1,2,1,1,3,0,0,0.819692,0.819692,0.778436,0.860948,0.40061,ai_unified_email_engine,14,69,high_density,1,1,,,,,,,1,7
R001488,2026-09-01,2026-09,269,1,1,1,1,2,1,1,3,1,0.0909,0.46056,0.46056,0.45966,0.461459,0.536941,ai_unified_email_engine,14,8,very_low_density,1,1,,,,,,,1,5
R001489,2026-09-01,2026-09,180,1,1,1,1,2,1,1,3,0,0,0.841827,0.841827,0.839243,0.84441,0.544101,ai_unified_email_engine,14,48,high_density,1,1,,,,,,4,0,2
R001490,2026-09-01,2026-09,365,1,1,1,1,2,1,1,3,0,0,0.431951,0.431951,0.40612,0.457782,0.507618,ai_unified_email_engine,14,39,high_density,1,1,,,,,,,1,8
R001491,2026-09-01,2026-09,114,1,1,1,1,2,1,0,3,0,0,0.848553,0.848553,0.847968,0.849137,0.623012,ai_unified_email_engine,14,48,high_density,1,1,,,,,,,1,0
R001492,2026-09-01,2026-09,421,1,1,1,1,2,1,1,3,1,0.0526,0.680761,0.680761,0.589486,0.772035,0.57773,ai_unified_email_engine,14,53,high_density,1,1,,,,,,,1,9
R001493,2026-09-01,2026-09,340,1,1,1,1,2,1,1,3,0,0,0.760131,0.760131,0.708111,0.81215,0.564757,ai_unified_email_engine,14,23,low_density,1,1,,,,,,,1,7
R001494,2026-09-01,2026-09,244,1,1,1,1,2,1,1,3,3,0.375,0.807732,0.807732,0.795722,0.819741,0.605653,ai_unified_email_engine,14,31,medium_density,1,1,,,,,,,1,4
R001495,2026-09-01,2026-09,241,1,1,1,1,2,1,1,3,0,0,0.421545,0.421545,0.372812,0.470277,0.667382,ai_unified_email_engine,14,130,high_density,1,1,,,,,,,1,4
R001496,2026-09-01,2026-09,184,1,1,1,1,2,1,1,3,0,0,0.749698,0.749698,0.723451,0.775945,0.515861,ai_unified_email_engine,14,24,medium_density,1,1,,,,,,,1,2
R001497,2026-09-01,2026-09,248,1,1,1,1,2,1,1,3,0,0,0.582013,0.582013,0.575967,0.588058,0.556749,ai_unified_email_engine,14,42,high_density,1,1,,,,,,,1,4
R001498,2026-09-01,2026-09,333,1,1,1,1,2,1,1,3,1,0.0714,0.68315,0.68315,0.588058,0.778241,0.572225,ai_unified_email_engine,14,42,high_density,1,1,,,,,,,1,7
R001499,2026-09-01,2026-09,123,1,1,1,1,2,1,0,3,0,0,0.744561,0.744561,0.744408,0.744713,0,ai_unified_email_engine,14,49,high_density,1,1,,,,,,,1,0
R001500,2026-09-01,2026-09,365,1,1,1,1,2,1,1,3,1,0.0588,0.737916,0.737916,0.707689,0.768142,0.402567,ai_unified_email_engine,14,49,high_density,1,1,,,,,,,1,8
R001501,2026-09-01,2026-09,320,1,1,1,1,2,1,1,3,0,0,0.52714,0.52714,0.501287,0.552992,0.62579,ai_unified_email_engine,14,31,medium_density,1,1,,,,,,,1,2
R001502,2026-09-01,2026-09,315,1,1,1,1,2,1,1,3,0,0,0.476143,0.476143,0.384103,0.568182,0,ai_unified_email_engine,14,31,medium_density,1,1,,,,,,,1,6
R001503,2026-09-01,2026-09,300,1,1,1,1,2,1,1,3,0,0,0.560309,0.560309,0.450532,0.670086,0.521412,ai_unified_email_engine,14,30,medium_density,1,1,,,,,,9,0,5
R001504,2026-09-01,2026-09,333,1,1,1,1,2,1,1,3,0,0,0.618717,0.618717,0.611201,0.626233,0,ai_unified_email_engine,14,23,low_density,1,1,,,,,,,1,6
R001505,2026-09-01,2026-09,241,1,1,1,1,2,1,1,3,0,0,0.668922,0.668922,0.646726,0.691118,0.518643,ai_unified_email_engine,14,16,low_density,1,1,,,,,,,1,2
R001506,2026-09-01,2026-09,282,1,1,1,1,2,1,1,3,1,0.0909,0.682921,0.682921,0.568713,0.797128,0.527022,ai_unified_email_engine,14,56,high_density,1,1,,,,,,,1,5
R001507,2026-09-01,2026-09,298,1,1,1,1,2,1,1,3,0,0,0.800504,0.800504,0.789983,0.811025,0.569027,ai_unified_email_engine,14,35,medium_density,1,1,,,,,,,1,5
R001508,2026-09-01,2026-09,317,1,1,1,1,2,1,1,3,0,0,0.725783,0.725783,0.706089,0.745476,0.527615,ai_unified_email_engine,14,54,high_density,1,1,,,,,,,1,6
R001509,2026-09-01,2026-09,242,1,1,1,1,2,1,1,3,0,0,0.83711,0.83711,0.835954,0.838265,0.544069,ai_unified_email_engine,14,56,high_density,1,1,,,,,,,1,4
R001510,2026-09-01,2026-09,240,1,1,1,1,2,1,1,3,0,0,0.669584,0.669584,0.662896,0.676271,0.485139,ai_unified_email_engine,14,98,high_density,1,1,,,,,,,1,4
R001511,2026-09-01,2026-09,292,1,1,1,1,2,1,1,3,0,0,0.50743,0.50743,0.488346,0.526513,0,ai_unified_email_engine,14,35,medium_density,1,1,,,,,,,1,5
R001512,2026-09-01,2026-09,379,1,1,1,1,2,1,1,3,0,0,0.688476,0.688476,0.568182,0.808769,0.261768,ai_unified_email_engine,14,90,high_density,1,1,,,,,,,1,8
R001513,2026-09-01,2026-09,243,1,1,1,1,2,1,1,3,1,0.1111,0.735003,0.735003,0.678606,0.7914,0.616505,ai_unified_email_engine,14,17,low_density,1,1,,,,,,,1,4
R001514,2026-09-01,2026-09,290,1,1,1,1,2,1,1,3,2,0.2,0.727233,0.727233,0.697772,0.756694,0.531894,ai_unified_email_engine,14,11,low_density,1,1,,,,,,,1,5
R001515,2026-09-01,2026-09,255,1,1,1,1,2,1,1,3,0,0,0.807817,0.807817,0.794929,0.820705,0.576136,ai_unified_email_engine,14,24,medium_density,1,1,,,,,,,1,4
R001516,2026-09-01,2026-09,145,1,1,1,1,2,1,0,3,0,0,0.703639,0.703639,0.62759,0.779688,0.573204,ai_unified_email_engine,14,14,low_density,1,1,,,,,,,1,0
R001517,2026-09-01,2026-09,131,1,1,1,1,2,1,0,3,0,0,0.560606,0.560606,0.541189,0.580022,0.542035,ai_unified_email_engine,14,27,medium_density,1,1,,,,,,,1,0
R001518,2026-09-01,2026-09,341,1,1,1,1,2,1,1,3,0,0,0.817439,0.817439,0.814148,0.82073,0.379837,ai_unified_email_engine,14,16,low_density,1,1,,,,,,,1,7
R001519,2026-09-01,2026-09,356,1,1,1,1,2,1,1,3,1,0.0667,0.429685,0.429685,0.320578,0.538793,0.104143,ai_unified_email_engine,14,33,medium_density,1,1,,,,,,,1,7
R001520,2026-09-01,2026-09,233,1,1,1,1,2,1,1,3,0,0,0.804628,0.804628,0.786666,0.82259,0.518994,ai_unified_email_engine,14,98,high_density,1,1,,,,,,,1,3
R001521,2026-09-01,2026-09,117,1,1,1,1,3,1,0,4,0,0,0.530662,0.541574,0.473595,0.576817,0.518938,ai_unified_email_engine,14,7,very_low_density,1,1,,,,,,,1,0
R001522,2026-09-01,2026-09,289,1,1,1,1,2,1,1,3,1,0.0909,0.573702,0.573702,0.538793,0.60861,0.15362,ai_unified_email_engine,14,33,medium_density,1,1,,,,,,,1,5
R001523,2026-09-01,2026-09,74,1,1,1,1,2,1,0,3,0,0,0.636086,0.636086,0.505764,0.766407,0.597508,ai_unified_email_engine,14,31,medium_density,1,1,,,,,,,1,0
R001524,2026-09-01,2026-09,382,1,1,1,1,2,1,1,3,0,0,0.604387,0.604387,0.604314,0.60446,0.541781,ai_unified_email_engine,14,98,high_density,1,1,,,,,,,1,8
R001525,2026-09-01,2026-09,300,1,1,1,1,2,1,1,3,0,0,0.784654,0.784654,0.780964,0.788344,0.534086,ai_unified_email_engine,14,35,medium_density,1,1,,,,,,,1,5
R001526,2026-09-01,2026-09,327,1,1,1,1,2,1,1,3,2,0.1667,0.736191,0.736191,0.686227,0.786154,0.606091,ai_unified_email_engine,14,69,high_density,1,1,,,,,,,1,6
R001527,2026-09-01,2026-09,375,1,1,1,1,2,1,1,3,1,0.0588,0.776991,0.776991,0.775364,0.778618,0.586217,ai_unified_email_engine,14,45,high_density,1,1,,,,,,,1,8
R001528,2026-09-01,2026-09,272,1,1,1,1,2,1,1,3,1,0.0909,0.667183,0.667183,0.555562,0.778804,0.582842,ai_unified_email_engine,14,24,medium_density,1,1,,,,,,,1,5
R001529,2026-09-01,2026-09,268,1,1,1,1,2,1,1,3,1,0.0909,0.786133,0.786133,0.768163,0.804103,0.553876,ai_unified_email_engine,14,35,medium_density,1,1,,,,,,7,0,5
R001530,2026-09-01,2026-09,299,1,1,1,1,2,1,1,3,2,0.2,0.720611,0.720611,0.666976,0.774245,0.523068,ai_unified_email_engine,14,7,very_low_density,1,1,,,,,,,1,5
R001531,2026-09-01,2026-09,168,1,1,1,1,2,1,1,3,0,0,0.756258,0.756258,0.681012,0.831504,0.598539,ai_unified_email_engine,14,39,high_density,1,1,,,,,,1,0,1
R001532,2026-09-01,2026-09,412,1,1,1,1,2,1,1,3,0,0,0.583238,0.583238,0.572615,0.593861,0.566002,ai_unified_email_engine,14,53,high_density,1,1,,,,,,,1,9
R001533,2026-09-01,2026-09,307,1,1,1,1,2,1,1,3,0,0,0.616416,0.616416,0.548051,0.684782,0.547187,ai_unified_email_engine,14,23,low_density,1,1,,,,,,,1,6
R001534,2026-09-01,2026-09,300,1,1,1,1,2,1,0,3,0,0,0.52422,0.52422,0.496146,0.552294,0.535633,ai_unified_email_engine,14,24,medium_density,1,1,,,,,,,1,0
R001535,2026-09-01,2026-09,353,1,1,1,1,2,1,1,3,0,0,0.534063,0.534063,0.503153,0.564973,0.565169,ai_unified_email_engine,14,53,high_density,1,1,,,,,,,1,7
R001536,2026-09-01,2026-09,339,1,1,1,1,2,1,1,3,0,0,0.461485,0.461485,0.388857,0.534113,0.513767,ai_unified_email_engine,14,49,high_density,1,1,,,,,,,1,7
R001537,2026-09-01,2026-09,224,1,1,1,1,2,1,1,3,0,0,0.81662,0.81662,0.809009,0.824231,0.568148,ai_unified_email_engine,14,130,high_density,1,1,,,,,,,1,3
R001538,2026-09-01,2026-09,319,1,1,1,1,2,1,1,3,1,0.0769,0.563284,0.563284,0.558259,0.568309,0.662119,ai_unified_email_engine,14,56,high_density,1,1,,,,,,,1,6
R001539,2026-09-01,2026-09,83,1,1,1,1,2,1,0,3,0,0,0.521344,0.521344,0.508761,0.533927,0.322411,ai_unified_email_engine,14,38,high_density,1,1,,,,,,,1,0
R001540,2026-09-01,2026-09,165,1,1,1,1,2,1,1,3,0,0,0.820766,0.820766,0.81421,0.827321,0.657625,ai_unified_email_engine,14,69,high_density,1,1,,,,,,,1,1
R001541,2026-09-01,2026-09,203,1,1,1,1,2,1,1,3,1,0.2,0.653719,0.653719,0.583549,0.723889,0.342706,ai_unified_email_engine,14,28,medium_density,1,1,,,,,,,1,2
R001542,2026-09-01,2026-09,174,1,1,1,1,2,1,1,3,0,0,0.612046,0.612046,0.608271,0.61582,0.514665,ai_unified_email_engine,14,48,high_density,1,1,,,,,,14,0,1
R001543,2026-09-01,2026-09,402,1,1,1,1,3,1,1,4,1,0.05,0.451186,0.54636,0.227273,0.579926,0.358755,ai_unified_email_engine,14,25,medium_density,1,1,,,,,,,1,9
R001544,2026-09-01,2026-09,355,1,1,1,1,2,1,1,3,0,0,0.631854,0.631854,0.563656,0.700052,0.593875,ai_unified_email_engine,14,53,high_density,1,1,,,,,,,1,7
R001545,2026-09-01,2026-09,303,1,1,1,1,2,1,1,3,0,0,0.637371,0.637371,0.519054,0.755688,0.555992,ai_unified_email_engine,14,56,high_density,1,1,,,,,,,1,6
R001546,2026-09-01,2026-09,236,1,1,1,1,2,1,1,3,1,0.1111,0.653508,0.653508,0.568496,0.738519,0.564707,ai_unified_email_engine,14,35,medium_density,1,1,,,,,,,1,4
R001547,2026-09-01,2026-09,111,1,1,1,1,2,1,0,3,0,0,0.824687,0.824687,0.822854,0.82652,0.613039,ai_unified_email_engine,14,90,high_density,1,1,,,,,,,1,0
R001548,2026-09-01,2026-09,197,1,1,1,1,2,1,1,3,0,0,0.783168,0.783168,0.78183,0.784505,0.577025,ai_unified_email_engine,14,12,low_density,1,1,,,,,,,1,1
R001549,2026-09-01,2026-09,258,1,1,1,1,2,1,1,3,0,0,0.735467,0.735467,0.656566,0.814367,0.554523,ai_unified_email_engine,14,56,high_density,1,1,,,,,,,1,4
R001550,2026-09-01,2026-09,142,1,1,1,1,2,1,0,3,0,0,0.766469,0.766469,0.761344,0.771594,0.565235,ai_unified_email_engine,14,98,high_density,1,1,,,,,,,1,0
R001551,2026-09-01,2026-09,240,1,1,1,1,3,1,1,4,0,0,0.530063,0.54636,0.485121,0.558708,0.382365,ai_unified_email_engine,14,25,medium_density,1,1,,,,,,,1,4
R001552,2026-09-01,2026-09,297,1,1,1,1,2,1,1,3,0,0,0.53771,0.53771,0.510447,0.564973,0.577986,ai_unified_email_engine,14,53,high_density,1,1,,,,,,,1,5
R001553,2026-09-01,2026-09,52,1,1,1,1,2,1,0,3,0,0,0.738586,0.738586,0.700028,0.777143,0.291744,ai_unified_email_engine,14,130,high_density,1,1,,,,,,,1,0
R001554,2026-09-01,2026-09,50,1,1,1,1,2,1,0,3,0,0,0.679164,0.679164,0.538375,0.819952,0.427566,ai_unified_email_engine,14,53,high_density,1,1,,,,,,,1,0
R001555,2026-09-01,2026-09,350,1,1,1,1,2,1,1,3,1,0.0667,0.809254,0.809254,0.802517,0.815991,0.6041,ai_unified_email_engine,14,23,low_density,1,1,,,,,,,1,7
R001556,2026-09-01,2026-09,163,1,1,1,1,2,1,1,3,0,0,0.647404,0.647404,0.612671,0.682136,0.476667,ai_unified_email_engine,14,28,medium_density,1,1,,,,,,,1,1
R001557,2026-09-01,2026-09,180,1,1,1,1,2,1,1,3,0,0,0.477914,0.477914,0.437864,0.517963,0.522801,ai_unified_email_engine,14,31,medium_density,1,1,,,,,,,1,1
R001558,2026-09-01,2026-09,323,1,1,1,1,2,1,1,3,0,0,0.500627,0.500627,0.411328,0.589925,0.556999,ai_unified_email_engine,14,38,high_density,1,1,,,,,,,1,6
R001559,2026-09-01,2026-09,53,1,1,1,1,2,1,0,3,0,0,0.62507,0.62507,0.531137,0.719003,0.541321,ai_unified_email_engine,14,56,high_density,1,1,,,,,,,1,0
R001560,2026-09-01,2026-09,34,1,1,1,1,2,1,0,3,0,0,0.514242,0.514242,0.479378,0.549105,0.27965,ai_unified_email_engine,14,3,very_low_density,1,1,,,,,,,1,0
R001561,2026-09-01,2026-09,158,1,1,1,1,2,1,1,3,0,0,0.766158,0.766158,0.765112,0.767203,0.467099,ai_unified_email_engine,14,34,medium_density,1,1,,,,,,,1,1
R001562,2026-09-01,2026-09,241,1,1,1,1,2,1,1,3,0,0,0.800853,0.800853,0.784194,0.817511,0.632883,ai_unified_email_engine,14,33,medium_density,1,1,,,,,,,1,4
R001563,2026-09-01,2026-09,259,1,1,1,1,2,1,1,3,0,0,0.637213,0.637213,0.531552,0.742874,0.561918,ai_unified_email_engine,14,35,medium_density,1,1,,,,,,,1,4
R001564,2026-09-01,2026-09,164,1,1,1,1,2,1,1,3,0,0,0.591331,0.591331,0.563838,0.618824,0.59605,ai_unified_email_engine,14,54,high_density,1,1,,,,,,0,0,1
R001565,2026-09-01,2026-09,362,1,1,1,1,2,1,1,3,0,0,0.749777,0.749777,0.732566,0.766988,0.531883,ai_unified_email_engine,14,130,high_density,1,1,,,,,,,1,7
R001566,2026-09-01,2026-09,319,1,1,1,1,2,1,1,3,0,0,0.566953,0.566953,0.543981,0.589925,0.536102,ai_unified_email_engine,14,38,high_density,1,1,,,,,,,1,6
R001567,2026-09-01,2026-09,335,1,1,1,1,2,1,1,3,0,0,0.663409,0.663409,0.556359,0.770459,0,ai_unified_email_engine,14,130,high_density,1,1,,,,,,,1,3
R001568,2026-09-01,2026-09,249,1,1,1,1,2,1,1,3,1,0.0909,0.828968,0.828968,0.812328,0.845607,0.584568,ai_unified_email_engine,14,72,high_density,1,1,,,,,,,1,5
R001569,2026-09-01,2026-09,246,1,1,1,1,2,1,1,3,0,0,0.666068,0.666068,0.626233,0.705902,0.28691,ai_unified_email_engine,14,23,low_density,1,1,,,,,,,1,4
R001570,2026-09-01,2026-09,199,1,1,1,1,2,1,1,3,0,0,0.669917,0.669917,0.560436,0.779398,0.5655,ai_unified_email_engine,14,26,medium_density,1,1,,,,,,,1,2
R001571,2026-09-01,2026-09,384,1,1,1,1,2,1,1,3,0,0,0.707965,0.707965,0.593723,0.822207,0.570411,ai_unified_email_engine,14,98,high_density,1,1,,,,,,,1,8
R001572,2026-09-01,2026-09,333,1,1,1,1,2,1,1,3,2,0.1429,0.770197,0.770197,0.7664,0.773993,0.546825,ai_unified_email_engine,14,45,high_density,1,1,,,,,,,1,7
R001573,2026-09-01,2026-09,230,1,1,1,1,2,1,1,3,0,0,0.574987,0.574987,0.412211,0.737763,0.246297,ai_unified_email_engine,14,31,medium_density,1,1,,,,,,,1,2
R001574,2026-09-01,2026-09,298,1,1,1,1,2,1,1,3,0,0,0.540087,0.540087,0.448637,0.631537,0.520511,ai_unified_email_engine,14,33,medium_density,1,1,,,,,,,1,5
R001575,2026-09-01,2026-09,291,1,1,1,1,3,1,1,4,1,0.0833,0.389703,0.389103,0.38299,0.397015,0.561269,ai_unified_email_engine,14,4,very_low_density,1,1,,,,,,,1,5
R001576,2026-09-01,2026-09,159,1,1,1,1,2,1,1,3,0,0,0.60655,0.60655,0.502062,0.711037,0.560776,ai_unified_email_engine,14,34,medium_density,1,1,,,,,,,1,1
R001577,2026-09-01,2026-09,250,1,1,1,1,2,1,1,3,0,0,0.617048,0.617048,0.61605,0.618045,0.573359,ai_unified_email_engine,14,7,very_low_density,1,1,,,,,,,1,4
R001578,2026-09-01,2026-09,297,1,1,1,1,2,1,1,3,1,0.0909,0.766499,0.766499,0.732283,0.800714,0.593077,ai_unified_email_engine,14,56,high_density,1,1,,,,,,,1,5
R001579,2026-09-01,2026-09,375,1,1,1,1,2,1,1,3,2,0.1111,0.587873,0.587873,0.576609,0.599138,0.583743,ai_unified_email_engine,14,72,high_density,1,1,,,,,,,1,9
R001580,2026-09-01,2026-09,235,1,1,1,1,2,1,1,3,0,0,0.454085,0.454085,0.44628,0.461889,0,ai_unified_email_engine,14,30,medium_density,1,1,,,,,,,1,3
R001581,2026-09-01,2026-09,79,1,1,1,1,2,1,0,3,0,0,0.69965,0.69965,0.591334,0.807965,0.604991,ai_unified_email_engine,14,13,low_density,1,1,,,,,,13,0,0
R001582,2026-09-01,2026-09,310,1,1,1,1,2,1,1,3,1,0.0769,0.576788,0.576788,0.574983,0.578592,0.57505,ai_unified_email_engine,14,56,high_density,1,1,,,,,,,1,6
R001583,2026-09-01,2026-09,269,1,1,1,1,2,1,1,3,1,0.0909,0.796708,0.796708,0.788002,0.805413,0.523195,ai_unified_email_engine,14,20,low_density,1,1,,,,,,,1,5
R001584,2026-09-01,2026-09,379,1,1,1,1,2,1,1,3,0,0,0.514947,0.514947,0.411964,0.61793,0,ai_unified_email_engine,14,45,high_density,1,1,,,,,,,1,8
R001585,2026-09-01,2026-09,218,1,1,1,1,2,1,1,3,1,0.1429,0.52079,0.52079,0.493626,0.547955,0.519211,ai_unified_email_engine,14,8,very_low_density,1,1,,,,,,,1,3
R001586,2026-09-01,2026-09,271,1,1,1,1,2,1,1,3,0,0,0.532917,0.532917,0.497652,0.568182,0,ai_unified_email_engine,14,22,low_density,1,1,,,,,,2,0,5
R001587,2026-09-01,2026-09,137,1,1,1,1,2,1,0,3,0,0,0.639268,0.639268,0.61735,0.661185,0.561119,ai_unified_email_engine,14,33,medium_density,1,1,,,,,,,1,0
R001588,2026-09-01,2026-09,198,1,1,1,1,2,1,1,3,0,0,0.610058,0.610058,0.608271,0.611844,0.491338,ai_unified_email_engine,14,48,high_density,1,1,,,,,,,1,1
R001589,2026-09-01,2026-09,236,1,1,1,1,2,1,1,3,0,0,0.646723,0.646723,0.498239,0.795207,0.537817,ai_unified_email_engine,14,69,high_density,1,1,,,,,,12,0,3
R001590,2026-09-01,2026-09,184,1,1,1,1,2,1,1,3,1,0.2,0.600734,0.600734,0.591199,0.610269,0.332439,ai_unified_email_engine,14,24,medium_density,1,1,,,,,,,1,2
R001591,2026-09-01,2026-09,255,1,1,1,1,2,1,1,3,0,0,0.548202,0.548202,0.543892,0.552511,0.40229,ai_unified_email_engine,14,24,medium_density,1,1,,,,,,,1,4
R001592,2026-09-01,2026-09,196,1,1,1,1,2,1,1,3,0,0,0.657674,0.657674,0.601385,0.713962,0.604465,ai_unified_email_engine,14,25,medium_density,1,1,,,,,,,1,2
R001593,2026-09-01,2026-09,220,1,1,1,1,2,1,1,3,0,0,0.650662,0.650662,0.601476,0.699847,0,ai_unified_email_engine,14,35,medium_density,1,1,,,,,,,1,3
R001594,2026-09-01,2026-09,69,1,1,1,1,2,1,0,3,0,0,0.82895,0.82895,0.822936,0.834965,0.573923,ai_unified_email_engine,14,56,high_density,1,1,,,,,,,1,0
R001595,2026-09-01,2026-09,340,1,1,1,1,2,1,1,3,1,0.0667,0.637042,0.637042,0.625763,0.648321,0.510407,ai_unified_email_engine,14,42,high_density,1,1,,,,,,,1,7
R001596,2026-09-01,2026-09,75,1,1,1,1,2,1,0,3,0,0,0.781475,0.781475,0.714578,0.848372,0.602208,ai_unified_email_engine,14,130,high_density,1,1,,,,,,,1,0
R001597,2026-09-01,2026-09,223,1,1,1,1,2,1,1,3,0,0,0.725704,0.725704,0.669407,0.782,0.597531,ai_unified_email_engine,14,31,medium_density,1,1,,,,,,,1,3
R001598,2026-09-01,2026-09,194,1,1,1,1,2,1,1,3,0,0,0.790987,0.790987,0.786518,0.795455,0.244429,ai_unified_email_engine,14,30,medium_density,2,1,,,,,,,1,2
R001599,2026-09-01,2026-09,330,1,1,1,1,2,1,1,3,1,0.0769,0.710287,0.710287,0.620889,0.799684,0.594423,ai_unified_email_engine,14,56,high_density,1,1,,,,,,,1,6
R001600,2026-09-01,2026-09,412,1,1,1,1,2,1,1,3,0,0,0.714529,0.714529,0.614102,0.814955,0.543659,ai_unified_email_engine,14,98,high_density,1,1,,,,,,,1,9
R001601,2026-09-01,2026-09,186,1,1,1,1,1,1,1,2,0,0,0.472231,0.472231,0.472231,0.472231,0,ai_unified_email_engine,14,8,very_low_density,1,1,,,,,,,0,2
R001602,2026-09-01,2026-09,253,1,1,1,1,2,1,1,3,0,0,0.52067,0.52067,0.496766,0.544573,0.277857,ai_unified_email_engine,14,9,very_low_density,1,1,,,,,,,1,4
R001603,2026-09-01,2026-09,234,1,1,1,1,2,1,1,3,0,0,0.52738,0.52738,0.522513,0.532246,0.578779,ai_unified_email_engine,14,24,medium_density,1,1,,,,,,,1,3
R001604,2026-09-01,2026-09,236,1,1,1,1,2,1,1,3,0,0,0.470762,0.470762,0.442616,0.498908,0.262417,ai_unified_email_engine,14,38,high_density,1,1,,,,,,,1,3
R001605,2026-09-01,2026-09,242,1,1,1,1,2,1,1,3,0,0,0.74057,0.74057,0.686893,0.794246,0.496966,ai_unified_email_engine,14,39,high_density,1,1,,,,,,,1,4
R001606,2026-09-01,2026-09,59,1,1,1,1,2,1,0,3,0,0,0.79414,0.79414,0.786256,0.802024,0.3615,ai_unified_email_engine,14,69,high_density,1,1,,,,,,,1,0
R001607,2026-09-01,2026-09,261,1,1,1,1,2,1,1,3,0,0,0.599169,0.599169,0.528253,0.670086,0.539961,ai_unified_email_engine,14,30,medium_density,1,1,,,,,,,1,4
R001608,2026-09-01,2026-09,249,1,1,1,1,2,1,1,3,0,0,0.665563,0.665563,0.597436,0.73369,0,ai_unified_email_engine,14,130,high_density,1,1,,,,,,,1,5
R001609,2026-09-01,2026-09,49,1,1,1,1,2,1,0,3,0,0,0.798155,0.798155,0.796497,0.799813,0.555616,ai_unified_email_engine,14,56,high_density,1,1,,,,,,,1,0
R001610,2026-09-01,2026-09,268,1,1,1,1,2,1,1,3,0,0,0.515691,0.515691,0.493788,0.537595,0.384139,ai_unified_email_engine,14,34,medium_density,1,1,,,,,,,1,4
R001611,2026-09-01,2026-09,140,1,1,1,1,2,1,0,3,0,0,0.789722,0.789722,0.769421,0.810022,0.264904,ai_unified_email_engine,14,31,medium_density,1,1,,,,,,,1,0
R001612,2026-09-01,2026-09,231,1,1,1,1,2,1,1,3,0,0,0.827961,0.827961,0.818603,0.837319,0.61135,ai_unified_email_engine,14,42,high_density,1,1,,,,,,,1,3
R001613,2026-09-01,2026-09,34,1,1,1,1,2,1,0,3,0,0,0.824446,0.824446,0.817418,0.831473,0.565181,ai_unified_email_engine,14,98,high_density,1,1,,,,,,,1,0
R001614,2026-09-01,2026-09,200,1,1,1,1,2,1,1,3,0,0,0.657532,0.657532,0.577819,0.737245,0.370242,ai_unified_email_engine,14,26,medium_density,1,1,,,,,,,1,2
R001615,2026-09-01,2026-09,45,1,1,1,1,2,1,0,3,0,0,0.531608,0.531608,0.506236,0.556979,0.361124,ai_unified_email_engine,14,54,high_density,1,1,,,,,,,1,0
R001616,2026-09-01,2026-09,111,1,1,1,1,2,1,0,3,0,0,0.690432,0.690432,0.6274,0.753463,0.549838,ai_unified_email_engine,14,53,high_density,1,1,,,,,,,1,0
R001617,2026-09-01,2026-09,63,1,1,1,1,1,1,0,2,0,0,0.840838,0.840838,0.840838,0.840838,0.532495,ai_unified_email_engine,14,23,low_density,1,1,,,,,,14,0,0
R001618,2026-09-01,2026-09,240,1,1,1,1,2,1,1,3,1,0.1111,0.514274,0.514274,0.431235,0.597314,0.55659,ai_unified_email_engine,14,35,medium_density,1,1,,,,,,,1,4
R001619,2026-09-01,2026-09,272,1,1,1,1,2,1,1,3,0,0,0.663569,0.663569,0.642433,0.684705,0.591912,ai_unified_email_engine,14,20,low_density,1,1,,,,,,,1,5
R001620,2026-09-01,2026-09,322,1,1,1,1,2,1,1,3,0,0,0.581273,0.581273,0.545271,0.617275,0.581032,ai_unified_email_engine,14,38,high_density,1,1,,,,,,,1,6
R001621,2026-09-01,2026-09,319,1,1,1,1,2,1,1,3,0,0,0.426275,0.426275,0.27442,0.57813,0.564515,ai_unified_email_engine,14,11,low_density,1,1,,,,,,,1,6
R001622,2026-09-01,2026-09,379,1,1,1,1,2,1,1,3,0,0,0.528099,0.528099,0.527449,0.528749,0,ai_unified_email_engine,14,98,high_density,1,1,,,,,,,1,2
R001623,2026-09-01,2026-09,376,1,1,1,1,2,1,1,3,2,0.1111,0.640624,0.640624,0.623979,0.65727,0.521258,ai_unified_email_engine,14,72,high_density,1,1,,,,,,,1,9
R001624,2026-09-01,2026-09,357,1,1,1,1,2,1,1,3,0,0,0.703864,0.703864,0.591016,0.816712,0.564796,ai_unified_email_engine,14,130,high_density,1,1,,,,,,0,0,7
R001625,2026-09-01,2026-09,259,1,1,1,1,2,1,1,3,0,0,0.494205,0.494205,0.493788,0.494622,0.369905,ai_unified_email_engine,14,34,medium_density,1,1,,,,,,,1,4
R001626,2026-09-01,2026-09,203,1,1,1,1,2,1,1,3,1,0.2,0.846319,0.846319,0.843665,0.848973,0.596813,ai_unified_email_engine,14,30,medium_density,1,1,,,,,,,1,2
R001627,2026-09-01,2026-09,249,1,1,1,1,2,1,1,3,1,0.1111,0.677104,0.677104,0.575967,0.778241,0.566211,ai_unified_email_engine,14,42,high_density,1,1,,,,,,,1,4
R001628,2026-09-01,2026-09,300,1,1,1,1,2,1,1,3,2,0.2,0.690007,0.690007,0.666976,0.713037,0.562003,ai_unified_email_engine,14,7,very_low_density,1,1,,,,,,,1,5
R001629,2026-09-01,2026-09,268,1,1,1,1,1,1,1,2,0,0,0.431817,0.431817,0.431817,0.431817,0,ai_unified_email_engine,14,56,high_density,1,1,,,,,,,1,4
R001630,2026-09-01,2026-09,244,1,1,1,1,3,1,1,4,1,0.125,0.410981,0.466016,0.270472,0.496456,0.355791,ai_unified_email_engine,14,7,very_low_density,1,1,,,,,,,1,4
R001631,2026-09-01,2026-09,341,1,1,1,1,2,1,1,3,0,0,0.494473,0.494473,0.438226,0.550719,0,ai_unified_email_engine,14,130,high_density,1,1,,,,,,,1,3
R001632,2026-09-01,2026-09,256,1,1,1,1,2,1,1,3,0,0,0.821774,0.821774,0.818146,0.825401,0.556123,ai_unified_email_engine,14,24,medium_density,1,1,,,,,,,1,4
R001633,2026-09-01,2026-09,231,1,1,1,1,2,1,1,3,0,0,0.756213,0.756213,0.731629,0.780797,0.287528,ai_unified_email_engine,14,42,high_density,1,1,,,,,,,1,3
R001634,2026-09-01,2026-09,313,1,1,1,1,2,1,1,3,1,0.0769,0.579343,0.579343,0.54676,0.611925,0.61095,ai_unified_email_engine,14,39,high_density,1,1,,,,,,,1,6
R001635,2026-09-01,2026-09,198,1,1,1,1,2,1,1,3,1,0.2,0.566045,0.566045,0.565478,0.566612,0.261219,ai_unified_email_engine,14,9,very_low_density,1,1,,,,,,,1,2
R001636,2026-09-01,2026-09,354,1,1,1,1,2,1,1,3,0,0,0.479422,0.479422,0.456165,0.502679,0,ai_unified_email_engine,14,130,high_density,1,1,,,,,,,1,5
R001637,2026-09-01,2026-09,301,1,1,1,1,2,1,1,3,0,0,0.538779,0.538779,0.514067,0.56349,0.553569,ai_unified_email_engine,14,8,very_low_density,1,1,,,,,,0,0,6
R001638,2026-09-01,2026-09,209,1,1,1,1,2,1,1,3,0,0,0.636443,0.636443,0.568182,0.704705,0.252253,ai_unified_email_engine,14,26,medium_density,1,1,,,,,,,1,2
R001639,2026-09-01,2026-09,231,1,1,1,1,2,1,1,3,0,0,0.561749,0.561749,0.543939,0.57956,0.592907,ai_unified_email_engine,14,10,low_density,1,1,,,,,,,1,3
R001640,2026-09-01,2026-09,323,1,1,1,1,2,1,1,3,2,0.1667,0.612767,0.612767,0.59301,0.632524,0.298261,ai_unified_email_engine,14,38,high_density,1,1,,,,,,,1,6
R001641,2026-09-01,2026-09,434,1,1,1,1,2,1,1,3,0,0,0.546177,0.546177,0.531936,0.560417,0,ai_unified_email_engine,14,30,medium_density,1,1,,,,,,,1,6
R001642,2026-09-01,2026-09,272,1,1,1,1,2,1,1,3,0,0,0.639109,0.639109,0.546779,0.731438,0.549956,ai_unified_email_engine,14,34,medium_density,1,1,,,,,,,1,5
R001643,2026-09-01,2026-09,340,1,1,1,1,2,1,1,3,0,0,0.389852,0.389852,0.279949,0.499755,0.574267,ai_unified_email_engine,14,42,high_density,1,1,,,,,,,1,7
R001644,2026-09-01,2026-09,240,1,1,1,1,2,1,1,3,0,0,0.864126,0.864126,0.847278,0.880973,0.199113,ai_unified_email_engine,14,54,high_density,1,1,,,,,,,1,4
R001645,2026-09-01,2026-09,322,1,1,1,1,2,1,1,3,0,0,0.566861,0.566861,0.554458,0.579263,0.631748,ai_unified_email_engine,14,26,medium_density,1,1,,,,,,,1,6
R001646,2026-09-01,2026-09,378,1,1,1,1,2,1,1,3,0,0,0.413598,0.413598,0.373486,0.45371,0.554456,ai_unified_email_engine,14,90,high_density,1,1,,,,,,,1,8
R001647,2026-09-01,2026-09,313,1,1,1,1,2,1,1,3,0,0,0.563522,0.563522,0.539442,0.587603,0.320407,ai_unified_email_engine,14,54,high_density,1,1,,,,,,,1,6
R001648,2026-09-01,2026-09,219,1,1,1,1,2,1,1,3,1,0.1429,0.74628,0.74628,0.74257,0.749991,0.54718,ai_unified_email_engine,14,8,very_low_density,1,1,,,,,,,1,3
R001649,2026-09-01,2026-09,248,1,1,1,1,2,1,1,3,1,0.1111,0.785872,0.785872,0.742866,0.828878,0.548519,ai_unified_email_engine,14,39,high_density,1,1,,,,,,,1,4
R001650,2026-09-01,2026-09,265,1,1,1,1,2,1,1,3,0,0,0.579485,0.579485,0.5788,0.580169,0.549538,ai_unified_email_engine,14,22,low_density,1,1,,,,,,5,0,4
R001651,2026-09-01,2026-09,166,1,1,1,1,2,1,1,3,0,0,0.389364,0.389364,0.270967,0.50776,0.561377,ai_unified_email_engine,14,35,medium_density,1,1,,,,,,,1,1
R001652,2026-09-01,2026-09,97,1,1,1,1,2,1,0,3,0,0,0.602633,0.602633,0.591164,0.614102,0.564086,ai_unified_email_engine,14,98,high_density,1,1,,,,,,,1,0
R001653,2026-09-01,2026-09,214,1,1,1,1,2,1,1,3,0,0,0.816165,0.816165,0.814047,0.818283,0.525556,ai_unified_email_engine,14,31,medium_density,1,1,,,,,,,1,3
R001654,2026-09-01,2026-09,325,1,1,1,1,2,1,1,3,0,0,0.844138,0.844138,0.844,0.844276,0.571224,ai_unified_email_engine,14,42,high_density,1,1,,,,,,,1,6
R001655,2026-09-01,2026-09,226,1,1,1,1,2,1,1,3,1,0.1429,0.68579,0.68579,0.630444,0.741135,0.243261,ai_unified_email_engine,14,26,medium_density,1,1,,,,,,,1,3
R001656,2026-09-01,2026-09,219,1,1,1,1,2,1,1,3,0,0,0.543299,0.543299,0.53033,0.556268,0.523146,ai_unified_email_engine,14,56,high_density,1,1,,,,,,,1,3
R001657,2026-09-01,2026-09,238,1,1,1,1,2,1,1,3,0,0,0.714447,0.714447,0.61056,0.818333,0.547344,ai_unified_email_engine,14,13,low_density,1,1,,,,,,,1,3
R001658,2026-09-01,2026-09,377,1,1,1,1,2,1,1,3,0,0,0.37979,0.37979,0.321938,0.437642,0.368088,ai_unified_email_engine,14,49,high_density,1,1,,,,,,,1,8
R001659,2026-09-01,2026-09,368,1,1,1,1,2,1,1,3,1,0.0588,0.769643,0.769643,0.768219,0.771067,0.511172,ai_unified_email_engine,14,39,high_density,1,1,,,,,,,1,8
R001660,2026-09-01,2026-09,118,1,1,1,1,2,1,0,3,0,0,0.76013,0.76013,0.758461,0.761799,0.556026,ai_unified_email_engine,14,53,high_density,1,1,,,,,,,1,0
R001661,2026-09-01,2026-09,316,1,1,1,1,2,1,1,3,0,0,0.696655,0.696655,0.552867,0.840442,0.543629,ai_unified_email_engine,14,53,high_density,1,1,,,,,,0,0,6
R001662,2026-09-01,2026-09,212,1,1,1,1,3,1,1,4,0,0,0.663094,0.746225,0.461722,0.781336,0.342595,ai_unified_email_engine,14,7,very_low_density,1,1,,,,,,,1,3
R001663,2026-09-01,2026-09,181,1,1,1,1,2,1,1,3,0,0,0.522935,0.522935,0.485164,0.560706,0.499228,ai_unified_email_engine,14,35,medium_density,1,1,,,,,,,1,1
R001664,2026-09-01,2026-09,355,1,1,1,1,2,1,1,3,1,0.0667,0.718776,0.718776,0.703364,0.734187,0.360448,ai_unified_email_engine,14,39,high_density,1,1,,,,,,,1,7
R001665,2026-09-01,2026-09,202,1,1,1,1,2,1,1,3,0,0,0.827557,0.827557,0.822854,0.83226,0.623454,ai_unified_email_engine,14,90,high_density,1,1,,,,,,6,0,2
R001666,2026-09-01,2026-09,79,1,1,1,1,2,1,0,3,0,0,0.721946,0.721946,0.699194,0.744698,0.521341,ai_unified_email_engine,14,35,medium_density,1,1,,,,,,,1,0
R001667,2026-09-01,2026-09,152,1,1,1,1,2,1,0,3,0,0,0.554582,0.554582,0.279059,0.830104,0.659437,ai_unified_email_engine,14,98,high_density,1,1,,,,,,,1,0
R001668,2026-09-01,2026-09,251,1,1,1,1,2,1,1,3,0,0,0.519305,0.519305,0.487013,0.551597,0.629079,ai_unified_email_engine,14,24,medium_density,1,1,,,,,,,1,4
R001669,2026-09-01,2026-09,271,1,1,1,1,2,1,1,3,0,0,0.670629,0.670629,0.646472,0.694786,0.544893,ai_unified_email_engine,14,34,medium_density,1,1,,,,,,,1,5
R001670,2026-09-01,2026-09,298,1,1,1,1,1,1,1,2,0,0,0.454545,0.454545,0.454545,0.454545,0,ai_unified_email_engine,14,38,high_density,1,1,,,,,,,1,5
R001671,2026-09-01,2026-09,158,1,1,1,1,2,1,1,3,0,0,0.605879,0.605879,0.601197,0.61056,0.580524,ai_unified_email_engine,14,13,low_density,1,1,,,,,,,1,1
R001672,2026-09-01,2026-09,194,1,1,1,1,2,1,1,3,0,0,0.782236,0.782236,0.726603,0.837869,0.504805,ai_unified_email_engine,14,17,low_density,1,1,,,,,,,1,2
R001673,2026-09-01,2026-09,203,1,1,1,1,2,1,1,3,0,0,0.804808,0.804808,0.796931,0.812685,0.539816,ai_unified_email_engine,14,25,medium_density,1,1,,,,,,,1,2
R001674,2026-09-01,2026-09,247,1,1,1,1,2,1,1,3,0,0,0.734441,0.734441,0.716651,0.752231,0.508674,ai_unified_email_engine,14,33,medium_density,1,1,,,,,,,1,4
R001675,2026-09-01,2026-09,186,1,1,1,1,3,1,1,4,1,0.1667,0.651226,0.693403,0.514049,0.746225,0.348973,ai_unified_email_engine,14,7,very_low_density,1,1,,,,,,,1,2
R001676,2026-09-01,2026-09,41,1,1,1,1,2,1,0,3,0,0,0.780621,0.780621,0.773781,0.78746,0.291628,ai_unified_email_engine,14,39,high_density,1,1,,,,,,,1,0
R001677,2026-09-01,2026-09,377,1,1,1,1,2,1,1,3,0,0,0.753659,0.753659,0.742239,0.76508,0.520613,ai_unified_email_engine,14,45,high_density,1,1,,,,,,,1,8
R001678,2026-09-01,2026-09,173,1,1,1,1,2,1,1,3,0,0,0.4889,0.4889,0.44625,0.531551,0.197022,ai_unified_email_engine,14,24,medium_density,1,1,,,,,,,1,1
R001679,2026-09-01,2026-09,201,1,1,1,1,2,1,1,3,0,0,0.545181,0.545181,0.514477,0.575885,0.153698,ai_unified_email_engine,14,15,low_density,1,1,,,,,,,1,2
R001680,2026-09-01,2026-09,178,1,1,1,1,2,1,1,3,0,0,0.832704,0.832704,0.820413,0.844995,0.585853,ai_unified_email_engine,14,31,medium_density,1,1,,,,,,0,0,1
R001681,2026-09-01,2026-09,337,1,1,1,1,2,1,1,3,0,0,0.679248,0.679248,0.573281,0.785214,0.594192,ai_unified_email_engine,14,49,high_density,1,1,,,,,,,1,7
R001682,2026-09-01,2026-09,308,1,1,1,1,2,1,1,3,0,0,0.450975,0.450975,0.281844,0.620106,0.593668,ai_unified_email_engine,14,56,high_density,1,1,,,,,,,1,6
R001683,2026-09-01,2026-09,360,1,1,1,1,2,1,1,3,0,0,0.713603,0.713603,0.604314,0.822892,0.54821,ai_unified_email_engine,14,98,high_density,1,1,,,,,,,1,7
R001684,2026-09-01,2026-09,78,1,1,1,1,2,1,0,3,0,0,0.812197,0.812197,0.783407,0.840987,0.267124,ai_unified_email_engine,14,35,medium_density,1,1,,,,,,,1,0
R001685,2026-09-01,2026-09,271,1,1,1,1,2,1,1,3,3,0.3333,0.461243,0.461243,0.42052,0.501965,0.568443,ai_unified_email_engine,14,3,very_low_density,1,1,,,,,,,1,5
R001686,2026-09-01,2026-09,296,1,1,1,1,2,1,1,3,0,0,0.448669,0.448669,0.277231,0.620106,0.566604,ai_unified_email_engine,14,56,high_density,1,1,,,,,,0,0,5
R001687,2026-09-01,2026-09,202,1,1,1,1,2,1,1,3,0,0,0.557236,0.557236,0.550453,0.56402,0.582272,ai_unified_email_engine,14,24,medium_density,1,1,,,,,,,1,2
R001688,2026-09-01,2026-09,212,1,1,1,1,2,1,1,3,0,0,0.776129,0.776129,0.736582,0.815675,0.622359,ai_unified_email_engine,14,56,high_density,1,1,,,,,,,1,3
R001689,2026-09-01,2026-09,318,1,1,1,1,2,1,1,3,0,0,0.778028,0.778028,0.761806,0.79425,0.553766,ai_unified_email_engine,14,53,high_density,1,1,,,,,,,1,6
R001690,2026-09-01,2026-09,82,1,1,1,1,2,1,0,3,0,0,0.729368,0.729368,0.717388,0.741348,0.512041,ai_unified_email_engine,14,24,medium_density,1,1,,,,,,10,0,0
R001691,2026-09-01,2026-09,198,1,1,1,1,1,1,1,2,0,0,0.464314,0.464314,0.464314,0.464314,0.250675,ai_unified_email_engine,14,17,low_density,1,1,,,,,,,1,1
R001692,2026-09-01,2026-09,160,1,1,1,1,2,1,1,3,0,0,0.766294,0.766294,0.746562,0.786026,0.531199,ai_unified_email_engine,14,53,high_density,1,1,,,,,,,1,1
R001693,2026-09-01,2026-09,269,1,1,1,1,2,1,1,3,2,0.1667,0.609186,0.609186,0.593601,0.624771,0.584153,ai_unified_email_engine,14,22,low_density,1,1,,,,,,,1,6
R001694,2026-09-01,2026-09,300,1,1,1,1,2,1,1,3,0,0,0.739345,0.739345,0.705439,0.773251,0.26933,ai_unified_email_engine,14,17,low_density,1,1,,,,,,12,0,5
R001695,2026-09-01,2026-09,335,1,1,1,1,2,1,1,3,1,0.0667,0.59115,0.59115,0.484749,0.69755,0,ai_unified_email_engine,14,69,high_density,1,1,,,,,,,1,7
R001696,2026-09-01,2026-09,249,1,1,1,1,2,1,1,3,0,0,0.797946,0.797946,0.783326,0.812565,0.507293,ai_unified_email_engine,14,53,high_density,1,1,,,,,,,1,4
R001697,2026-09-01,2026-09,271,1,1,1,1,3,1,1,4,0,0,0.551307,0.578399,0.466765,0.608757,0.547197,ai_unified_email_engine,14,34,medium_density,1,1,,,,,,,1,5
R001698,2026-09-01,2026-09,291,1,1,1,1,2,1,1,3,0,0,0.378513,0.378513,0.276954,0.480072,0.573891,ai_unified_email_engine,14,19,low_density,1,1,,,,,,,1,4
R001699,2026-09-01,2026-09,158,1,1,1,1,2,1,1,3,0,0,0.621436,0.621436,0.597314,0.645558,0.565977,ai_unified_email_engine,14,35,medium_density,1,1,,,,,,,1,1
R001700,2026-09-01,2026-09,142,1,1,1,1,2,1,0,3,0,0,0.741815,0.741815,0.718798,0.764831,0.444687,ai_unified_email_engine,14,35,medium_density,1,1,,,,,,,1,0
R001701,2026-09-01,2026-09,140,1,1,1,1,2,1,0,3,0,0,0.834096,0.834096,0.829615,0.838577,0.548458,ai_unified_email_engine,14,48,high_density,1,1,,,,,,,1,0
R001702,2026-09-01,2026-09,413,1,1,1,1,2,1,1,3,0,0,0.504766,0.504766,0.501348,0.508184,0,ai_unified_email_engine,14,30,medium_density,1,1,,,,,,,1,9
R001703,2026-09-01,2026-09,251,1,1,1,1,2,1,1,3,1,0.1429,0.797729,0.797729,0.78746,0.807997,0.410554,ai_unified_email_engine,14,39,high_density,1,1,,,,,,,1,3
R001704,2026-09-01,2026-09,363,1,1,1,1,2,1,1,3,0,0,0.610306,0.610306,0.567203,0.653409,0,ai_unified_email_engine,14,39,high_density,1,1,,,,,,,1,7
R001705,2026-09-01,2026-09,3,1,1,1,1,2,1,0,3,0,0,0.890046,0.890046,0.864852,0.91524,0.575445,ai_unified_email_engine,14,31,medium_density,1,1,,,,,,,1,0
R001706,2026-09-01,2026-09,298,1,1,1,1,2,1,1,3,0,0,0.568338,0.568338,0.559363,0.577313,0.573565,ai_unified_email_engine,14,31,medium_density,1,1,,,,,,,1,5
R001707,2026-09-01,2026-09,107,1,1,1,1,2,1,0,3,0,0,0.573437,0.573437,0.399604,0.747269,0.127543,ai_unified_email_engine,14,33,medium_density,1,1,,,,,,,1,0
R001708,2026-09-01,2026-09,379,1,1,1,1,2,1,1,3,2,0.1111,0.754572,0.754572,0.752477,0.756666,0.570908,ai_unified_email_engine,14,72,high_density,1,1,,,,,,,1,9
R001709,2026-09-01,2026-09,379,1,1,1,1,2,1,1,3,1,0.0588,0.79693,0.79693,0.778618,0.815241,0.579138,ai_unified_email_engine,14,45,high_density,1,1,,,,,,,1,8
R001710,2026-09-01,2026-09,314,1,1,1,1,2,1,1,3,0,0,0.679324,0.679324,0.586817,0.77183,0.2589,ai_unified_email_engine,14,49,high_density,1,1,,,,,,,1,6
R001711,2026-09-01,2026-09,255,1,1,1,1,2,1,1,3,0,0,0.617492,0.617492,0.61605,0.618934,0.578576,ai_unified_email_engine,14,7,very_low_density,1,1,,,,,,,1,3
R001712,2026-09-01,2026-09,220,1,1,1,1,2,1,1,3,0,0,0.704024,0.704024,0.593924,0.814123,0.615075,ai_unified_email_engine,14,39,high_density,1,1,,,,,,,1,3
R001713,2026-09-01,2026-09,242,1,1,1,1,2,1,1,3,0,0,0.74481,0.74481,0.716651,0.772969,0.505849,ai_unified_email_engine,14,33,medium_density,1,1,,,,,,,1,4
R001714,2026-09-01,2026-09,359,1,1,1,1,2,1,1,3,0,0,0.47653,0.47653,0.458941,0.494118,0.307988,ai_unified_email_engine,14,39,high_density,1,1,,,,,,12,0,7
R001715,2026-09-01,2026-09,300,1,1,1,1,2,1,1,3,0,0,0.541948,0.541948,0.50258,0.581315,0.378219,ai_unified_email_engine,14,27,medium_density,1,1,,,,,,,1,5
R001716,2026-09-01,2026-09,326,1,1,1,1,2,1,1,3,0,0,0.555892,0.555892,0.547763,0.56402,0.641508,ai_unified_email_engine,14,24,medium_density,1,1,,,,,,,1,6
R001717,2026-09-01,2026-09,290,1,1,1,1,2,1,1,3,0,0,0.612418,0.612418,0.591609,0.633226,0,ai_unified_email_engine,14,13,low_density,1,1,,,,,,,1,5
R001718,2026-09-01,2026-09,115,1,1,1,1,2,1,0,3,0,0,0.51941,0.51941,0.474295,0.564525,0.618287,ai_unified_email_engine,14,54,high_density,1,1,,,,,,0,0,0
R001719,2026-09-01,2026-09,240,1,1,1,1,1,1,1,2,0,0,0.611334,0.611334,0.611334,0.611334,0.506319,ai_unified_email_engine,14,17,low_density,1,1,,,,,,,1,4
R001720,2026-09-01,2026-09,337,1,1,1,1,2,1,1,3,0,0,0.487499,0.487499,0.483844,0.491153,0,ai_unified_email_engine,14,42,high_density,1,1,,,,,,,1,7
R001721,2026-09-01,2026-09,355,1,1,1,1,2,1,1,3,0,0,0.761277,0.761277,0.755285,0.767269,0.579498,ai_unified_email_engine,14,39,high_density,1,1,,,,,,,1,7
R001722,2026-09-01,2026-09,377,1,1,1,1,2,1,1,3,0,0,0.60118,0.60118,0.478712,0.723648,0.288308,ai_unified_email_engine,14,39,high_density,1,1,,,,,,,1,8
R001723,2026-09-01,2026-09,124,1,1,1,1,2,1,0,3,0,0,0.547303,0.547303,0.470522,0.624084,0.607326,ai_unified_email_engine,14,16,low_density,1,1,,,,,,,1,0
R001724,2026-09-01,2026-09,242,1,1,1,1,2,1,1,3,0,0,0.818293,0.818293,0.797172,0.839413,0.529772,ai_unified_email_engine,14,39,high_density,1,1,,,,,,0,0,4
R001725,2026-09-01,2026-09,353,1,1,1,1,2,1,1,3,0,0,0.790892,0.790892,0.788106,0.793678,0.490276,ai_unified_email_engine,14,53,high_density,1,1,,,,,,,1,7
R001726,2026-09-01,2026-09,85,1,1,1,1,2,1,0,3,0,0,0.723659,0.723659,0.676905,0.770412,0.422335,ai_unified_email_engine,14,24,medium_density,1,1,,,,,,,1,0
R001727,2026-09-01,2026-09,300,1,1,1,1,2,1,1,3,2,0.2,0.476753,0.476753,0.466648,0.486857,0.360696,ai_unified_email_engine,14,3,very_low_density,1,1,,,,,,,1,5
R001728,2026-09-01,2026-09,346,1,1,1,1,2,1,1,3,0,0,0.746403,0.746403,0.712554,0.780251,0.570702,ai_unified_email_engine,14,49,high_density,1,1,,,,,,,1,7
R001729,2026-09-01,2026-09,133,1,1,1,1,2,1,0,3,0,0,0.587047,0.587047,0.47171,0.702383,0.49882,ai_unified_email_engine,14,7,very_low_density,1,1,,,,,,0,0,0
R001730,2026-09-01,2026-09,322,1,1,1,1,2,1,1,3,0,0,0.681514,0.681514,0.595045,0.767982,0.595833,ai_unified_email_engine,14,26,medium_density,1,1,,,,,,,1,6
R001731,2026-09-01,2026-09,22,1,1,1,1,2,1,0,3,0,0,0.614274,0.614274,0.603976,0.624572,0.618037,ai_unified_email_engine,14,45,high_density,1,1,,,,,,,1,0
R001732,2026-09-01,2026-09,86,1,1,1,1,2,1,0,3,0,0,0.689246,0.689246,0.658725,0.719766,0.589737,ai_unified_email_engine,14,130,high_density,1,1,,,,,,,1,0
R001733,2026-09-01,2026-09,274,1,1,1,1,2,1,1,3,0,0,0.775673,0.775673,0.711984,0.839363,0.534414,ai_unified_email_engine,14,130,high_density,1,1,,,,,,,1,5
R001734,2026-09-01,2026-09,385,1,1,1,1,2,1,1,3,1,0.1429,0.469734,0.469734,0.405761,0.533708,0,ai_unified_email_engine,14,12,low_density,1,1,,,,,,,1,3
R001735,2026-09-01,2026-09,79,1,1,1,1,2,1,0,3,0,0,0.663723,0.663723,0.577313,0.750134,0.576061,ai_unified_email_engine,14,31,medium_density,1,1,,,,,,15,0,0
R001736,2026-09-01,2026-09,265,1,1,1,1,2,1,1,3,0,0,0.747181,0.747181,0.741037,0.753324,0.563659,ai_unified_email_engine,14,35,medium_density,1,1,,,,,,,1,4
R001737,2026-09-01,2026-09,196,1,1,1,1,2,1,1,3,0,0,0.780574,0.780574,0.779831,0.781316,0.581488,ai_unified_email_engine,14,56,high_density,1,1,,,,,,,1,2
R001738,2026-09-01,2026-09,354,1,1,1,1,2,1,1,3,0,0,0.774724,0.774724,0.770497,0.778951,0.519716,ai_unified_email_engine,14,90,high_density,1,1,,,,,,,1,3
R001739,2026-09-01,2026-09,302,1,1,1,1,2,1,1,3,2,0.1667,0.79516,0.79516,0.786018,0.804303,0.579292,ai_unified_email_engine,14,19,low_density,1,1,,,,,,,1,6
R001740,2026-09-01,2026-09,213,1,1,1,1,2,1,1,3,1,0.1429,0.541635,0.541635,0.530232,0.553039,0.578259,ai_unified_email_engine,14,31,medium_density,1,1,,,,,,,1,3
R001741,2026-09-01,2026-09,301,1,1,1,1,2,1,1,3,0,0,0.641233,0.641233,0.530924,0.751542,0.56117,ai_unified_email_engine,14,35,medium_density,1,1,,,,,,,1,6
R001742,2026-09-01,2026-09,67,1,1,1,1,2,1,0,3,0,0,0.635749,0.635749,0.599051,0.672446,0.559203,ai_unified_email_engine,14,18,low_density,1,1,,,,,,,1,0
R001743,2026-09-01,2026-09,247,1,1,1,1,1,1,1,2,0,0,0.503085,0.503085,0.503085,0.503085,0.569532,ai_unified_email_engine,14,23,low_density,1,1,,,,,,,1,4
R001744,2026-09-01,2026-09,249,1,1,1,1,2,1,1,3,0,0,0.519775,0.519775,0.489573,0.549978,0.496252,ai_unified_email_engine,14,53,high_density,1,1,,,,,,,1,4
R001745,2026-09-01,2026-09,225,1,1,1,1,2,1,1,3,0,0,0.617526,0.617526,0.503614,0.731438,0.5693,ai_unified_email_engine,14,34,medium_density,1,1,,,,,,,1,3
R001746,2026-09-01,2026-09,157,1,1,1,1,2,1,1,3,0,0,0.565125,0.565125,0.553369,0.576881,0,ai_unified_email_engine,14,22,low_density,1,1,,,,,,,1,1
R001747,2026-09-01,2026-09,221,1,1,1,1,1,1,1,2,0,0,0.499174,0.499174,0.499174,0.499174,0.523637,ai_unified_email_engine,14,26,medium_density,1,1,,,,,,,1,3
R001748,2026-09-01,2026-09,245,1,1,1,1,2,1,1,3,0,0,0.779608,0.779608,0.756899,0.802318,0.548002,ai_unified_email_engine,14,49,high_density,1,1,,,,,,,1,4
R001749,2026-09-01,2026-09,345,1,1,1,1,2,1,1,3,0,0,0.380084,0.380084,0.276444,0.483723,0.578793,ai_unified_email_engine,14,35,medium_density,1,1,,,,,,,1,7
R001750,2026-09-01,2026-09,380,1,1,1,1,2,1,1,3,2,0.1111,0.558251,0.558251,0.555691,0.56081,0.592491,ai_unified_email_engine,14,72,high_density,1,1,,,,,,,1,9
R001751,2026-09-01,2026-09,203,1,1,1,1,2,1,1,3,1,0.2,0.544591,0.544591,0.413909,0.675273,0.570792,ai_unified_email_engine,14,13,low_density,1,1,,,,,,,1,2
R001752,2026-09-01,2026-09,302,1,1,1,1,2,1,1,3,0,0,0.279584,0.279584,0.276954,0.282214,0.613786,ai_unified_email_engine,14,19,low_density,1,1,,,,,,,1,6
R001753,2026-09-01,2026-09,297,1,1,1,1,2,1,1,3,0,0,0.664451,0.664451,0.629054,0.699847,0,ai_unified_email_engine,14,35,medium_density,1,1,,,,,,,1,5
R001754,2026-09-01,2026-09,342,1,1,1,1,2,1,1,3,0,0,0.600832,0.600832,0.579377,0.622286,0.594139,ai_unified_email_engine,14,22,low_density,1,1,,,,,,,1,7
R001755,2026-09-01,2026-09,342,1,1,1,1,2,1,1,3,0,0,0.80056,0.80056,0.798602,0.802517,0.595559,ai_unified_email_engine,14,23,low_density,1,1,,,,,,,1,7
R001756,2026-09-01,2026-09,128,1,1,1,1,2,1,0,3,0,0,0.845002,0.845002,0.842009,0.847995,0.61796,ai_unified_email_engine,14,24,medium_density,1,1,,,,,,,1,0
R001757,2026-09-01,2026-09,281,1,1,1,1,2,1,1,3,1,0.0909,0.696606,0.696606,0.596084,0.797128,0.541991,ai_unified_email_engine,14,56,high_density,1,1,,,,,,,1,5
R001758,2026-09-01,2026-09,201,1,1,1,1,2,1,1,3,0,0,0.545028,0.545028,0.534963,0.555092,0.493819,ai_unified_email_engine,14,15,low_density,1,1,,,,,,,1,2
R001759,2026-09-01,2026-09,162,1,1,1,1,3,1,1,4,0,0,0.819055,0.818317,0.805344,0.833504,0.552872,ai_unified_email_engine,14,13,low_density,1,1,,,,,,,1,1
R001760,2026-09-01,2026-09,378,1,1,1,1,2,1,1,3,0,0,0.769854,0.769854,0.760109,0.779599,0.273875,ai_unified_email_engine,14,90,high_density,1,1,,,,,,,1,8
R001761,2026-09-01,2026-09,134,1,1,1,1,2,1,0,3,0,0,0.588782,0.588782,0.51964,0.657924,0,ai_unified_email_engine,14,35,medium_density,1,1,,,,,,,1,0
R001762,2026-09-01,2026-09,117,1,1,1,1,2,1,0,3,0,0,0.738031,0.738031,0.728447,0.747615,0.522856,ai_unified_email_engine,14,130,high_density,1,1,,,,,,,1,0
R001763,2026-09-01,2026-09,237,1,1,1,1,2,1,1,3,0,0,0.800378,0.800378,0.781106,0.819649,0.699537,ai_unified_email_engine,14,130,high_density,1,1,,,,,,,1,3
R001764,2026-09-01,2026-09,291,1,1,1,1,2,1,1,3,1,0.0909,0.613446,0.613446,0.506236,0.720656,0.243249,ai_unified_email_engine,14,54,high_density,1,1,,,,,,,1,5
R001765,2026-09-01,2026-09,241,1,1,1,1,2,1,1,3,0,0,0.722126,0.722126,0.682289,0.761962,0.604609,ai_unified_email_engine,14,11,low_density,1,1,,,,,,,1,4
R001766,2026-09-01,2026-09,318,1,1,1,1,2,1,1,3,1,0.0769,0.780309,0.780309,0.777023,0.783594,0.550331,ai_unified_email_engine,14,13,low_density,1,1,,,,,,,1,6
R001767,2026-09-01,2026-09,258,1,1,1,1,2,1,1,3,0,0,0.528448,0.528448,0.496189,0.560706,0.496842,ai_unified_email_engine,14,35,medium_density,1,1,,,,,,,1,4
R001768,2026-09-01,2026-09,200,1,1,1,1,2,1,1,3,0,0,0.582399,0.582399,0.568713,0.596084,0.537685,ai_unified_email_engine,14,56,high_density,1,1,,,,,,,1,2
R001769,2026-09-01,2026-09,202,1,1,1,1,2,1,1,3,0,0,0.77133,0.77133,0.748987,0.793673,0.579633,ai_unified_email_engine,14,30,medium_density,1,1,,,,,,,1,2
R001770,2026-09-01,2026-09,279,1,1,1,1,2,1,1,3,1,0.0909,0.727143,0.727143,0.656096,0.79819,0.549673,ai_unified_email_engine,14,39,high_density,1,1,,,,,,,1,5
R001771,2026-09-01,2026-09,208,1,1,1,1,2,1,1,3,1,0.1429,0.688923,0.688923,0.610269,0.767576,0.334754,ai_unified_email_engine,14,24,medium_density,1,1,,,,,,0,0,3
R001772,2026-09-01,2026-09,270,1,1,1,1,2,1,1,3,2,0.2,0.788331,0.788331,0.73191,0.844751,0.55131,ai_unified_email_engine,14,34,medium_density,1,1,,,,,,3,0,5
R001773,2026-09-01,2026-09,405,1,1,1,1,2,1,1,3,0,0,0.605802,0.605802,0.598793,0.61281,0.60584,ai_unified_email_engine,14,98,high_density,1,1,,,,,,,1,9
R001774,2026-09-01,2026-09,32,1,1,1,1,2,1,0,3,0,0,0.560437,0.560437,0.502328,0.618545,0.152737,ai_unified_email_engine,14,69,high_density,1,1,,,,,,,1,0
R001775,2026-09-01,2026-09,55,1,1,1,1,2,1,0,3,0,0,0.645554,0.645554,0.510696,0.780411,0.248997,ai_unified_email_engine,14,30,medium_density,1,1,,,,,,,1,0
R001776,2026-09-01,2026-09,80,1,1,1,1,2,1,0,3,0,0,0.795545,0.795545,0.764872,0.826217,0.515484,ai_unified_email_engine,14,42,high_density,1,1,,,,,,,1,0
R001777,2026-09-01,2026-09,315,1,1,1,1,2,1,1,3,1,0.0769,0.666166,0.666166,0.553044,0.779288,0.592726,ai_unified_email_engine,14,38,high_density,1,1,,,,,,,1,6
R001778,2026-09-01,2026-09,243,1,1,1,1,2,1,1,3,1,0.1429,0.816972,0.816972,0.78183,0.852113,0.613062,ai_unified_email_engine,14,12,low_density,1,1,,,,,,,1,3
R001779,2026-09-01,2026-09,110,1,1,1,1,2,1,0,3,0,0,0.707838,0.707838,0.605753,0.809923,0.552803,ai_unified_email_engine,14,10,low_density,1,1,,,,,,,1,0
R001780,2026-09-01,2026-09,190,1,1,1,1,2,1,1,3,0,0,0.775205,0.775205,0.754554,0.795856,0.602818,ai_unified_email_engine,14,12,low_density,1,1,,,,,,,1,2
R001781,2026-09-01,2026-09,181,1,1,1,1,2,1,1,3,0,0,0.615731,0.615731,0.615558,0.615904,0.557912,ai_unified_email_engine,14,31,medium_density,1,1,,,,,,,1,1
R001782,2026-09-01,2026-09,381,1,1,1,1,2,1,1,3,0,0,0.659569,0.659569,0.57504,0.744099,0,ai_unified_email_engine,14,90,high_density,1,1,,,,,,,1,6
R001783,2026-09-01,2026-09,199,1,1,1,1,2,1,1,3,0,0,0.819183,0.819183,0.810152,0.828214,0.569958,ai_unified_email_engine,14,98,high_density,1,1,,,,,,,1,2
R001784,2026-09-01,2026-09,356,1,1,1,1,2,1,1,3,0,0,0.826461,0.826461,0.812867,0.840055,0.519476,ai_unified_email_engine,14,53,high_density,1,1,,,,,,,1,7
R001785,2026-09-01,2026-09,294,1,1,1,1,2,1,1,3,0,0,0.563406,0.563406,0.539442,0.587369,0.212334,ai_unified_email_engine,14,54,high_density,1,1,,,,,,,1,5
R001786,2026-09-01,2026-09,237,1,1,1,1,2,1,1,3,0,0,0.775992,0.775992,0.772994,0.778989,0.577064,ai_unified_email_engine,14,90,high_density,1,1,,,,,,,1,3
R001787,2026-09-01,2026-09,279,1,1,1,1,2,1,1,3,1,0.0909,0.762847,0.762847,0.71956,0.806133,0.61015,ai_unified_email_engine,14,56,high_density,1,1,,,,,,,1,5
R001788,2026-09-01,2026-09,53,1,1,1,1,2,1,0,3,0,0,0.815464,0.815464,0.808922,0.822006,0.482276,ai_unified_email_engine,14,72,high_density,1,1,,,,,,,1,0
R001789,2026-09-01,2026-09,242,1,1,1,1,2,1,1,3,1,0.125,0.772923,0.772923,0.706483,0.839363,0.502141,ai_unified_email_engine,14,130,high_density,1,1,,,,,,,1,4
R001790,2026-09-01,2026-09,339,1,1,1,1,2,1,1,3,0,0,0.528653,0.528653,0.448867,0.608439,0.536761,ai_unified_email_engine,14,42,high_density,1,1,,,,,,,1,7
R001791,2026-09-01,2026-09,250,1,1,1,1,2,1,1,3,0,0,0.772929,0.772929,0.750402,0.795455,0.254076,ai_unified_email_engine,14,69,high_density,1,1,,,,,,,1,4
R001792,2026-09-01,2026-09,331,1,1,1,1,2,1,1,3,0,0,0.721182,0.721182,0.719766,0.722597,0.576737,ai_unified_email_engine,14,130,high_density,1,1,,,,,,,1,6
R001793,2026-09-01,2026-09,251,1,1,1,1,2,1,1,3,0,0,0.311565,0.311565,0.302372,0.320758,0,ai_unified_email_engine,14,33,medium_density,1,1,,,,,,,1,2
R001794,2026-09-01,2026-09,214,1,1,1,1,2,1,1,3,0,0,0.425373,0.425373,0.367356,0.48339,0,ai_unified_email_engine,14,22,low_density,1,1,,,,,,,1,3
R001795,2026-09-01,2026-09,181,1,1,1,1,2,1,1,3,1,0.3333,0.76375,0.76375,0.757241,0.770258,0.555056,ai_unified_email_engine,14,35,medium_density,1,1,,,,,,,1,1
R001796,2026-09-01,2026-09,236,1,1,1,1,2,1,1,3,0,0,0.702532,0.702532,0.615561,0.789502,0.558732,ai_unified_email_engine,14,130,high_density,1,1,,,,,,,1,3
R001797,2026-09-01,2026-09,321,1,1,1,1,2,1,1,3,0,0,0.428664,0.428664,0.387471,0.469857,0.22447,ai_unified_email_engine,14,38,high_density,1,1,,,,,,,1,6
R001798,2026-09-01,2026-09,272,1,1,1,1,2,1,1,3,0,0,0.703321,0.703321,0.594724,0.811917,0.317199,ai_unified_email_engine,14,20,low_density,1,1,,,,,,,1,5
R001799,2026-09-01,2026-09,247,1,1,1,1,2,1,1,3,0,0,0.498118,0.498118,0.482168,0.514067,0.557621,ai_unified_email_engine,14,8,very_low_density,1,1,,,,,,,1,4
R001800,2026-09-01,2026-09,174,1,1,1,1,3,1,1,4,0,0,0.374852,0.350465,0.272244,0.501847,0.547386,ai_unified_email_engine,14,31,medium_density,1,1,,,,,,,1,1
R001801,2026-09-01,2026-09,295,1,1,1,1,2,1,1,3,1,0.0909,0.439629,0.439629,0.367356,0.511902,0.11731,ai_unified_email_engine,14,22,low_density,1,1,,,,,,,1,5
R001802,2026-09-01,2026-09,333,1,1,1,1,2,1,1,3,0,0,0.552963,0.552963,0.50454,0.601385,0.630347,ai_unified_email_engine,14,25,medium_density,1,1,,,,,,,1,7
R001803,2026-09-01,2026-09,323,1,1,1,1,1,1,1,2,1,0.0833,0.528155,0.528155,0.528155,0.528155,0.638731,ai_unified_email_engine,14,11,low_density,1,1,,,,,,,1,6
R001804,2026-09-01,2026-09,334,1,1,1,1,2,1,1,3,0,0,0.614879,0.614879,0.610716,0.619041,0.121523,ai_unified_email_engine,14,39,high_density,1,1,,,,,,,1,7
R001805,2026-09-01,2026-09,117,1,1,1,1,2,1,0,3,0,0,0.607112,0.607112,0.606607,0.607616,0.590291,ai_unified_email_engine,14,24,medium_density,1,1,,,,,,,1,0
R001806,2026-09-01,2026-09,301,1,1,1,1,2,1,1,3,0,0,0.708821,0.708821,0.682363,0.735278,0,ai_unified_email_engine,14,42,high_density,1,1,,,,,,,1,6
R001807,2026-09-01,2026-09,26,1,1,1,1,2,1,0,3,0,0,0.53043,0.53043,0.504408,0.556451,0.297318,ai_unified_email_engine,14,90,high_density,1,1,,,,,,,1,0
R001808,2026-09-01,2026-09,328,1,1,1,1,2,1,1,3,2,0.1667,0.807055,0.807055,0.773993,0.840117,0.557706,ai_unified_email_engine,14,45,high_density,1,1,,,,,,,1,6
R001809,2026-09-01,2026-09,374,1,1,1,1,2,1,1,3,0,0,0.640974,0.640974,0.625698,0.65625,0,ai_unified_email_engine,14,72,high_density,1,1,,,,,,,1,3
R001810,2026-09-01,2026-09,194,1,1,1,1,3,1,1,4,1,0.1667,0.506812,0.459242,0.311614,0.749581,0.353166,ai_unified_email_engine,14,10,low_density,1,1,,,,,,,1,2
R001811,2026-09-01,2026-09,271,1,1,1,1,2,1,1,3,1,0.0909,0.722297,0.722297,0.703245,0.741348,0.491407,ai_unified_email_engine,14,24,medium_density,1,1,,,,,,,1,5
R001812,2026-09-01,2026-09,270,1,1,1,1,3,1,1,4,2,0.2,0.707197,0.693341,0.659682,0.768569,0.606562,ai_unified_email_engine,14,22,low_density,1,1,,,,,,,1,5
R001813,2026-09-01,2026-09,362,1,1,1,1,2,1,1,3,0,0,0.834387,0.834387,0.830938,0.837836,0.566594,ai_unified_email_engine,14,72,high_density,1,1,,,,,,,1,7
R001814,2026-09-01,2026-09,200,1,1,1,1,2,1,1,3,0,0,0.824633,0.824633,0.81199,0.837275,0.260187,ai_unified_email_engine,14,54,high_density,1,1,,,,,,,1,2
R001815,2026-09-01,2026-09,187,1,1,1,1,2,1,1,3,0,0,0.767992,0.767992,0.732566,0.803418,0.519262,ai_unified_email_engine,14,130,high_density,1,1,,,,,,,1,2
R001816,2026-09-01,2026-09,90,1,1,1,1,2,1,0,3,0,0,0.781352,0.781352,0.777822,0.784881,0.549398,ai_unified_email_engine,14,26,medium_density,1,1,,,,,,2,0,0
R001817,2026-09-01,2026-09,184,1,1,1,1,2,1,1,3,0,0,0.633628,0.633628,0.537108,0.730148,0.61419,ai_unified_email_engine,14,69,high_density,1,1,,,,,,,1,2
R001818,2026-09-01,2026-09,143,1,1,1,1,2,1,1,3,0,0,0.759651,0.759651,0.712075,0.807228,0.488597,ai_unified_email_engine,14,130,high_density,1,1,,,,,,,1,1
R001819,2026-09-01,2026-09,227,1,1,1,1,2,1,1,3,0,0,0.741208,0.741208,0.685492,0.796923,0,ai_unified_email_engine,14,72,high_density,1,1,,,,,,,1,3
R001820,2026-09-01,2026-09,341,1,1,1,1,2,1,1,3,0,0,0.724311,0.724311,0.708111,0.740511,0.53084,ai_unified_email_engine,14,23,low_density,1,1,,,,,,,1,7
R001821,2026-09-01,2026-09,338,1,1,1,1,2,1,1,3,0,0,0.649007,0.649007,0.613076,0.684938,0.276976,ai_unified_email_engine,14,39,high_density,1,1,,,,,,,1,4
R001822,2026-09-01,2026-09,198,1,1,1,1,2,1,1,3,1,0.2,0.744515,0.744515,0.704563,0.784467,0.551349,ai_unified_email_engine,14,34,medium_density,1,1,,,,,,,1,2
R001823,2026-09-01,2026-09,337,1,1,1,1,2,1,1,3,0,0,0.63707,0.63707,0.594616,0.679524,0.602825,ai_unified_email_engine,14,42,high_density,1,1,,,,,,,1,7
R001824,2026-09-01,2026-09,306,1,1,1,1,2,1,1,3,0,0,0.703441,0.703441,0.589397,0.817485,0.505065,ai_unified_email_engine,14,33,medium_density,1,1,,,,,,,1,6
R001825,2026-09-01,2026-09,293,1,1,1,1,2,1,1,3,0,0,0.729278,0.729278,0.62542,0.833135,0.556854,ai_unified_email_engine,14,48,high_density,1,1,,,,,,,1,5
R001826,2026-09-01,2026-09,179,1,1,1,1,2,1,1,3,0,0,0.572088,0.572088,0.529089,0.615087,0.555861,ai_unified_email_engine,14,35,medium_density,1,1,,,,,,,1,1
R001827,2026-09-01,2026-09,189,1,1,1,1,2,1,1,3,0,0,0.532339,0.532339,0.529451,0.535226,0.552132,ai_unified_email_engine,14,7,very_low_density,1,1,,,,,,,1,2
R001828,2026-09-01,2026-09,109,1,1,1,1,2,1,0,3,0,0,0.484921,0.484921,0.326673,0.643168,0.125608,ai_unified_email_engine,14,35,medium_density,1,1,,,,,,,1,0
R001829,2026-09-01,2026-09,220,1,1,1,1,2,1,1,3,0,0,0.558337,0.558337,0.529283,0.587391,0.497205,ai_unified_email_engine,14,98,high_density,1,1,,,,,,,1,3
R001830,2026-09-01,2026-09,290,1,1,1,1,2,1,1,3,2,0.2,0.382399,0.382399,0.275545,0.489252,0.56722,ai_unified_email_engine,14,10,low_density,1,1,,,,,,,1,5
R001831,2026-09-01,2026-09,76,1,1,1,1,2,1,0,3,0,0,0.485751,0.485751,0.452321,0.51918,0.601124,ai_unified_email_engine,14,30,medium_density,1,1,,,,,,,1,0
R001832,2026-09-01,2026-09,231,1,1,1,1,2,1,1,3,0,0,0.613651,0.613651,0.489361,0.73794,0,ai_unified_email_engine,14,31,medium_density,1,1,,,,,,,1,3
R001833,2026-09-01,2026-09,323,1,1,1,1,2,1,1,3,0,0,0.693164,0.693164,0.63131,0.755018,0.54756,ai_unified_email_engine,14,38,high_density,1,1,,,,,,,1,6
R001834,2026-09-01,2026-09,322,1,1,1,1,2,1,1,3,0,0,0.730314,0.730314,0.640901,0.819727,0.490061,ai_unified_email_engine,14,26,medium_density,1,1,,,,,,,1,6
R001835,2026-09-01,2026-09,368,1,1,1,1,2,1,1,3,0,0,0.675132,0.675132,0.650414,0.699849,0.552644,ai_unified_email_engine,14,130,high_density,1,1,,,,,,,1,8
R001836,2026-09-01,2026-09,266,1,1,1,1,2,1,1,3,0,0,0.591751,0.591751,0.447034,0.736467,0,ai_unified_email_engine,14,30,medium_density,1,1,,,,,,7,0,4
R001837,2026-09-01,2026-09,126,1,1,1,1,2,1,0,3,0,0,0.838637,0.838637,0.835594,0.84168,0.506679,ai_unified_email_engine,14,48,high_density,1,1,,,,,,,1,0
R001838,2026-09-01,2026-09,298,1,1,1,1,2,1,1,3,0,0,0.84381,0.84381,0.841753,0.845866,0.567367,ai_unified_email_engine,14,23,low_density,1,1,,,,,,,1,5
R001839,2026-09-01,2026-09,45,1,1,1,1,2,1,0,3,0,0,0.751275,0.751275,0.707094,0.795455,0,ai_unified_email_engine,14,69,high_density,1,1,,,,,,,1,0
R001840,2026-09-01,2026-09,255,1,1,1,1,3,1,1,4,1,0.1111,0.385209,0.462339,0.227273,0.466016,0,ai_unified_email_engine,14,7,very_low_density,1,1,,,,,,,1,4
R001841,2026-09-01,2026-09,312,1,1,1,1,2,1,1,3,0,0,0.732517,0.732517,0.720006,0.745027,0.565127,ai_unified_email_engine,14,45,high_density,1,1,,,,,,,1,6
R001842,2026-09-01,2026-09,193,1,1,1,1,2,1,1,3,1,0.2,0.521353,0.521353,0.409483,0.633222,0.568868,ai_unified_email_engine,14,90,high_density,1,1,,,,,,,1,2
R001843,2026-09-01,2026-09,139,1,1,1,1,2,1,0,3,0,0,0.699122,0.699122,0.631459,0.766785,0.60471,ai_unified_email_engine,14,24,medium_density,1,1,,,,,,,1,0
R001844,2026-09-01,2026-09,229,1,1,1,1,2,1,1,3,0,0,0.759192,0.759192,0.731964,0.78642,0.547481,ai_unified_email_engine,14,26,medium_density,1,1,,,,,,,1,3
R001845,2026-09-01,2026-09,363,1,1,1,1,2,1,1,3,1,0.0714,0.82278,0.82278,0.821244,0.824315,0.516938,ai_unified_email_engine,14,35,medium_density,1,1,,,,,,,1,8
R001846,2026-09-01,2026-09,229,1,1,1,1,3,1,1,4,4,0.6667,0.57847,0.541574,0.408257,0.78558,0.522767,ai_unified_email_engine,14,7,very_low_density,1,1,,,,,,0,0,4
R001847,2026-09-01,2026-09,157,1,1,1,1,2,1,1,3,0,0,0.709765,0.709765,0.601197,0.818333,0.576018,ai_unified_email_engine,14,13,low_density,1,1,,,,,,,0,1
R001848,2026-09-01,2026-09,203,1,1,1,1,2,1,1,3,0,0,0.767843,0.767843,0.755329,0.780356,0.538855,ai_unified_email_engine,14,53,high_density,1,1,,,,,,,1,2
R001849,2026-09-01,2026-09,323,1,1,1,1,2,1,1,3,0,0,0.560732,0.560732,0.507375,0.614089,0.554811,ai_unified_email_engine,14,27,medium_density,1,1,,,,,,,1,6
R001850,2026-09-01,2026-09,303,1,1,1,1,2,1,1,3,0,0,0.724647,0.724647,0.691118,0.758175,0.524973,ai_unified_email_engine,14,16,low_density,1,1,,,,,,,1,6
R001851,2026-09-01,2026-09,236,1,1,1,1,2,1,1,3,0,0,0.73409,0.73409,0.695601,0.772579,0.602639,ai_unified_email_engine,14,90,high_density,1,1,,,,,,,1,3
R001852,2026-09-01,2026-09,314,1,1,1,1,2,1,1,3,1,0.0769,0.795555,0.795555,0.75615,0.834959,0.536791,ai_unified_email_engine,14,39,high_density,1,1,,,,,,,1,6
R001853,2026-09-01,2026-09,244,1,1,1,1,2,1,1,3,0,0,0.799834,0.799834,0.787161,0.812506,0.604993,ai_unified_email_engine,14,38,high_density,1,1,,,,,,,1,4
R001854,2026-09-01,2026-09,331,1,1,1,1,2,1,1,3,0,0,0.392005,0.392005,0.278833,0.505176,0.599523,ai_unified_email_engine,14,12,low_density,1,1,,,,,,,1,6
R001855,2026-09-01,2026-09,302,1,1,1,1,2,1,1,3,0,0,0.495946,0.495946,0.486934,0.504957,0.63525,ai_unified_email_engine,14,31,medium_density,1,1,,,,,,,1,6
R001856,2026-09-01,2026-09,236,1,1,1,1,2,1,1,3,0,0,0.550505,0.550505,0.467784,0.633226,0,ai_unified_email_engine,14,13,low_density,1,1,,,,,,,1,3
R001857,2026-09-01,2026-09,189,1,1,1,1,2,1,1,3,0,0,0.571066,0.571066,0.529451,0.612682,0.520192,ai_unified_email_engine,14,7,very_low_density,1,1,,,,,,,1,2
R001858,2026-09-01,2026-09,375,1,1,1,1,2,1,1,3,0,0,0.765889,0.765889,0.759037,0.772741,0.566111,ai_unified_email_engine,14,72,high_density,1,1,,,,,,,1,8
R001859,2026-09-01,2026-09,246,1,1,1,1,2,1,1,3,3,0.75,0.719269,0.719269,0.609413,0.829124,0.486813,ai_unified_email_engine,14,8,very_low_density,1,1,,,,,,,1,3
R001860,2026-09-01,2026-09,334,1,1,1,1,2,1,1,3,0,0,0.461571,0.461571,0.428388,0.494754,0.118076,ai_unified_email_engine,14,90,high_density,1,1,,,,,,,1,7
R001861,2026-09-01,2026-09,172,1,1,1,1,2,1,1,3,0,0,0.531458,0.531458,0.503865,0.55905,0.33797,ai_unified_email_engine,14,35,medium_density,1,1,,,,,,0,0,1
R001862,2026-09-01,2026-09,231,1,1,1,1,2,1,1,3,0,0,0.629524,0.629524,0.531551,0.727497,0.354612,ai_unified_email_engine,14,24,medium_density,1,1,,,,,,,1,3
R001863,2026-09-01,2026-09,77,1,1,1,1,2,1,0,3,0,0,0.74725,0.74725,0.71788,0.77662,0.608376,ai_unified_email_engine,14,24,medium_density,1,1,,,,,,,1,0
R001864,2026-09-01,2026-09,239,1,1,1,1,2,1,1,3,0,0,0.658055,0.658055,0.545271,0.77084,0.576048,ai_unified_email_engine,14,38,high_density,1,1,,,,,,,1,4
R001865,2026-09-01,2026-09,271,1,1,1,1,2,1,1,3,0,0,0.32846,0.32846,0.227273,0.429646,0,ai_unified_email_engine,14,20,low_density,1,1,,,,,,,1,4
R001866,2026-09-01,2026-09,84,1,1,1,1,2,1,0,3,0,0,0.565584,0.565584,0.50531,0.625857,0.604126,ai_unified_email_engine,14,23,low_density,1,1,,,,,,,1,0
R001867,2026-09-01,2026-09,199,1,1,1,1,3,1,1,4,0,0,0.748418,0.761493,0.687528,0.796234,0.571225,ai_unified_email_engine,14,28,medium_density,1,1,,,,,,,1,2
R001868,2026-09-01,2026-09,161,1,1,1,1,2,1,1,3,1,0.3333,0.520693,0.520693,0.473818,0.567568,0.404724,ai_unified_email_engine,14,34,medium_density,1,1,,,,,,,1,1
R001869,2026-09-01,2026-09,72,1,1,1,1,2,1,0,3,0,0,0.708441,0.708441,0.618071,0.798811,0.573056,ai_unified_email_engine,14,69,high_density,1,1,,,,,,,1,0
R001870,2026-09-01,2026-09,142,1,1,1,1,2,1,0,3,0,0,0.799439,0.799439,0.760586,0.838292,0.547429,ai_unified_email_engine,14,24,medium_density,1,1,,,,,,,1,0
R001871,2026-09-01,2026-09,299,1,1,1,1,2,1,1,3,1,0.0909,0.546969,0.546969,0.457391,0.636547,0.518258,ai_unified_email_engine,14,24,medium_density,1,1,,,,,,2,0,5
R001872,2026-09-01,2026-09,386,1,1,1,1,2,1,1,3,0,0,0.804741,0.804741,0.80193,0.807552,0.563296,ai_unified_email_engine,14,39,high_density,1,1,,,,,,,1,8
R001873,2026-09-01,2026-09,236,1,1,1,1,2,1,1,3,0,0,0.633419,0.633419,0.533875,0.732963,0,ai_unified_email_engine,14,130,high_density,1,1,,,,,,,1,4
R001874,2026-09-01,2026-09,251,1,1,1,1,2,1,1,3,0,0,0.77573,0.77573,0.755604,0.795856,0.58182,ai_unified_email_engine,14,12,low_density,1,1,,,,,,,1,4
R001875,2026-09-01,2026-09,291,1,1,1,1,2,1,1,3,2,0.2,0.639596,0.639596,0.558637,0.720554,0.574099,ai_unified_email_engine,14,31,medium_density,1,1,,,,,,,1,5
R001876,2026-09-01,2026-09,135,1,1,1,1,2,1,0,3,0,0,0.810619,0.810619,0.809723,0.811515,0.503097,ai_unified_email_engine,14,98,high_density,1,1,,,,,,,1,0
R001877,2026-09-01,2026-09,171,1,1,1,1,2,1,1,3,0,0,0.492358,0.492358,0.340968,0.643748,0.404696,ai_unified_email_engine,14,90,high_density,1,1,,,,,,,1,1
R001878,2026-09-01,2026-09,380,1,1,1,1,2,1,1,3,0,0,0.619968,0.619968,0.469477,0.770459,0,ai_unified_email_engine,14,130,high_density,1,1,,,,,,,1,8
R001879,2026-09-01,2026-09,335,1,1,1,1,2,1,1,3,0,0,0.494228,0.494228,0.479988,0.508469,0.327461,ai_unified_email_engine,14,42,high_density,1,1,,,,,,,1,7
R001880,2026-09-01,2026-09,199,1,1,1,1,2,1,1,3,0,0,0.702451,0.702451,0.646726,0.758175,0.515351,ai_unified_email_engine,14,16,low_density,1,1,,,,,,,1,2
R001881,2026-09-01,2026-09,149,1,1,1,1,2,1,0,3,0,0,0.83245,0.83245,0.830235,0.834664,0.59871,ai_unified_email_engine,14,24,medium_density,1,1,,,,,,,1,0
R001882,2026-09-01,2026-09,248,1,1,1,1,2,1,1,3,0,0,0.802467,0.802467,0.765282,0.839652,0.691857,ai_unified_email_engine,14,24,medium_density,1,1,,,,,,,1,4
R001883,2026-09-01,2026-09,280,1,1,1,1,2,1,1,3,0,0,0.275698,0.275698,0.274457,0.276938,0.56818,ai_unified_email_engine,14,56,high_density,1,1,,,,,,,1,5
R001884,2026-09-01,2026-09,333,1,1,1,1,2,1,1,3,0,0,0.515967,0.515967,0.487949,0.543985,0.286152,ai_unified_email_engine,14,38,high_density,1,1,,,,,,,1,7
R001885,2026-09-01,2026-09,328,1,1,1,1,2,1,1,3,0,0,0.82879,0.82879,0.827483,0.830096,0.543728,ai_unified_email_engine,14,42,high_density,1,1,,,,,,,1,6
R001886,2026-09-01,2026-09,52,1,1,1,1,2,1,0,3,0,0,0.591379,0.591379,0.582519,0.600238,0.39024,ai_unified_email_engine,14,72,high_density,1,1,,,,,,1,0,0
R001887,2026-09-01,2026-09,384,1,1,1,1,2,1,1,3,0,0,0.713811,0.713811,0.588084,0.839538,0.548359,ai_unified_email_engine,14,130,high_density,1,1,,,,,,,1,8
R001888,2026-09-01,2026-09,245,1,1,1,1,2,1,1,3,0,0,0.715651,0.715651,0.619041,0.812261,0.121523,ai_unified_email_engine,14,39,high_density,1,1,,,,,,,1,4
R001889,2026-09-01,2026-09,330,1,1,1,1,2,1,1,3,0,0,0.68363,0.68363,0.630333,0.736927,0.581829,ai_unified_email_engine,14,90,high_density,1,1,,,,,,,1,6
R001890,2026-09-01,2026-09,318,1,1,1,1,2,1,1,3,0,0,0.578854,0.578854,0.567472,0.590236,0,ai_unified_email_engine,14,90,high_density,1,1,,,,,,,1,6
R001891,2026-09-01,2026-09,341,1,1,1,1,2,1,1,3,1,0.0667,0.590836,0.590836,0.586774,0.594898,0.387701,ai_unified_email_engine,14,16,low_density,1,1,,,,,,,1,7
R001892,2026-09-01,2026-09,231,1,1,1,1,2,1,1,3,0,0,0.751116,0.751116,0.662251,0.83998,0.414732,ai_unified_email_engine,14,90,high_density,1,1,,,,,,,1,3
R001893,2026-09-01,2026-09,326,1,1,1,1,2,1,1,3,1,0.0769,0.762684,0.762684,0.731629,0.793738,0,ai_unified_email_engine,14,42,high_density,1,1,,,,,,,1,6
R001894,2026-09-01,2026-09,262,1,1,1,1,2,1,1,3,0,0,0.567149,0.567149,0.530924,0.603374,0.574633,ai_unified_email_engine,14,35,medium_density,1,1,,,,,,,1,4
R001895,2026-09-01,2026-09,86,1,1,1,1,2,1,0,3,0,0,0.548987,0.548987,0.54676,0.551213,0.591331,ai_unified_email_engine,14,39,high_density,1,1,,,,,,0,0,0
R001896,2026-09-01,2026-09,302,1,1,1,1,2,1,1,3,0,0,0.605856,0.605856,0.506995,0.704717,0.570726,ai_unified_email_engine,14,35,medium_density,1,1,,,,,,,1,6
R001897,2026-09-01,2026-09,209,1,1,1,1,2,1,1,3,0,0,0.804045,0.804045,0.778218,0.829872,0.651395,ai_unified_email_engine,14,30,medium_density,1,1,,,,,,,1,2
R001898,2026-09-01,2026-09,148,1,1,1,1,2,1,0,3,0,0,0.822706,0.822706,0.815261,0.83015,0.588188,ai_unified_email_engine,14,53,high_density,1,1,,,,,,,1,0
R001899,2026-09-01,2026-09,322,1,1,1,1,2,1,1,3,0,0,0.810435,0.810435,0.793678,0.827192,0.49115,ai_unified_email_engine,14,53,high_density,1,1,,,,,,,1,6
R001900,2026-09-01,2026-09,337,1,1,1,1,2,1,1,3,0,0,0.555302,0.555302,0.552011,0.558592,0.350719,ai_unified_email_engine,14,56,high_density,1,1,,,,,,,1,7
R001901,2026-09-01,2026-09,251,1,1,1,1,2,1,1,3,0,0,0.556456,0.556456,0.486934,0.625979,0.630453,ai_unified_email_engine,14,31,medium_density,1,1,,,,,,,1,4
R001902,2026-09-01,2026-09,246,1,1,1,1,1,1,1,2,0,0,0.454545,0.454545,0.454545,0.454545,0,ai_unified_email_engine,14,38,high_density,1,1,,,,,,,1,4
R001903,2026-09-01,2026-09,195,1,1,1,1,2,1,1,3,0,0,0.55438,0.55438,0.492321,0.616439,0.283111,ai_unified_email_engine,14,90,high_density,1,1,,,,,,,1,2
R001904,2026-09-01,2026-09,329,1,1,1,1,2,1,1,3,1,0.0769,0.752029,0.752029,0.673942,0.830115,0.271363,ai_unified_email_engine,14,98,high_density,1,1,,,,,,,1,6
R001905,2026-09-01,2026-09,336,1,1,1,1,2,1,1,3,0,0,0.548777,0.548777,0.543958,0.553596,0,ai_unified_email_engine,14,23,low_density,1,1,,,,,,,1,7
R001906,2026-09-01,2026-09,190,1,1,1,1,2,1,1,3,0,0,0.647319,0.647319,0.560948,0.73369,0.155493,ai_unified_email_engine,14,130,high_density,1,1,,,,,,,1,2
R001907,2026-09-01,2026-09,357,1,1,1,1,2,1,1,3,0,0,0.708404,0.708404,0.61674,0.800067,0.622264,ai_unified_email_engine,14,90,high_density,1,1,,,,,,,1,7
R001908,2026-09-01,2026-09,265,1,1,1,1,2,1,1,3,1,0.1111,0.389209,0.389209,0.270967,0.507451,0.566723,ai_unified_email_engine,14,35,medium_density,1,1,,,,,,9,0,4
R001909,2026-09-01,2026-09,89,1,1,1,1,2,1,0,3,0,0,0.721104,0.721104,0.709847,0.732361,0.367842,ai_unified_email_engine,14,39,high_density,1,1,,,,,,,1,0
R001910,2026-09-01,2026-09,87,1,1,1,1,2,1,0,3,0,0,0.697509,0.697509,0.580169,0.814849,0.53662,ai_unified_email_engine,14,22,low_density,1,1,,,,,,,1,0
R001911,2026-09-01,2026-09,339,1,1,1,1,2,1,1,3,0,0,0.816464,0.816464,0.80397,0.828958,0.555893,ai_unified_email_engine,14,130,high_density,1,1,,,,,,,1,7
R001912,2026-09-01,2026-09,227,1,1,1,1,2,1,1,3,0,0,0.785203,0.785203,0.766988,0.803418,0.541768,ai_unified_email_engine,14,130,high_density,1,1,,,,,,,1,3
R001913,2026-09-01,2026-09,199,1,1,1,1,2,1,1,3,0,0,0.613612,0.613612,0.612511,0.614713,0.533046,ai_unified_email_engine,14,90,high_density,1,1,,,,,,,1,2
R001914,2026-09-01,2026-09,242,1,1,1,1,1,1,1,2,1,0.125,0.621268,0.621268,0.621268,0.621268,0.622873,ai_unified_email_engine,14,11,low_density,1,1,,,,,,,1,4
R001915,2026-09-01,2026-09,291,1,1,1,1,3,1,1,4,4,0.4444,0.474635,0.450411,0.38299,0.590504,0.563656,ai_unified_email_engine,14,4,very_low_density,1,1,,,,,,,1,5
R001916,2026-09-01,2026-09,354,1,1,1,1,2,1,1,3,1,0.0667,0.782803,0.782803,0.768383,0.797223,0.544924,ai_unified_email_engine,14,98,high_density,1,1,,,,,,,1,7
R001917,2026-09-01,2026-09,299,1,1,1,1,2,1,1,3,0,0,0.640711,0.640711,0.571297,0.710124,0.570983,ai_unified_email_engine,14,39,high_density,1,1,,,,,,,1,3
R001918,2026-09-01,2026-09,160,1,1,1,1,2,1,0,3,0,0,0.699964,0.699964,0.584924,0.815004,0.587668,ai_unified_email_engine,14,15,low_density,1,1,,,,,,,1,0
R001919,2026-09-01,2026-09,172,1,1,1,1,3,1,1,4,0,0,0.593515,0.590068,0.517087,0.673391,0.241439,ai_unified_email_engine,14,31,medium_density,1,1,,,,,,12,0,1
R001920,2026-09-01,2026-09,109,1,1,1,1,2,1,0,3,0,0,0.516233,0.516233,0.508362,0.524103,0,ai_unified_email_engine,14,56,high_density,1,1,,,,,,,1,0
R001921,2026-09-01,2026-09,26,1,1,1,1,2,1,0,3,0,0,0.673689,0.673689,0.57996,0.767417,0.616919,ai_unified_email_engine,14,45,high_density,1,1,,,,,,,1,0
R001922,2026-09-01,2026-09,267,1,1,1,1,2,1,1,3,1,0.1111,0.497652,0.497652,0.497652,0.497652,0,ai_unified_email_engine,14,22,low_density,1,1,,,,,,,1,4
R001923,2026-09-01,2026-09,225,1,1,1,1,1,1,1,2,1,0.1667,0.810975,0.810975,0.810975,0.810975,0.504773,ai_unified_email_engine,14,5,very_low_density,1,1,,,,,,,1,3
R001924,2026-09-01,2026-09,160,1,1,1,1,3,1,1,4,0,0,0.681216,0.666512,0.578399,0.798738,0.561717,ai_unified_email_engine,14,34,medium_density,1,1,,,,,,,1,1
R001925,2026-09-01,2026-09,356,1,1,1,1,2,1,1,3,0,0,0.767132,0.767132,0.685148,0.849115,0.444799,ai_unified_email_engine,14,53,high_density,1,1,,,,,,,1,7
R001926,2026-09-01,2026-09,238,1,1,1,1,2,1,1,3,0,0,0.623388,0.623388,0.511307,0.73547,0.564498,ai_unified_email_engine,14,17,low_density,1,1,,,,,,,1,5
R001927,2026-09-01,2026-09,200,1,1,1,1,2,1,1,3,0,0,0.649639,0.649639,0.562033,0.737245,0.39129,ai_unified_email_engine,14,26,medium_density,1,1,,,,,,,1,2
R001928,2026-09-01,2026-09,284,1,1,1,1,2,1,1,3,0,0,0.78274,0.78274,0.781521,0.783958,0.572472,ai_unified_email_engine,14,33,medium_density,1,1,,,,,,,1,5
R001929,2026-09-01,2026-09,235,1,1,1,1,2,1,1,3,0,0,0.5091,0.5091,0.501348,0.516851,0,ai_unified_email_engine,14,30,medium_density,1,1,,,,,,,1,3
R001930,2026-09-01,2026-09,305,1,1,1,1,2,1,1,3,0,0,0.815463,0.815463,0.81181,0.819115,0.517491,ai_unified_email_engine,14,38,high_density,1,1,,,,,,,1,4
R001931,2026-09-01,2026-09,301,1,1,1,1,3,1,1,4,2,0.1667,0.505816,0.500698,0.49924,0.517511,0.576167,ai_unified_email_engine,14,7,very_low_density,1,1,,,,,,,1,6
R001932,2026-09-01,2026-09,237,1,1,1,1,2,1,1,3,0,0,0.780851,0.780851,0.713329,0.848372,0.594883,ai_unified_email_engine,14,130,high_density,1,1,,,,,,0,0,3
R001933,2026-09-01,2026-09,224,1,1,1,1,2,1,1,3,0,0,0.709438,0.709438,0.602163,0.816712,0.55654,ai_unified_email_engine,14,130,high_density,1,1,,,,,,,1,3
R001934,2026-09-01,2026-09,188,1,1,1,1,2,1,1,3,0,0,0.549569,0.549569,0.549105,0.550033,0.450484,ai_unified_email_engine,14,3,very_low_density,1,1,,,,,,,1,2
R001935,2026-09-01,2026-09,36,1,1,1,1,2,1,0,3,0,0,0.840102,0.840102,0.838798,0.841405,0.559301,ai_unified_email_engine,14,27,medium_density,1,1,,,,,,,1,0
R001936,2026-09-01,2026-09,321,1,1,1,1,2,1,1,3,0,0,0.784169,0.784169,0.765707,0.80263,0.525669,ai_unified_email_engine,14,26,medium_density,1,1,,,,,,,1,6
R001937,2026-09-01,2026-09,343,1,1,1,1,2,1,1,3,2,0.1333,0.57683,0.57683,0.541935,0.611724,0.51248,ai_unified_email_engine,14,24,medium_density,1,1,,,,,,,1,8
R001938,2026-09-01,2026-09,106,1,1,1,1,2,1,0,3,0,0,0.766241,0.766241,0.737368,0.795113,0.495188,ai_unified_email_engine,14,28,medium_density,1,1,,,,,,,1,0
R001939,2026-09-01,2026-09,226,1,1,1,1,2,1,1,3,0,0,0.555753,0.555753,0.543324,0.568182,0,ai_unified_email_engine,14,54,high_density,1,1,,,,,,,1,3
R001940,2026-09-01,2026-09,149,1,1,1,1,2,1,0,3,0,0,0.767674,0.767674,0.745003,0.790344,0.488229,ai_unified_email_engine,14,15,low_density,1,1,,,,,,,1,0
R001941,2026-09-01,2026-09,231,1,1,1,1,2,1,1,3,0,0,0.727401,0.727401,0.67511,0.779691,0.552719,ai_unified_email_engine,14,26,medium_density,1,1,,,,,,,1,3
R001942,2026-09-01,2026-09,289,1,1,1,1,2,1,1,3,1,0.1111,0.582748,0.582748,0.494701,0.670794,0.585254,ai_unified_email_engine,14,6,very_low_density,1,1,,,,,,0,0,4
R001943,2026-09-01,2026-09,203,1,1,1,1,2,1,1,3,0,0,0.591444,0.591444,0.558448,0.624439,0.194197,ai_unified_email_engine,14,90,high_density,1,1,,,,,,,1,1
R001944,2026-09-01,2026-09,279,1,1,1,1,2,1,1,3,0,0,0.539439,0.539439,0.510696,0.568182,0,ai_unified_email_engine,14,30,medium_density,1,1,,,,,,,1,5
R001945,2026-09-01,2026-09,245,1,1,1,1,2,1,1,3,1,0.0909,0.410486,0.410486,0.315578,0.505393,0,ai_unified_email_engine,14,72,high_density,1,1,,,,,,,1,5
R001946,2026-09-01,2026-09,316,1,1,1,1,2,1,1,3,1,0.0769,0.812871,0.812871,0.795455,0.830287,0.314122,ai_unified_email_engine,14,98,high_density,1,1,,,,,,,1,6
R001947,2026-09-01,2026-09,198,1,1,1,1,2,1,1,3,1,0.2,0.818309,0.818309,0.784505,0.852113,0.628755,ai_unified_email_engine,14,12,low_density,1,1,,,,,,,1,2
R001948,2026-09-01,2026-09,24,1,1,1,1,2,1,0,3,0,0,0.662805,0.662805,0.560005,0.765606,0.589364,ai_unified_email_engine,14,72,high_density,1,1,,,,,,,1,0
R001949,2026-09-01,2026-09,142,1,1,1,1,2,1,0,3,0,0,0.696749,0.696749,0.596892,0.796607,0.617468,ai_unified_email_engine,14,8,very_low_density,1,1,,,,,,,1,0
R001950,2026-09-01,2026-09,377,1,1,1,1,2,1,1,3,0,0,0.789298,0.789298,0.783358,0.795238,0.599007,ai_unified_email_engine,14,56,high_density,1,1,,,,,,,1,8
R001951,2026-09-01,2026-09,335,1,1,1,1,2,1,1,3,0,0,0.795809,0.795809,0.763777,0.827841,0.301886,ai_unified_email_engine,14,72,high_density,1,1,,,,,,,1,7
R001952,2026-09-01,2026-09,82,1,1,1,1,2,1,0,3,0,0,0.648545,0.648545,0.536112,0.760977,0.599355,ai_unified_email_engine,14,53,high_density,1,1,,,,,,,1,0
R001953,2026-09-01,2026-09,114,1,1,1,1,2,1,0,3,0,0,0.577726,0.577726,0.529133,0.626318,0.652426,ai_unified_email_engine,14,56,high_density,1,1,,,,,,,1,0
R001954,2026-09-01,2026-09,378,1,1,1,1,2,1,1,3,0,0,0.696948,0.696948,0.599138,0.794757,0.587299,ai_unified_email_engine,14,72,high_density,1,1,,,,,,,1,7
R001955,2026-09-01,2026-09,194,1,1,1,1,2,1,1,3,0,0,0.73147,0.73147,0.621159,0.84178,0.582572,ai_unified_email_engine,14,48,high_density,1,1,,,,,,,1,2
R001956,2026-09-01,2026-09,129,1,1,1,1,2,1,0,3,0,0,0.701874,0.701874,0.685963,0.717785,0.550939,ai_unified_email_engine,14,53,high_density,1,1,,,,,,,1,0
R001957,2026-09-01,2026-09,194,1,1,1,1,1,1,1,2,1,0.25,0.728669,0.728669,0.728669,0.728669,0.556441,ai_unified_email_engine,14,8,very_low_density,1,1,,,,,,,1,2
R001958,2026-09-01,2026-09,382,1,1,1,1,2,1,1,3,1,0.0588,0.620736,0.620736,0.61122,0.630252,0.651946,ai_unified_email_engine,14,98,high_density,1,1,,,,,,,1,8
R001959,2026-09-01,2026-09,300,1,1,1,1,2,1,1,3,0,0,0.545575,0.545575,0.51139,0.579759,0.573446,ai_unified_email_engine,14,23,low_density,1,1,,,,,,,1,5
R001960,2026-09-01,2026-09,312,1,1,1,1,2,1,1,3,0,0,0.789534,0.789534,0.767104,0.811964,0.547578,ai_unified_email_engine,14,90,high_density,1,1,,,,,,,1,6
R001961,2026-09-01,2026-09,379,1,1,1,1,3,1,1,4,0,0,0.605291,0.597576,0.454545,0.763753,0,ai_unified_email_engine,14,49,high_density,1,1,,,,,,,1,8
R001962,2026-09-01,2026-09,199,1,1,1,1,2,1,1,3,0,0,0.582816,0.582816,0.546579,0.619052,0.398432,ai_unified_email_engine,14,13,low_density,1,1,,,,,,,1,2
R001963,2026-09-01,2026-09,180,1,1,1,1,3,1,1,4,0,0,0.5143,0.515429,0.498297,0.529173,0.266024,ai_unified_email_engine,14,16,low_density,1,1,,,,,,,1,1
R001964,2026-09-01,2026-09,319,1,1,1,1,2,1,1,3,1,0.0769,0.675404,0.675404,0.614089,0.736718,0.566954,ai_unified_email_engine,14,27,medium_density,1,1,,,,,,,1,6
R001965,2026-09-01,2026-09,206,1,1,1,1,3,1,1,4,0,0,0.70554,0.713326,0.61701,0.786284,0.562839,ai_unified_email_engine,14,31,medium_density,1,1,,,,,,,1,2
R001966,2026-09-01,2026-09,78,1,1,1,1,2,1,0,3,0,0,0.830868,0.830868,0.828978,0.832757,0.546378,ai_unified_email_engine,14,98,high_density,1,1,,,,,,,1,0
R001967,2026-09-01,2026-09,117,1,1,1,1,2,1,0,3,0,0,0.802422,0.802422,0.801546,0.803298,0.626735,ai_unified_email_engine,14,130,high_density,1,1,,,,,,,1,0
R001968,2026-09-01,2026-09,236,1,1,1,1,2,1,1,3,0,0,0.706491,0.706491,0.595267,0.817715,0.602645,ai_unified_email_engine,14,90,high_density,1,1,,,,,,,1,3
R001969,2026-09-01,2026-09,230,1,1,1,1,2,1,1,3,1,0.1429,0.831616,0.831616,0.818283,0.844949,0.56557,ai_unified_email_engine,14,31,medium_density,1,1,,,,,,,1,3
R001970,2026-09-01,2026-09,100,1,1,1,1,2,1,0,3,0,0,0.657511,0.657511,0.565769,0.749253,0.504046,ai_unified_email_engine,14,30,medium_density,1,1,,,,,,,1,0
R001971,2026-09-01,2026-09,371,1,1,1,1,2,1,1,3,0,0,0.690619,0.690619,0.63714,0.744099,0.259456,ai_unified_email_engine,14,90,high_density,1,1,,,,,,,1,8
R001972,2026-09-01,2026-09,263,1,1,1,1,2,1,1,3,1,0.125,0.714022,0.714022,0.598919,0.829124,0.46978,ai_unified_email_engine,14,8,very_low_density,1,1,,,,,,,1,4
R001973,2026-09-01,2026-09,387,1,1,1,1,2,1,1,3,0,0,0.647673,0.647673,0.606673,0.688672,0.300722,ai_unified_email_engine,14,130,high_density,1,1,,,,,,,1,8
R001974,2026-09-01,2026-09,227,1,1,1,1,2,1,1,3,1,0.1667,0.726557,0.726557,0.611684,0.84143,0.524937,ai_unified_email_engine,14,5,very_low_density,1,1,,,,,,,1,3
R001975,2026-09-01,2026-09,63,1,1,1,1,2,1,0,3,0,0,0.364667,0.364667,0.269562,0.459771,0.352252,ai_unified_email_engine,14,69,high_density,1,1,,,,,,,1,0
R001976,2026-09-01,2026-09,56,1,1,1,1,2,1,0,3,0,0,0.790914,0.790914,0.778989,0.802838,0.569838,ai_unified_email_engine,14,90,high_density,1,1,,,,,,,1,0
R001977,2026-09-01,2026-09,204,1,1,1,1,2,1,1,3,0,0,0.603712,0.603712,0.562496,0.644928,0.444319,ai_unified_email_engine,14,42,high_density,1,1,,,,,,,1,2
R001978,2026-09-01,2026-09,146,1,1,1,1,2,1,1,3,0,0,0.679455,0.679455,0.62722,0.731689,0.570822,ai_unified_email_engine,14,28,medium_density,1,1,,,,,,,1,1
R001979,2026-09-01,2026-09,220,1,1,1,1,2,1,1,3,0,0,0.783871,0.783871,0.772629,0.795113,0.494995,ai_unified_email_engine,14,28,medium_density,1,1,,,,,,,1,3
R001980,2026-09-01,2026-09,211,1,1,1,1,2,1,1,3,0,0,0.717261,0.717261,0.715267,0.719255,0.537911,ai_unified_email_engine,14,35,medium_density,1,1,,,,,,,1,2
R001981,2026-09-01,2026-09,407,1,1,1,1,2,1,1,3,0,0,0.810426,0.810426,0.798261,0.82259,0.538599,ai_unified_email_engine,14,98,high_density,1,1,,,,,,,1,9
R001982,2026-09-01,2026-09,351,1,1,1,1,2,1,1,3,2,0.125,0.836524,0.836524,0.829519,0.843528,0.556797,ai_unified_email_engine,14,72,high_density,1,1,,,,,,,1,8
R001983,2026-09-01,2026-09,268,1,1,1,1,2,1,1,3,0,0,0.754132,0.754132,0.726948,0.781316,0.577439,ai_unified_email_engine,14,56,high_density,1,1,,,,,,,1,4
R001984,2026-09-01,2026-09,272,1,1,1,1,2,1,1,3,0,0,0.494144,0.494144,0.399604,0.588684,0,ai_unified_email_engine,14,33,medium_density,1,1,,,,,,,1,4
R001985,2026-09-01,2026-09,350,1,1,1,1,2,1,1,3,0,0,0.621795,0.621795,0.535023,0.708567,0.518169,ai_unified_email_engine,14,35,medium_density,1,1,,,,,,,1,7
R001986,2026-09-01,2026-09,361,1,1,1,1,2,1,1,3,0,0,0.55438,0.55438,0.492321,0.616439,0.283111,ai_unified_email_engine,14,90,high_density,1,1,,,,,,,1,7
R001987,2026-09-01,2026-09,82,1,1,1,1,2,1,0,3,0,0,0.50693,0.50693,0.494219,0.51964,0.268494,ai_unified_email_engine,14,35,medium_density,1,1,,,,,,,1,0
R001988,2026-09-01,2026-09,208,1,1,1,1,2,1,1,3,2,0.3333,0.55098,0.55098,0.541954,0.560005,0.578512,ai_unified_email_engine,14,72,high_density,1,1,,,,,,,1,3
R001989,2026-09-01,2026-09,322,1,1,1,1,2,1,1,3,0,0,0.655402,0.655402,0.529938,0.780865,0.39034,ai_unified_email_engine,14,49,high_density,1,1,,,,,,,1,6
R001990,2026-09-01,2026-09,355,1,1,1,1,2,1,1,3,1,0.0714,0.774478,0.774478,0.744476,0.80448,0.59026,ai_unified_email_engine,14,39,high_density,1,1,,,,,,,1,7
R001991,2026-09-01,2026-09,300,1,1,1,1,2,1,1,3,0,0,0.755079,0.755079,0.754554,0.755604,0.532439,ai_unified_email_engine,14,12,low_density,1,1,,,,,,0,0,3
R001992,2026-09-01,2026-09,239,1,1,1,1,2,1,1,3,0,0,0.680111,0.680111,0.540278,0.819943,0.281705,ai_unified_email_engine,14,42,high_density,1,1,,,,,,,1,3
R001993,2026-09-01,2026-09,248,1,1,1,1,2,1,1,3,0,0,0.771924,0.771924,0.751056,0.792791,0.55883,ai_unified_email_engine,14,98,high_density,1,1,,,,,,,1,4
R001994,2026-09-01,2026-09,117,1,1,1,1,2,1,0,3,0,0,0.653816,0.653816,0.521765,0.785866,0.381741,ai_unified_email_engine,14,6,very_low_density,1,1,,,,,,0,0,0
R001995,2026-09-01,2026-09,70,1,1,1,1,2,1,0,3,0,0,0.696684,0.696684,0.552927,0.840442,0.543978,ai_unified_email_engine,14,53,high_density,1,1,,,,,,,1,0
R001996,2026-09-01,2026-09,339,1,1,1,1,2,1,1,3,0,0,0.481076,0.481076,0.462397,0.499755,0.527223,ai_unified_email_engine,14,42,high_density,1,1,,,,,,,1,7
R001997,2026-09-01,2026-09,338,1,1,1,1,2,1,1,3,0,0,0.69772,0.69772,0.647516,0.747924,0.514772,ai_unified_email_engine,14,53,high_density,1,1,,,,,,,1,7
R001998,2026-09-01,2026-09,198,1,1,1,1,1,1,1,2,0,0,0.431817,0.431817,0.431817,0.431817,0,ai_unified_email_engine,14,56,high_density,1,1,,,,,,,1,2
R001999,2026-09-01,2026-09,231,1,1,1,1,3,1,1,4,1,0.125,0.64548,0.713326,0.484693,0.738421,0.509401,ai_unified_email_engine,14,31,medium_density,1,1,,,,,,,1,3
R002000,2026-09-01,2026-09,236,1,1,1,1,2,1,1,3,0,0,0.670649,0.670649,0.623979,0.717319,0.558791,ai_unified_email_engine,14,72,high_density,1,1,,,,,,,1,4
R002001,2026-09-01,2026-09,90,1,1,1,1,2,1,0,3,0,0,0.74154,0.74154,0.668353,0.814726,0.379408,ai_unified_email_engine,14,130,high_density,1,1,,,,,,,1,0
R002002,2026-09-01,2026-09,303,1,1,1,1,2,1,1,3,0,0,0.527289,0.527289,0.510593,0.543985,0.286152,ai_unified_email_engine,14,38,high_density,1,1,,,,,,,1,6
R002003,2026-09-01,2026-09,134,1,1,1,1,3,1,0,4,0,0,0.54966,0.56807,0.503643,0.577268,0.550599,ai_unified_email_engine,14,7,very_low_density,1,1,,,,,,,1,0
R002004,2026-09-01,2026-09,124,1,1,1,1,2,1,0,3,0,0,0.716184,0.716184,0.620451,0.811917,0.316543,ai_unified_email_engine,14,20,low_density,1,1,,,,,,,1,0
R002005,2026-09-01,2026-09,240,1,1,1,1,2,1,1,3,0,0,0.776558,0.776558,0.772677,0.780438,0.587368,ai_unified_email_engine,14,56,high_density,1,1,,,,,,,1,4
R002006,2026-09-01,2026-09,420,1,1,1,1,2,1,1,3,0,0,0.658992,0.658992,0.580212,0.737772,0.569784,ai_unified_email_engine,14,25,medium_density,1,1,,,,,,,1,9
R002007,2026-09-01,2026-09,300,1,1,1,1,2,1,1,3,2,0.3333,0.774043,0.774043,0.77028,0.777805,0,ai_unified_email_engine,14,35,medium_density,1,1,,,,,,,1,3
R002008,2026-09-01,2026-09,200,1,1,1,1,3,1,1,4,1,0.1667,0.522916,0.523222,0.503643,0.541882,0.560902,ai_unified_email_engine,14,7,very_low_density,1,1,,,,,,,1,2
R002009,2026-09-01,2026-09,375,1,1,1,1,2,1,1,3,0,0,0.647426,0.647426,0.527232,0.767619,0.072766,ai_unified_email_engine,14,11,low_density,1,1,,,,,,,1,8
R002010,2026-09-01,2026-09,173,1,1,1,1,2,1,1,3,0,0,0.738776,0.738776,0.709207,0.768345,0,ai_unified_email_engine,14,39,high_density,1,1,,,,,,,1,1
R002011,2026-09-01,2026-09,169,1,1,1,1,3,1,1,4,0,0,0.747134,0.758906,0.721003,0.761493,0.556714,ai_unified_email_engine,14,28,medium_density,1,1,,,,,,15,0,1
R002012,2026-09-01,2026-09,305,1,1,1,1,2,1,1,3,0,0,0.653564,0.653564,0.549519,0.757609,0.340336,ai_unified_email_engine,14,72,high_density,1,1,,,,,,,1,6
R002013,2026-09-01,2026-09,360,1,1,1,1,2,1,1,3,0,0,0.757626,0.757626,0.746612,0.76864,0.526634,ai_unified_email_engine,14,130,high_density,1,1,,,,,,,1,7
R002014,2026-09-01,2026-09,269,1,1,1,1,2,1,1,3,0,0,0.669448,0.669448,0.558197,0.780698,0.595284,ai_unified_email_engine,14,35,medium_density,1,1,,,,,,,1,5
R002015,2026-09-01,2026-09,111,1,1,1,1,2,1,0,3,0,0,0.535216,0.535216,0.457962,0.61247,0.559867,ai_unified_email_engine,14,23,low_density,1,1,,,,,,,1,0
R002016,2026-09-01,2026-09,229,1,1,1,1,2,1,1,3,1,0.1429,0.841255,0.841255,0.819002,0.863507,0.678663,ai_unified_email_engine,14,31,medium_density,1,1,,,,,,,1,3
R002017,2026-09-01,2026-09,322,1,1,1,1,2,1,1,3,0,0,0.763601,0.763601,0.744529,0.782672,0.612463,ai_unified_email_engine,14,53,high_density,1,1,,,,,,,1,6
R002018,2026-09-01,2026-09,340,1,1,1,1,3,1,1,4,1,0.0625,0.54348,0.515429,0.485024,0.629988,0.338807,ai_unified_email_engine,14,16,low_density,1,1,,,,,,,1,7
R002019,2026-09-01,2026-09,356,1,1,1,1,2,1,1,3,2,0.125,0.543023,0.543023,0.541935,0.54411,0.526824,ai_unified_email_engine,14,24,medium_density,1,1,,,,,,,1,8
R002020,2026-09-01,2026-09,205,1,1,1,1,2,1,1,3,1,0.2,0.674484,0.674484,0.563838,0.78513,0.562807,ai_unified_email_engine,14,54,high_density,1,1,,,,,,,1,2
R002021,2026-09-01,2026-09,138,1,1,1,1,2,1,0,3,0,0,0.689979,0.689979,0.588733,0.791225,0.548501,ai_unified_email_engine,14,34,medium_density,1,1,,,,,,,1,0
R002022,2026-09-01,2026-09,344,1,1,1,1,2,1,1,3,0,0,0.824398,0.824398,0.801546,0.847249,0.612087,ai_unified_email_engine,14,130,high_density,1,1,,,,,,,1,7
R002023,2026-09-01,2026-09,380,1,1,1,1,2,1,1,3,0,0,0.798924,0.798924,0.792114,0.805733,0.569319,ai_unified_email_engine,14,56,high_density,1,1,,,,,,,1,8
R002024,2026-09-01,2026-09,320,1,1,1,1,2,1,1,3,2,0.1538,0.728876,0.728876,0.714721,0.74303,0.596783,ai_unified_email_engine,14,24,medium_density,1,1,,,,,,,1,7
R002025,2026-09-01,2026-09,226,1,1,1,1,2,1,1,3,0,0,0.762457,0.762457,0.740033,0.784881,0.608807,ai_unified_email_engine,14,26,medium_density,1,1,,,,,,0,0,3
R002026,2026-09-01,2026-09,295,1,1,1,1,2,1,1,3,0,0,0.667745,0.667745,0.567507,0.767982,0.56391,ai_unified_email_engine,14,26,medium_density,1,1,,,,,,,1,5
R002027,2026-09-01,2026-09,337,1,1,1,1,2,1,1,3,0,0,0.560899,0.560899,0.533927,0.58787,0.455421,ai_unified_email_engine,14,38,high_density,1,1,,,,,,,1,7
R002028,2026-09-01,2026-09,333,1,1,1,1,2,1,1,3,0,0,0.685683,0.685683,0.576609,0.794757,0.58591,ai_unified_email_engine,14,72,high_density,1,1,,,,,,,1,7
R002029,2026-09-01,2026-09,102,1,1,1,1,2,1,0,3,0,0,0.75339,0.75339,0.726948,0.779831,0.580907,ai_unified_email_engine,14,56,high_density,1,1,,,,,,,1,0
R002030,2026-09-01,2026-09,69,1,1,1,1,2,1,0,3,0,0,0.801494,0.801494,0.761344,0.841643,0.523527,ai_unified_email_engine,14,98,high_density,1,1,,,,,,,1,0
R002031,2026-09-01,2026-09,169,1,1,1,1,2,1,1,3,0,0,0.474832,0.474832,0.473818,0.475845,0.238027,ai_unified_email_engine,14,34,medium_density,1,1,,,,,,15,0,1
R002032,2026-09-01,2026-09,60,1,1,1,1,3,1,0,4,0,0,0.698396,0.687693,0.608757,0.798738,0.495263,ai_unified_email_engine,14,34,medium_density,1,1,,,,,,,1,0
R002033,2026-09-01,2026-09,282,1,1,1,1,2,1,1,3,1,0.0909,0.712731,0.712731,0.684672,0.74079,0.057093,ai_unified_email_engine,14,69,high_density,1,1,,,,,,,1,5
R002034,2026-09-01,2026-09,322,1,1,1,1,2,1,1,3,0,0,0.637098,0.637098,0.63131,0.642886,0.566293,ai_unified_email_engine,14,38,high_density,1,1,,,,,,,1,6
R002035,2026-09-01,2026-09,252,1,1,1,1,2,1,1,3,0,0,0.738814,0.738814,0.71646,0.761169,0.619369,ai_unified_email_engine,14,9,very_low_density,1,1,,,,,,,1,4
R002036,2026-09-01,2026-09,365,1,1,1,1,2,1,1,3,0,0,0.792464,0.792464,0.786666,0.798261,0.534693,ai_unified_email_engine,14,98,high_density,1,1,,,,,,,1,8
R002037,2026-09-01,2026-09,320,1,1,1,1,3,1,1,4,0,0,0.437376,0.501847,0.276711,0.533571,0.561711,ai_unified_email_engine,14,31,medium_density,1,1,,,,,,,1,6
R002038,2026-09-01,2026-09,147,1,1,1,1,2,1,0,3,0,0,0.838417,0.838417,0.823571,0.853262,0.646987,ai_unified_email_engine,14,39,high_density,1,1,,,,,,,1,0
R002039,2026-09-01,2026-09,322,1,1,1,1,2,1,1,3,0,0,0.722935,0.722935,0.691725,0.754144,0.39576,ai_unified_email_engine,14,38,high_density,1,1,,,,,,,1,6
R002040,2026-09-01,2026-09,338,1,1,1,1,1,1,1,2,0,0,0.71805,0.71805,0.71805,0.71805,0.52697,ai_unified_email_engine,14,38,high_density,1,1,,,,,,,1,7
R002041,2026-09-01,2026-09,249,1,1,1,1,2,1,1,3,0,0,0.793386,0.793386,0.793099,0.793673,0.577898,ai_unified_email_engine,14,30,medium_density,1,1,,,,,,,1,4
R002042,2026-09-01,2026-09,300,1,1,1,1,2,1,1,3,0,0,0.400019,0.400019,0.382993,0.417044,0.238851,ai_unified_email_engine,14,39,high_density,1,1,,,,,,,1,5
R002043,2026-09-01,2026-09,68,1,1,1,1,2,1,0,3,0,0,0.814213,0.814213,0.810784,0.817642,0.635879,ai_unified_email_engine,14,53,high_density,1,1,,,,,,,1,0
R002044,2026-09-01,2026-09,320,1,1,1,1,2,1,1,3,0,0,0.694058,0.694058,0.617275,0.77084,0.571039,ai_unified_email_engine,14,38,high_density,1,1,,,,,,,1,6
R002045,2026-09-01,2026-09,383,1,1,1,1,2,1,1,3,0,0,0.676588,0.676588,0.581392,0.771784,0.269564,ai_unified_email_engine,14,130,high_density,1,1,,,,,,,1,8
R002046,2026-09-01,2026-09,154,1,1,1,1,2,1,1,3,0,0,0.815268,0.815268,0.812867,0.817668,0.543811,ai_unified_email_engine,14,53,high_density,1,1,,,,,,,1,1
R002047,2026-09-01,2026-09,136,1,1,1,1,2,1,0,3,0,0,0.503906,0.503906,0.479803,0.528009,0,ai_unified_email_engine,14,30,medium_density,1,1,,,,,,,1,0
R002048,2026-09-01,2026-09,147,1,1,1,1,2,1,0,3,0,0,0.688927,0.688927,0.626318,0.751536,0.63362,ai_unified_email_engine,14,56,high_density,1,1,,,,,,,1,0
R002049,2026-09-01,2026-09,318,1,1,1,1,2,1,1,3,1,0.0769,0.658395,0.658395,0.630562,0.686227,0.583489,ai_unified_email_engine,14,69,high_density,1,1,,,,,,,1,6
R002050,2026-09-01,2026-09,177,1,1,1,1,2,1,1,3,0,0,0.712376,0.712376,0.702853,0.721898,0.590974,ai_unified_email_engine,14,35,medium_density,1,1,,,,,,,1,1
R002051,2026-09-01,2026-09,230,1,1,1,1,2,1,1,3,1,0.1429,0.842552,0.842552,0.821597,0.863507,0.693887,ai_unified_email_engine,14,31,medium_density,1,1,,,,,,,1,3
R002052,2026-09-01,2026-09,361,1,1,1,1,2,1,1,3,2,0.1429,0.555016,0.555016,0.505945,0.604086,0.579893,ai_unified_email_engine,14,49,high_density,1,1,,,,,,,1,7
R002053,2026-09-01,2026-09,241,1,1,1,1,2,1,1,3,1,0.1111,0.682397,0.682397,0.585498,0.779296,0.601881,ai_unified_email_engine,14,42,high_density,1,1,,,,,,,1,4
R002054,2026-09-01,2026-09,387,1,1,1,1,2,1,1,3,0,0,0.781714,0.781714,0.772506,0.790922,0.216569,ai_unified_email_engine,14,98,high_density,1,1,,,,,,,1,8
R002055,2026-09-01,2026-09,340,1,1,1,1,2,1,1,3,0,0,0.542555,0.542555,0.526667,0.558443,0.281295,ai_unified_email_engine,14,23,low_density,1,1,,,,,,,1,6
R002056,2026-09-01,2026-09,182,1,1,1,1,2,1,1,3,0,0,0.5068,0.5068,0.503153,0.510447,0.535496,ai_unified_email_engine,14,53,high_density,1,1,,,,,,,1,1
R002057,2026-09-01,2026-09,375,1,1,1,1,2,1,1,3,2,0.125,0.588453,0.588453,0.57282,0.604086,0.549836,ai_unified_email_engine,14,49,high_density,1,1,,,,,,,1,8
R002058,2026-09-01,2026-09,298,1,1,1,1,2,1,1,3,0,0,0.694041,0.694041,0.633937,0.754144,0.417128,ai_unified_email_engine,14,38,high_density,1,1,,,,,,,1,5
R002059,2026-09-01,2026-09,344,1,1,1,1,2,1,1,3,0,0,0.653632,0.653632,0.630654,0.67661,0,ai_unified_email_engine,14,53,high_density,1,1,,,,,,,1,3
R002060,2026-09-01,2026-09,107,1,1,1,1,2,1,0,3,0,0,0.781697,0.781697,0.755308,0.808086,0.148587,ai_unified_email_engine,14,48,high_density,1,1,,,,,,,1,0
R002061,2026-09-01,2026-09,340,1,1,1,1,2,1,1,3,0,0,0.773088,0.773088,0.700126,0.846049,0.582379,ai_unified_email_engine,14,54,high_density,1,1,,,,,,,1,7
R002062,2026-09-01,2026-09,252,1,1,1,1,2,1,1,3,0,0,0.795637,0.795637,0.751621,0.839652,0.632967,ai_unified_email_engine,14,24,medium_density,1,1,,,,,,,1,4
R002063,2026-09-01,2026-09,55,1,1,1,1,2,1,0,3,0,0,0.525314,0.525314,0.500714,0.549914,0.132216,ai_unified_email_engine,14,49,high_density,1,1,,,,,,,1,0
R002064,2026-09-01,2026-09,300,1,1,1,1,2,1,1,3,0,0,0.528669,0.528669,0.47171,0.585628,0.541145,ai_unified_email_engine,14,7,very_low_density,1,1,,,,,,,1,5
R002065,2026-09-01,2026-09,376,1,1,1,1,2,1,1,3,0,0,0.609919,0.609919,0.592433,0.627405,0.29432,ai_unified_email_engine,14,17,low_density,1,1,,,,,,,1,6
R002066,2026-09-01,2026-09,378,1,1,1,1,2,1,1,3,0,0,0.715907,0.715907,0.710348,0.721465,0.538285,ai_unified_email_engine,14,49,high_density,1,1,,,,,,,1,8
R002067,2026-09-01,2026-09,52,1,1,1,1,2,1,0,3,0,0,0.518511,0.518511,0.506692,0.53033,0.546545,ai_unified_email_engine,14,56,high_density,1,1,,,,,,,1,0
R002068,2026-09-01,2026-09,322,1,1,1,1,2,1,1,3,0,0,0.669442,0.669442,0.641155,0.697729,0.554355,ai_unified_email_engine,14,27,medium_density,1,1,,,,,,,1,6
R002069,2026-09-01,2026-09,341,1,1,1,1,2,1,1,3,0,0,0.776331,0.776331,0.740511,0.81215,0.560719,ai_unified_email_engine,14,23,low_density,1,1,,,,,,14,0,7
R002070,2026-09-01,2026-09,4,1,1,1,1,2,1,0,3,0,0,0.531285,0.531285,0.497941,0.564628,0,ai_unified_email_engine,14,72,high_density,2,1,,,,,,,1,0
R002071,2026-09-01,2026-09,323,1,1,1,1,2,1,1,3,0,0,0.553363,0.553363,0.516331,0.590394,0.304604,ai_unified_email_engine,14,38,high_density,1,1,,,,,,,1,6
R002072,2026-09-01,2026-09,249,1,1,1,1,2,1,1,3,0,0,0.557473,0.557473,0.498908,0.616037,0.422762,ai_unified_email_engine,14,38,high_density,1,1,,,,,,,1,4
R002073,2026-09-01,2026-09,342,1,1,1,1,2,1,1,3,0,0,0.799701,0.799701,0.781711,0.817691,0.588174,ai_unified_email_engine,14,56,high_density,1,1,,,,,,,1,7
R002074,2026-09-01,2026-09,389,1,1,1,1,2,1,1,3,0,0,0.616786,0.616786,0.570676,0.662896,0.445264,ai_unified_email_engine,14,98,high_density,1,1,,,,,,,1,8
R002075,2026-09-01,2026-09,321,1,1,1,1,2,1,1,3,0,0,0.753231,0.753231,0.683691,0.822771,0,ai_unified_email_engine,14,56,high_density,1,1,,,,,,,1,3
R002076,2026-09-01,2026-09,222,1,1,1,1,2,1,1,3,1,0.1429,0.558076,0.558076,0.547955,0.568196,0.566294,ai_unified_email_engine,14,8,very_low_density,1,1,,,,,,,1,3
R002077,2026-09-01,2026-09,319,1,1,1,1,2,1,1,3,0,0,0.828861,0.828861,0.817668,0.840055,0.547642,ai_unified_email_engine,14,53,high_density,1,1,,,,,,,1,6
R002078,2026-09-01,2026-09,299,1,1,1,1,2,1,1,3,0,0,0.47346,0.47346,0.409704,0.537217,0.14077,ai_unified_email_engine,14,35,medium_density,1,1,,,,,,,1,5
R002079,2026-09-01,2026-09,321,1,1,1,1,2,1,1,3,2,0.1667,0.48729,0.48729,0.448537,0.526043,0.406904,ai_unified_email_engine,14,14,low_density,1,1,,,,,,,1,6
R002080,2026-09-01,2026-09,208,1,1,1,1,2,1,1,3,0,0,0.605824,0.605824,0.514097,0.69755,0,ai_unified_email_engine,14,69,high_density,1,1,,,,,,,1,2
R002081,2026-09-01,2026-09,167,1,1,1,1,2,1,1,3,0,0,0.34683,0.34683,0.227273,0.466386,0.299368,ai_unified_email_engine,14,39,high_density,1,1,,,,,,,1,1
R002082,2026-09-01,2026-09,194,1,1,1,1,2,1,1,3,0,0,0.794053,0.794053,0.768383,0.819723,0.525354,ai_unified_email_engine,14,98,high_density,1,1,,,,,,,1,2
R002083,2026-09-01,2026-09,180,1,1,1,1,2,1,1,3,0,0,0.522829,0.522829,0.482168,0.56349,0.554439,ai_unified_email_engine,14,8,very_low_density,1,1,,,,,,,1,1
R002084,2026-09-01,2026-09,307,1,1,1,1,2,1,1,3,0,0,0.412025,0.412025,0.355143,0.468906,0.274616,ai_unified_email_engine,14,38,high_density,1,1,,,,,,,1,6
R002085,2026-09-01,2026-09,295,1,1,1,1,2,1,1,3,0,0,0.790556,0.790556,0.76483,0.816281,0.468611,ai_unified_email_engine,14,130,high_density,1,1,,,,,,,1,5
R002086,2026-09-01,2026-09,218,1,1,1,1,2,1,1,3,0,0,0.745837,0.745837,0.71788,0.773793,0.582204,ai_unified_email_engine,14,24,medium_density,1,1,,,,,,,1,3
R002087,2026-09-01,2026-09,401,1,1,1,1,2,1,1,3,0,0,0.517295,0.517295,0.505308,0.529283,0.485337,ai_unified_email_engine,14,98,high_density,1,1,,,,,,,1,9
R002088,2026-09-01,2026-09,322,1,1,1,1,3,1,1,4,0,0,0.565872,0.538456,0.529173,0.629988,0.302472,ai_unified_email_engine,14,16,low_density,1,1,,,,,,,1,6
R002089,2026-09-01,2026-09,130,1,1,1,1,2,1,0,3,0,0,0.784153,0.784153,0.773376,0.794929,0.566876,ai_unified_email_engine,14,24,medium_density,1,1,,,,,,,1,0
R002090,2026-09-01,2026-09,148,1,1,1,1,2,1,0,3,0,0,0.738153,0.738153,0.670634,0.805671,0.258442,ai_unified_email_engine,14,39,high_density,1,1,,,,,,,1,0
R002091,2026-09-01,2026-09,228,1,1,1,1,2,1,1,3,1,0.2,0.641804,0.641804,0.545089,0.738519,0.589706,ai_unified_email_engine,14,35,medium_density,1,1,,,,,,,1,2
R002092,2026-09-01,2026-09,182,1,1,1,1,2,1,1,3,0,0,0.676716,0.676716,0.566775,0.786657,0.610065,ai_unified_email_engine,14,30,medium_density,1,1,,,,,,,1,2
R002093,2026-09-01,2026-09,86,1,1,1,1,2,1,0,3,0,0,0.671047,0.671047,0.641155,0.700939,0.550548,ai_unified_email_engine,14,27,medium_density,1,1,,,,,,,1,0
R002094,2026-09-01,2026-09,207,1,1,1,1,1,1,1,2,0,0,0.810975,0.810975,0.810975,0.810975,0.504773,ai_unified_email_engine,14,5,very_low_density,1,1,,,,,,,1,2
R002095,2026-09-01,2026-09,86,1,1,1,1,2,1,0,3,0,0,0.756474,0.756474,0.690681,0.822268,0.660443,ai_unified_email_engine,14,90,high_density,1,1,,,,,,,1,0
R002096,2026-09-01,2026-09,298,1,1,1,1,1,1,1,2,0,0,0.611334,0.611334,0.611334,0.611334,0.506319,ai_unified_email_engine,14,17,low_density,1,1,,,,,,,1,5
R002097,2026-09-01,2026-09,306,1,1,1,1,2,1,1,3,1,0.0769,0.563051,0.563051,0.553596,0.572506,0,ai_unified_email_engine,14,23,low_density,1,1,,,,,,,1,6
R002098,2026-09-01,2026-09,203,1,1,1,1,2,1,1,3,0,0,0.727778,0.727778,0.726603,0.728953,0.525728,ai_unified_email_engine,14,17,low_density,1,1,,,,,,,1,2
R002099,2026-09-01,2026-09,257,1,1,1,1,2,1,1,3,0,0,0.503691,0.503691,0.302372,0.705011,0,ai_unified_email_engine,14,33,medium_density,1,1,,,,,,,1,4
R002100,2026-09-01,2026-09,225,1,1,1,1,3,1,1,4,1,0.125,0.800204,0.808082,0.777526,0.815005,0.658824,ai_unified_email_engine,14,10,low_density,1,1,,,,,,0,0,3
R002101,2026-09-01,2026-09,317,1,1,1,1,2,1,1,3,1,0.0769,0.704362,0.704362,0.690653,0.718071,0.618957,ai_unified_email_engine,14,35,medium_density,1,1,,,,,,,1,6
R002102,2026-09-01,2026-09,228,1,1,1,1,2,1,1,3,0,0,0.477953,0.477953,0.464752,0.491153,0,ai_unified_email_engine,14,42,high_density,1,1,,,,,,,1,3
R002103,2026-09-01,2026-09,246,1,1,1,1,2,1,1,3,0,0,0.476452,0.476452,0.457782,0.495122,0.477412,ai_unified_email_engine,14,39,high_density,1,1,,,,,,,1,4
R002104,2026-09-01,2026-09,256,1,1,1,1,2,1,1,3,0,0,0.748583,0.748583,0.699849,0.797316,0.592116,ai_unified_email_engine,14,130,high_density,1,1,,,,,,,1,4
R002105,2026-09-01,2026-09,248,1,1,1,1,2,1,1,3,1,0.1111,0.554197,0.554197,0.540212,0.568182,0.298763,ai_unified_email_engine,14,9,very_low_density,1,1,,,,,,0,0,4
R002106,2026-09-01,2026-09,339,1,1,1,1,2,1,1,3,0,0,0.531395,0.531395,0.525682,0.537108,0.610877,ai_unified_email_engine,14,69,high_density,1,1,,,,,,,1,7
R002107,2026-09-01,2026-09,38,1,1,1,1,2,1,0,3,0,0,0.724609,0.724609,0.62701,0.822207,0.633885,ai_unified_email_engine,14,98,high_density,1,1,,,,,,,1,0
R002108,2026-09-01,2026-09,305,1,1,1,1,2,1,1,3,0,0,0.844,0.844,0.840031,0.847968,0.569591,ai_unified_email_engine,14,48,high_density,1,1,,,,,,0,0,6
R002109,2026-09-01,2026-09,328,1,1,1,1,2,1,1,3,0,0,0.683139,0.683139,0.567467,0.798811,0.536864,ai_unified_email_engine,14,69,high_density,1,1,,,,,,,1,6
R002110,2026-09-01,2026-09,323,1,1,1,1,2,1,1,3,1,0.0769,0.81858,0.81858,0.816024,0.821137,0.542996,ai_unified_email_engine,14,38,high_density,1,1,,,,,,0,0,6
R002111,2026-09-01,2026-09,381,1,1,1,1,2,1,1,3,0,0,0.526721,0.526721,0.516097,0.537344,0.480713,ai_unified_email_engine,14,17,low_density,1,1,,,,,,,1,8
R002112,2026-09-01,2026-09,276,1,1,1,1,2,1,1,3,0,0,0.512804,0.512804,0.489854,0.535754,0,ai_unified_email_engine,14,90,high_density,1,1,,,,,,,1,5
R002113,2026-09-01,2026-09,227,1,1,1,1,2,1,1,3,0,0,0.529327,0.529327,0.442616,0.616037,0.423945,ai_unified_email_engine,14,38,high_density,1,1,,,,,,,1,3
R002114,2026-09-01,2026-09,336,1,1,1,1,2,1,1,3,0,0,0.796842,0.796842,0.77688,0.816804,0.619602,ai_unified_email_engine,14,90,high_density,1,1,,,,,,,1,7
R002115,2026-09-01,2026-09,302,1,1,1,1,2,1,1,3,0,0,0.743979,0.743979,0.699194,0.788764,0.539751,ai_unified_email_engine,14,35,medium_density,1,1,,,,,,,1,6
R002116,2026-09-01,2026-09,53,1,1,1,1,2,1,0,3,0,0,0.818874,0.818874,0.808739,0.829008,0.60583,ai_unified_email_engine,14,53,high_density,1,1,,,,,,,1,0
R002117,2026-09-01,2026-09,332,1,1,1,1,2,1,1,3,1,0.0769,0.722002,0.722002,0.616836,0.827167,0.569943,ai_unified_email_engine,14,38,high_density,1,1,,,,,,,1,6
R002118,2026-09-01,2026-09,341,1,1,1,1,2,1,1,3,0,0,0.669588,0.669588,0.656813,0.682363,0,ai_unified_email_engine,14,42,high_density,1,1,,,,,,,1,3
R002119,2026-09-01,2026-09,46,1,1,1,1,2,1,0,3,0,0,0.55258,0.55258,0.523767,0.581392,0.269564,ai_unified_email_engine,14,130,high_density,1,1,,,,,,,1,0
R002120,2026-09-01,2026-09,240,1,1,1,1,2,1,1,3,0,0,0.279538,0.279538,0.277231,0.281844,0.613239,ai_unified_email_engine,14,56,high_density,1,1,,,,,,,1,4
R002121,2026-09-01,2026-09,72,1,1,1,1,2,1,0,3,0,0,0.532643,0.532643,0.50163,0.563656,0.5453,ai_unified_email_engine,14,53,high_density,1,1,,,,,,,1,0
R002122,2026-09-01,2026-09,328,1,1,1,1,2,1,1,3,0,0,0.830754,0.830754,0.819687,0.84182,0.581965,ai_unified_email_engine,14,42,high_density,1,1,,,,,,,1,6
R002123,2026-09-01,2026-09,250,1,1,1,1,2,1,1,3,0,0,0.731846,0.731846,0.730306,0.733386,0,ai_unified_email_engine,14,33,medium_density,1,1,,,,,,,1,3
R002124,2026-09-01,2026-09,247,1,1,1,1,2,1,1,3,3,0.3333,0.636593,0.636593,0.628081,0.645105,0.288005,ai_unified_email_engine,14,72,high_density,1,1,,,,,,,1,5
R002125,2026-09-01,2026-09,266,1,1,1,1,2,1,1,3,0,0,0.675854,0.675854,0.640023,0.711684,0.560898,ai_unified_email_engine,14,17,low_density,1,1,,,,,,,1,4
R002126,2026-09-01,2026-09,188,1,1,1,1,3,1,1,4,1,0.1667,0.625933,0.693403,0.403059,0.781336,0.368414,ai_unified_email_engine,14,7,very_low_density,1,1,,,,,,,1,2
R002127,2026-09-01,2026-09,303,1,1,1,1,2,1,1,3,0,0,0.684787,0.684787,0.663485,0.706089,0.513694,ai_unified_email_engine,14,54,high_density,1,1,,,,,,,1,6
R002128,2026-09-01,2026-09,379,1,1,1,1,2,1,1,3,1,0.0588,0.669773,0.669773,0.618081,0.721465,0.514831,ai_unified_email_engine,14,49,high_density,1,1,,,,,,,1,8
R002129,2026-09-01,2026-09,324,1,1,1,1,2,1,1,3,1,0.0909,0.738029,0.738029,0.727282,0.748776,0.60653,ai_unified_email_engine,14,27,medium_density,1,1,,,,,,,1,5
R002130,2026-09-01,2026-09,377,1,1,1,1,2,1,1,3,1,0.0588,0.589349,0.589349,0.452543,0.726155,0.627687,ai_unified_email_engine,14,45,high_density,1,1,,,,,,,1,8
R002131,2026-09-01,2026-09,334,1,1,1,1,2,1,1,3,0,0,0.587743,0.587743,0.580219,0.595267,0.620996,ai_unified_email_engine,14,90,high_density,1,1,,,,,,,1,7
R002132,2026-09-01,2026-09,340,1,1,1,1,2,1,1,3,0,0,0.616891,0.616891,0.568182,0.665601,0,ai_unified_email_engine,14,38,high_density,1,1,,,,,,,1,6
R002133,2026-09-01,2026-09,384,1,1,1,1,2,1,1,3,0,0,0.496647,0.496647,0.465285,0.528009,0,ai_unified_email_engine,14,30,medium_density,1,1,,,,,,,1,5
R002134,2026-09-01,2026-09,81,1,1,1,1,2,1,0,3,0,0,0.832236,0.832236,0.830096,0.834376,0.564829,ai_unified_email_engine,14,42,high_density,1,1,,,,,,5,0,0
R002135,2026-09-01,2026-09,301,1,1,1,1,2,1,1,3,0,0,0.693379,0.693379,0.610605,0.776153,0.341665,ai_unified_email_engine,14,14,low_density,1,1,,,,,,,1,6
R002136,2026-09-01,2026-09,202,1,1,1,1,2,1,1,3,1,0.2,0.647157,0.647157,0.555092,0.739222,0.509296,ai_unified_email_engine,14,15,low_density,1,1,,,,,,,1,2
R002137,2026-09-01,2026-09,238,1,1,1,1,1,1,1,2,1,0.125,0.658284,0.658284,0.658284,0.658284,0.540087,ai_unified_email_engine,14,53,high_density,1,1,,,,,,,1,4
R002138,2026-09-01,2026-09,201,1,1,1,1,2,1,1,3,0,0,0.785052,0.785052,0.758139,0.811964,0.507623,ai_unified_email_engine,14,90,high_density,1,1,,,,,,0,0,2
R002139,2026-09-01,2026-09,372,1,1,1,1,2,1,1,3,0,0,0.663896,0.663896,0.504673,0.823119,0.543612,ai_unified_email_engine,14,35,medium_density,1,1,,,,,,,1,8
R002140,2026-09-01,2026-09,58,1,1,1,1,2,1,0,3,0,0,0.731458,0.731458,0.685773,0.777143,0.291744,ai_unified_email_engine,14,130,high_density,1,1,,,,,,,1,0
R002141,2026-09-01,2026-09,299,1,1,1,1,2,1,1,3,0,0,0.549807,0.549807,0.508834,0.59078,0.11684,ai_unified_email_engine,14,12,low_density,1,1,,,,,,,1,5
R002142,2026-09-01,2026-09,324,1,1,1,1,2,1,1,3,0,0,0.769097,0.769097,0.734187,0.804007,0.360335,ai_unified_email_engine,14,39,high_density,1,1,,,,,,,1,6
R002143,2026-09-01,2026-09,328,1,1,1,1,2,1,1,3,1,0.0769,0.74723,0.74723,0.701738,0.792723,0.579547,ai_unified_email_engine,14,69,high_density,1,1,,,,,,0,0,6
R002144,2026-09-01,2026-09,340,1,1,1,1,2,1,1,3,0,0,0.55253,0.55253,0.536877,0.568182,0,ai_unified_email_engine,14,90,high_density,1,1,,,,,,,1,4
R002145,2026-09-01,2026-09,481,1,1,1,1,2,1,1,3,0,0,0.774507,0.774507,0.770796,0.778218,0.583074,ai_unified_email_engine,14,30,medium_density,1,1,,,,,,,1,11
R002146,2026-09-01,2026-09,202,1,1,1,1,2,1,1,3,0,0,0.653916,0.653916,0.630333,0.677499,0.58305,ai_unified_email_engine,14,90,high_density,1,1,,,,,,0,0,2
R002147,2026-09-01,2026-09,174,1,1,1,1,2,1,1,3,0,0,0.5182,0.5182,0.401696,0.634705,0.510109,ai_unified_email_engine,14,18,low_density,1,1,,,,,,13,0,1
R002148,2026-09-01,2026-09,286,1,1,1,1,2,1,1,3,1,0.0909,0.841449,0.841449,0.839243,0.843654,0.539662,ai_unified_email_engine,14,48,high_density,1,1,,,,,,,1,5
R002149,2026-09-01,2026-09,379,1,1,1,1,2,1,1,3,2,0.1667,0.694819,0.694819,0.628081,0.761556,0,ai_unified_email_engine,14,72,high_density,1,1,,,,,,,1,6
R002150,2026-09-01,2026-09,229,1,1,1,1,2,1,1,3,0,0,0.728329,0.728329,0.614878,0.84178,0.545724,ai_unified_email_engine,14,48,high_density,1,1,,,,,,,1,2
R002151,2026-09-01,2026-09,341,1,1,1,1,2,1,1,3,1,0.0667,0.629661,0.629661,0.629328,0.629993,0.52359,ai_unified_email_engine,14,38,high_density,1,1,,,,,,5,0,7
R002152,2026-09-01,2026-09,250,1,1,1,1,2,1,1,3,0,0,0.691288,0.691288,0.580392,0.802184,0.603591,ai_unified_email_engine,14,39,high_density,1,1,,,,,,,1,4
R002153,2026-09-01,2026-09,376,1,1,1,1,2,1,1,3,2,0.1176,0.742364,0.742364,0.689316,0.795411,0.543198,ai_unified_email_engine,14,72,high_density,1,1,,,,,,,1,9
R002154,2026-09-01,2026-09,167,1,1,1,1,2,1,1,3,0,0,0.501367,0.501367,0.498868,0.503865,0.349061,ai_unified_email_engine,14,35,medium_density,1,1,,,,,,,1,1
R002155,2026-09-01,2026-09,269,1,1,1,1,2,1,1,3,0,0,0.778322,0.778322,0.77245,0.784194,0.63231,ai_unified_email_engine,14,33,medium_density,1,1,,,,,,,1,5
R002156,2026-09-01,2026-09,227,1,1,1,1,2,1,1,3,0,0,0.771043,0.771043,0.748987,0.793099,0.540686,ai_unified_email_engine,14,30,medium_density,1,1,,,,,,,1,3
R002157,2026-09-01,2026-09,245,1,1,1,1,2,1,1,3,2,0.25,0.727743,0.727743,0.614055,0.84143,0.538845,ai_unified_email_engine,14,5,very_low_density,1,1,,,,,,,1,4
R002158,2026-09-01,2026-09,229,1,1,1,1,2,1,1,3,0,0,0.645379,0.645379,0.518722,0.772035,0.570929,ai_unified_email_engine,14,53,high_density,1,1,,,,,,0,0,3
R002159,2026-09-01,2026-09,266,1,1,1,1,2,1,1,3,0,0,0.720916,0.720916,0.666853,0.774978,0.561339,ai_unified_email_engine,14,20,low_density,1,1,,,,,,7,0,4
R002160,2026-09-01,2026-09,341,1,1,1,1,2,1,1,3,0,0,0.792931,0.792931,0.789682,0.796179,0.524171,ai_unified_email_engine,14,69,high_density,1,1,,,,,,,1,7
R002161,2026-09-01,2026-09,20,1,1,1,1,2,1,0,3,0,0,0.813162,0.813162,0.813097,0.813227,0.207767,ai_unified_email_engine,14,48,high_density,1,1,,,,,,,1,0
R002162,2026-09-01,2026-09,320,1,1,1,1,2,1,1,3,0,0,0.742907,0.742907,0.733834,0.75198,0.573226,ai_unified_email_engine,14,27,medium_density,1,1,,,,,,,1,6
R002163,2026-09-01,2026-09,377,1,1,1,1,2,1,1,3,0,0,0.668786,0.668786,0.565742,0.77183,0.310476,ai_unified_email_engine,14,49,high_density,1,1,,,,,,,1,8
R002164,2026-09-01,2026-09,201,1,1,1,1,2,1,1,3,0,0,0.62164,0.62164,0.51159,0.731689,0.491012,ai_unified_email_engine,14,28,medium_density,1,1,,,,,,,1,2
R002165,2026-09-01,2026-09,312,1,1,1,1,2,1,1,3,0,0,0.529697,0.529697,0.467784,0.591609,0,ai_unified_email_engine,14,13,low_density,1,1,,,,,,,1,4
R002166,2026-09-01,2026-09,321,1,1,1,1,2,1,1,3,1,0.0769,0.71498,0.71498,0.673013,0.756946,0.610084,ai_unified_email_engine,14,38,high_density,1,1,,,,,,,1,6
R002167,2026-09-01,2026-09,81,1,1,1,1,2,1,0,3,0,0,0.571031,0.571031,0.566298,0.575763,0.260921,ai_unified_email_engine,14,15,low_density,1,1,,,,,,,1,0
R002168,2026-09-01,2026-09,154,1,1,1,1,2,1,1,3,0,0,0.765686,0.765686,0.744854,0.786518,0.244429,ai_unified_email_engine,14,30,medium_density,1,1,,,,,,,1,1
R002169,2026-09-01,2026-09,43,1,1,1,1,2,1,0,3,0,0,0.830434,0.830434,0.828168,0.8327,0.552819,ai_unified_email_engine,14,98,high_density,1,1,,,,,,,1,0
R002170,2026-09-01,2026-09,234,1,1,1,1,2,1,1,3,0,0,0.705591,0.705591,0.606262,0.804919,0.572694,ai_unified_email_engine,14,35,medium_density,1,1,,,,,,,1,3
R002171,2026-09-01,2026-09,294,1,1,1,1,2,1,1,3,0,0,0.576825,0.576825,0.573627,0.580022,0.548684,ai_unified_email_engine,14,27,medium_density,1,1,,,,,,,1,5
R002172,2026-09-01,2026-09,27,1,1,1,1,2,1,0,3,0,0,0.535926,0.535926,0.477236,0.594616,0.615205,ai_unified_email_engine,14,42,high_density,1,1,,,,,,,1,0
R002173,2026-09-01,2026-09,331,1,1,1,1,2,1,1,3,0,0,0.492556,0.492556,0.437062,0.548051,0.540869,ai_unified_email_engine,14,23,low_density,1,1,,,,,,,1,6
R002174,2026-09-01,2026-09,339,1,1,1,1,2,1,1,3,0,0,0.705413,0.705413,0.685963,0.724863,0.553499,ai_unified_email_engine,14,53,high_density,1,1,,,,,,,1,7
R002175,2026-09-01,2026-09,43,1,1,1,1,2,1,0,3,0,0,0.694603,0.694603,0.642162,0.747045,0.603451,ai_unified_email_engine,14,5,very_low_density,1,1,,,,,,,1,0
R002176,2026-09-01,2026-09,213,1,1,1,1,2,1,1,3,0,0,0.778202,0.778202,0.757818,0.798586,0.463227,ai_unified_email_engine,14,54,high_density,1,1,,,,,,,1,1
R002177,2026-09-01,2026-09,225,1,1,1,1,2,1,1,3,0,0,0.450173,0.450173,0.417044,0.483302,0,ai_unified_email_engine,14,39,high_density,1,1,,,,,,,1,3
R002178,2026-09-01,2026-09,391,1,1,1,1,2,1,1,3,0,0,0.760288,0.760288,0.726331,0.794246,0.547443,ai_unified_email_engine,14,39,high_density,1,1,,,,,,,1,8
R002179,2026-09-01,2026-09,292,1,1,1,1,2,1,1,3,0,0,0.70306,0.70306,0.591164,0.814955,0.568954,ai_unified_email_engine,14,98,high_density,1,1,,,,,,,1,5
R002180,2026-09-01,2026-09,241,1,1,1,1,2,1,1,3,0,0,0.798229,0.798229,0.784567,0.811892,0.575045,ai_unified_email_engine,14,53,high_density,1,1,,,,,,,1,4
R002181,2026-09-01,2026-09,90,1,1,1,1,2,1,0,3,0,0,0.494762,0.494762,0.483723,0.505801,0.591018,ai_unified_email_engine,14,35,medium_density,1,1,,,,,,,1,0
R002182,2026-09-01,2026-09,332,1,1,1,1,2,1,1,3,0,0,0.505641,0.505641,0.498239,0.513043,0.599521,ai_unified_email_engine,14,69,high_density,1,1,,,,,,,1,6
R002183,2026-09-01,2026-09,383,1,1,1,1,2,1,1,3,0,0,0.745251,0.745251,0.684831,0.805671,0.258442,ai_unified_email_engine,14,39,high_density,1,1,,,,,,,1,8
R002184,2026-09-01,2026-09,138,1,1,1,1,2,1,0,3,0,0,0.783407,0.783407,0.783407,0.783407,0,ai_unified_email_engine,14,35,medium_density,1,1,,,,,,,1,0
R002185,2026-09-01,2026-09,301,1,1,1,1,2,1,1,3,1,0.0769,0.825773,0.825773,0.811712,0.839834,0.599175,ai_unified_email_engine,14,27,medium_density,1,1,,,,,,,1,6
R002186,2026-09-01,2026-09,208,1,1,1,1,2,1,1,3,0,0,0.878045,0.878045,0.876822,0.879267,0.500645,ai_unified_email_engine,14,98,high_density,1,1,,,,,,,1,2
R002187,2026-09-01,2026-09,177,1,1,1,1,2,1,1,3,0,0,0.768151,0.768151,0.759422,0.77688,0.570086,ai_unified_email_engine,14,90,high_density,1,1,,,,,,7,0,1
R002188,2026-09-01,2026-09,297,1,1,1,1,3,1,1,4,2,0.2857,0.633388,0.574767,0.517511,0.807885,0.618844,ai_unified_email_engine,14,7,very_low_density,1,1,,,,,,0,0,3
R002189,2026-09-01,2026-09,226,1,1,1,1,2,1,1,3,0,0,0.501308,0.501308,0.434434,0.568182,0,ai_unified_email_engine,14,26,medium_density,1,1,,,,,,,1,3
R002190,2026-09-01,2026-09,87,1,1,1,1,2,1,0,3,0,0,0.832148,0.832148,0.8193,0.844995,0.579325,ai_unified_email_engine,14,31,medium_density,1,1,,,,,,,1,0
R002191,2026-09-01,2026-09,249,1,1,1,1,2,1,1,3,1,0.1111,0.558623,0.558623,0.409704,0.707542,0.216014,ai_unified_email_engine,14,35,medium_density,1,1,,,,,,,1,4
R002192,2026-09-01,2026-09,369,1,1,1,1,2,1,1,3,0,0,0.781333,0.781333,0.732562,0.830104,0.570532,ai_unified_email_engine,14,90,high_density,1,1,,,,,,,1,8
R002193,2026-09-01,2026-09,144,1,1,1,1,2,1,0,3,0,0,0.671985,0.671985,0.6085,0.73547,0.575709,ai_unified_email_engine,14,17,low_density,1,1,,,,,,,1,0
R002194,2026-09-01,2026-09,370,1,1,1,1,2,1,1,3,0,0,0.661716,0.661716,0.500313,0.823119,0.518036,ai_unified_email_engine,14,35,medium_density,1,1,,,,,,,1,8
R002195,2026-09-01,2026-09,314,1,1,1,1,2,1,1,3,1,0.0769,0.499423,0.499423,0.484749,0.514097,0,ai_unified_email_engine,14,69,high_density,1,1,,,,,,,1,6
R002196,2026-09-01,2026-09,20,1,1,1,1,2,1,0,3,0,0,0.812382,0.812382,0.795238,0.829525,0.578071,ai_unified_email_engine,14,56,high_density,1,1,,,,,,,1,0
R002197,2026-09-01,2026-09,271,1,1,1,1,2,1,1,3,0,0,0.751499,0.751499,0.74875,0.754248,0.584894,ai_unified_email_engine,14,33,medium_density,1,1,,,,,,3,0,5
R002198,2026-09-01,2026-09,386,1,1,1,1,2,1,1,3,1,0.0588,0.807904,0.807904,0.80397,0.811838,0.525136,ai_unified_email_engine,14,130,high_density,1,1,,,,,,,1,8
R002199,2026-09-01,2026-09,319,1,1,1,1,1,1,1,2,0,0,0.568182,0.568182,0.568182,0.568182,0,ai_unified_email_engine,14,26,medium_density,1,1,,,,,,,1,2
R002200,2026-09-01,2026-09,378,1,1,1,1,2,1,1,3,0,0,0.498532,0.498532,0.494232,0.502831,0.318493,ai_unified_email_engine,14,45,high_density,1,1,,,,,,,1,8
R002201,2026-09-01,2026-09,141,1,1,1,1,2,1,0,3,0,0,0.630146,0.630146,0.539737,0.720554,0.5535,ai_unified_email_engine,14,31,medium_density,1,1,,,,,,,1,0
R002202,2026-09-01,2026-09,88,1,1,1,1,2,1,0,3,0,0,0.54635,0.54635,0.505308,0.587391,0.443932,ai_unified_email_engine,14,98,high_density,1,1,,,,,,,1,0
R002203,2026-09-01,2026-09,380,1,1,1,1,2,1,1,3,0,0,0.547707,0.547707,0.527232,0.568182,0,ai_unified_email_engine,14,11,low_density,1,1,,,,,,,1,3
R002204,2026-09-01,2026-09,259,1,1,1,1,2,1,1,3,0,0,0.352794,0.352794,0.350888,0.354699,0,ai_unified_email_engine,14,39,high_density,1,1,,,,,,,1,3
R002205,2026-09-01,2026-09,337,1,1,1,1,2,1,1,3,0,0,0.567203,0.567203,0.567203,0.567203,0,ai_unified_email_engine,14,39,high_density,1,1,,,,,,,1,7
R002206,2026-09-01,2026-09,235,1,1,1,1,2,1,1,3,1,0.1429,0.710826,0.710826,0.707205,0.714446,0.617783,ai_unified_email_engine,14,19,low_density,1,1,,,,,,,1,3
R002207,2026-09-01,2026-09,332,1,1,1,1,2,1,1,3,0,0,0.811723,0.811723,0.797084,0.826362,0.593483,ai_unified_email_engine,14,130,high_density,1,1,,,,,,,1,6
R002208,2026-09-01,2026-09,330,1,1,1,1,2,1,1,3,0,0,0.471838,0.471838,0.437556,0.50612,0,ai_unified_email_engine,14,42,high_density,2,1,,,,,,,1,4
R002209,2026-09-01,2026-09,245,1,1,1,1,2,1,1,3,0,0,0.677796,0.677796,0.615796,0.739795,0.568858,ai_unified_email_engine,14,130,high_density,1,1,,,,,,,1,4
R002210,2026-09-01,2026-09,359,1,1,1,1,2,1,1,3,0,0,0.822307,0.822307,0.817418,0.827196,0.573077,ai_unified_email_engine,14,98,high_density,1,1,,,,,,,1,7
R002211,2026-09-01,2026-09,377,1,1,1,1,2,1,1,3,0,0,0.622451,0.622451,0.556949,0.687952,0,ai_unified_email_engine,14,56,high_density,1,1,,,,,,,1,3
R002212,2026-09-01,2026-09,238,1,1,1,1,2,1,1,3,0,0,0.736847,0.736847,0.659327,0.814367,0.56285,ai_unified_email_engine,14,56,high_density,1,1,,,,,,,1,4
R002213,2026-09-01,2026-09,297,1,1,1,1,3,1,1,4,1,0.0833,0.470258,0.449327,0.447797,0.513649,0.550156,ai_unified_email_engine,14,19,low_density,1,1,,,,,,,1,5
R002214,2026-09-01,2026-09,318,1,1,1,1,2,1,1,3,0,0,0.654075,0.654075,0.541743,0.766407,0.595378,ai_unified_email_engine,14,31,medium_density,1,1,,,,,,,1,6
R002215,2026-09-01,2026-09,309,1,1,1,1,2,1,1,3,1,0.0909,0.593188,0.593188,0.591334,0.595042,0.544187,ai_unified_email_engine,14,13,low_density,1,1,,,,,,,1,6
R002216,2026-09-01,2026-09,350,1,1,1,1,2,1,1,3,1,0.0667,0.665156,0.665156,0.656141,0.674172,0.54419,ai_unified_email_engine,14,56,high_density,1,1,,,,,,,1,7
R002217,2026-09-01,2026-09,359,1,1,1,1,2,1,1,3,1,0.0667,0.774466,0.774466,0.748251,0.80068,0.525511,ai_unified_email_engine,14,45,high_density,1,1,,,,,,,1,7
R002218,2026-09-01,2026-09,227,1,1,1,1,2,1,1,3,0,0,0.806944,0.806944,0.79423,0.819658,0.561892,ai_unified_email_engine,14,90,high_density,1,1,,,,,,,1,3
R002219,2026-09-01,2026-09,157,1,1,1,1,1,1,1,2,1,0.5,0.803019,0.803019,0.803019,0.803019,0.597249,ai_unified_email_engine,14,8,very_low_density,1,1,,,,,,,1,1
R002220,2026-09-01,2026-09,413,1,1,1,1,2,1,1,3,0,0,0.493084,0.493084,0.401365,0.584803,0.235726,ai_unified_email_engine,14,53,high_density,1,1,,,,,,,1,9
R002221,2026-09-01,2026-09,246,1,1,1,1,3,1,1,4,1,0.1111,0.719128,0.759789,0.568637,0.828959,0.56639,ai_unified_email_engine,14,7,very_low_density,1,1,,,,,,0,0,4
R002222,2026-09-01,2026-09,377,1,1,1,1,2,1,1,3,3,0.1765,0.812068,0.812068,0.802579,0.821556,0.579625,ai_unified_email_engine,14,72,high_density,1,1,,,,,,,1,9
R002223,2026-09-01,2026-09,313,1,1,1,1,2,1,1,3,0,0,0.592769,0.592769,0.567467,0.618071,0.549172,ai_unified_email_engine,14,69,high_density,1,1,,,,,,,1,6
R002224,2026-09-01,2026-09,328,1,1,1,1,2,1,1,3,1,0.0769,0.505138,0.505138,0.452543,0.557733,0.638427,ai_unified_email_engine,14,45,high_density,1,1,,,,,,,1,6
R002225,2026-09-01,2026-09,385,1,1,1,1,2,1,1,3,1,0.0588,0.790889,0.790889,0.773781,0.807997,0.399898,ai_unified_email_engine,14,39,high_density,1,1,,,,,,,1,8
R002226,2026-09-01,2026-09,290,1,1,1,1,2,1,1,3,2,0.25,0.4973,0.4973,0.429513,0.565086,0.580664,ai_unified_email_engine,14,3,very_low_density,1,1,,,,,,,1,5
R002227,2026-09-01,2026-09,322,1,1,1,1,2,1,1,3,2,0.1429,0.255352,0.255352,0.232693,0.27801,0.297657,ai_unified_email_engine,14,24,medium_density,1,1,,,,,,,1,7
R002228,2026-09-01,2026-09,390,1,1,1,1,2,1,1,3,0,0,0.828054,0.828054,0.827068,0.82904,0.53611,ai_unified_email_engine,14,98,high_density,1,1,,,,,,,1,8
R002229,2026-09-01,2026-09,271,1,1,1,1,2,1,1,3,1,0.0909,0.507605,0.507605,0.507451,0.50776,0.615416,ai_unified_email_engine,14,35,medium_density,1,1,,,,,,,1,5
R002230,2026-09-01,2026-09,175,1,1,1,1,2,1,1,3,0,0,0.745167,0.745167,0.679724,0.810609,0.567214,ai_unified_email_engine,14,35,medium_density,1,1,,,,,,,1,1
R002231,2026-09-01,2026-09,213,1,1,1,1,3,1,1,4,0,0,0.313222,0.227273,0.227273,0.485121,0,ai_unified_email_engine,14,25,medium_density,1,1,,,,,,,1,3
R002232,2026-09-01,2026-09,232,1,1,1,1,2,1,1,3,0,0,0.69581,0.69581,0.611928,0.779691,0.548736,ai_unified_email_engine,14,26,medium_density,1,1,,,,,,,1,3
R002233,2026-09-01,2026-09,135,1,1,1,1,2,1,0,3,0,0,0.647923,0.647923,0.610438,0.685408,0.581789,ai_unified_email_engine,14,11,low_density,1,1,,,,,,0,0,0
R002234,2026-09-01,2026-09,355,1,1,1,1,2,1,1,3,1,0.1429,0.544345,0.544345,0.503596,0.585093,0,ai_unified_email_engine,14,39,high_density,1,1,,,,,,,1,3
R002235,2026-09-01,2026-09,434,1,1,1,1,2,1,1,3,0,0,0.609251,0.609251,0.50454,0.713962,0.566653,ai_unified_email_engine,14,25,medium_density,1,1,,,,,,,1,10
R002236,2026-09-01,2026-09,272,1,1,1,1,2,1,1,3,1,0.0909,0.503,0.503,0.502062,0.503937,0.568526,ai_unified_email_engine,14,34,medium_density,1,1,,,,,,,1,5
R002237,2026-09-01,2026-09,202,1,1,1,1,2,1,1,3,1,0.2,0.579394,0.579394,0.539735,0.619052,0.35828,ai_unified_email_engine,14,13,low_density,1,1,,,,,,0,0,2
R002238,2026-09-01,2026-09,341,1,1,1,1,2,1,1,3,0,0,0.582348,0.582348,0.568182,0.596513,0,ai_unified_email_engine,14,54,high_density,1,1,,,,,,,1,3
R002239,2026-09-01,2026-09,299,1,1,1,1,2,1,1,3,1,0.0909,0.753686,0.753686,0.703364,0.804007,0.204643,ai_unified_email_engine,14,39,high_density,1,1,,,,,,,1,5
R002240,2026-09-01,2026-09,21,1,1,1,1,2,1,0,3,0,0,0.727074,0.727074,0.684938,0.76921,0.276976,ai_unified_email_engine,14,39,high_density,1,1,,,,,,,1,0
R002241,2026-09-01,2026-09,27,1,1,1,1,2,1,0,3,0,0,0.537311,0.537311,0.252107,0.822514,0.433969,ai_unified_email_engine,14,42,high_density,1,1,,,,,,,1,0
R002242,2026-09-01,2026-09,81,1,1,1,1,2,1,0,3,0,0,0.438855,0.438855,0.309529,0.568182,0,ai_unified_email_engine,14,31,medium_density,1,1,,,,,,,1,0
R002243,2026-09-01,2026-09,203,1,1,1,1,3,1,1,4,1,0.1667,0.548963,0.555596,0.523222,0.56807,0.578448,ai_unified_email_engine,14,7,very_low_density,1,1,,,,,,,1,2
R002244,2026-09-01,2026-09,298,1,1,1,1,1,1,1,2,0,0,0.472231,0.472231,0.472231,0.472231,0,ai_unified_email_engine,14,8,very_low_density,1,1,,,,,,,1,2
R002245,2026-09-01,2026-09,106,1,1,1,1,2,1,0,3,0,0,0.698877,0.698877,0.698428,0.699325,0.55694,ai_unified_email_engine,14,23,low_density,1,1,,,,,,,1,0
R002246,2026-09-01,2026-09,340,1,1,1,1,2,1,1,3,1,0.0769,0.82244,0.82244,0.802067,0.842812,0.5911,ai_unified_email_engine,14,42,high_density,1,1,,,,,,0,0,6
R002247,2026-09-01,2026-09,196,1,1,1,1,2,1,1,3,0,0,0.738059,0.738059,0.618434,0.857683,0.659888,ai_unified_email_engine,14,8,very_low_density,1,1,,,,,,,1,2
R002248,2026-09-01,2026-09,307,1,1,1,1,2,1,1,3,2,0.1667,0.779593,0.779593,0.76395,0.795236,0.558264,ai_unified_email_engine,14,11,low_density,1,1,,,,,,,1,6
R002249,2026-09-01,2026-09,210,1,1,1,1,2,1,1,3,0,0,0.774641,0.774641,0.772506,0.776775,0.351091,ai_unified_email_engine,14,98,high_density,1,1,,,,,,,1,3
R002250,2026-09-01,2026-09,413,1,1,1,1,2,1,1,3,0,0,0.803429,0.803429,0.782848,0.82401,0.60547,ai_unified_email_engine,14,98,high_density,1,1,,,,,,,1,9
R002251,2026-09-01,2026-09,173,1,1,1,1,2,1,1,3,0,0,0.743497,0.743497,0.660689,0.826306,0.63179,ai_unified_email_engine,14,24,medium_density,1,1,,,,,,10,0,1
R002252,2026-09-01,2026-09,104,1,1,1,1,2,1,0,3,0,0,0.823226,0.823226,0.817444,0.829008,0.644583,ai_unified_email_engine,14,53,high_density,1,1,,,,,,0,0,0
R002253,2026-09-01,2026-09,223,1,1,1,1,2,1,1,3,0,0,0.503255,0.503255,0.4843,0.52221,0,ai_unified_email_engine,14,27,medium_density,1,1,,,,,,,1,3
R002254,2026-09-01,2026-09,356,1,1,1,1,2,1,1,3,0,0,0.814732,0.814732,0.810784,0.818679,0.565548,ai_unified_email_engine,14,53,high_density,1,1,,,,,,,1,7
R002255,2026-09-01,2026-09,154,1,1,1,1,2,1,1,3,0,0,0.667267,0.667267,0.646472,0.688062,0.530355,ai_unified_email_engine,14,34,medium_density,1,1,,,,,,,1,1
R002256,2026-09-01,2026-09,200,1,1,1,1,2,1,1,3,0,0,0.74157,0.74157,0.707689,0.775451,0.239976,ai_unified_email_engine,14,49,high_density,1,1,,,,,,,1,2
R002257,2026-09-01,2026-09,300,1,1,1,1,2,1,1,3,0,0,0.5687,0.5687,0.508362,0.629038,0,ai_unified_email_engine,14,56,high_density,1,1,,,,,,,1,5
R002258,2026-09-01,2026-09,229,1,1,1,1,2,1,1,3,0,0,0.794427,0.794427,0.762637,0.826217,0.547502,ai_unified_email_engine,14,42,high_density,1,1,,,,,,,1,3
R002259,2026-09-01,2026-09,149,1,1,1,1,2,1,0,3,0,0,0.729527,0.729527,0.661185,0.797868,0.561981,ai_unified_email_engine,14,33,medium_density,1,1,,,,,,,1,0
R002260,2026-09-01,2026-09,323,1,1,1,1,2,1,1,3,0,0,0.507036,0.507036,0.428134,0.585938,0,ai_unified_email_engine,14,45,high_density,1,1,,,,,,,1,3
R002261,2026-09-01,2026-09,329,1,1,1,1,2,1,1,3,1,0.0667,0.585729,0.585729,0.57122,0.600238,0.367394,ai_unified_email_engine,14,72,high_density,1,1,,,,,,,1,7
R002262,2026-09-01,2026-09,357,1,1,1,1,2,1,1,3,2,0.1429,0.78733,0.78733,0.77028,0.80438,0.283847,ai_unified_email_engine,14,35,medium_density,1,1,,,,,,8,0,7
R002263,2026-09-01,2026-09,228,1,1,1,1,2,1,1,3,0,0,0.774171,0.774171,0.702292,0.846049,0.595083,ai_unified_email_engine,14,54,high_density,1,1,,,,,,,1,3
R002264,2026-09-01,2026-09,241,1,1,1,1,2,1,1,3,1,0.1111,0.760226,0.760226,0.75615,0.764302,0.506138,ai_unified_email_engine,14,39,high_density,1,1,,,,,,,1,4
R002265,2026-09-01,2026-09,322,1,1,1,1,2,1,1,3,0,0,0.651422,0.651422,0.621449,0.681395,0.192278,ai_unified_email_engine,14,48,high_density,1,1,,,,,,,1,6
R002266,2026-09-01,2026-09,299,1,1,1,1,2,1,1,3,0,0,0.674001,0.674001,0.640798,0.707205,0.590656,ai_unified_email_engine,14,19,low_density,1,1,,,,,,,1,5
R002267,2026-09-01,2026-09,268,1,1,1,1,2,1,1,3,0,0,0.66488,0.66488,0.638068,0.691691,0.586439,ai_unified_email_engine,14,33,medium_density,1,1,,,,,,,1,5
R002268,2026-09-01,2026-09,159,1,1,1,1,2,1,1,3,0,0,0.762565,0.762565,0.743434,0.781696,0.547834,ai_unified_email_engine,14,25,medium_density,1,1,,,,,,,1,1
R002269,2026-09-01,2026-09,314,1,1,1,1,2,1,1,3,1,0.0833,0.771797,0.771797,0.768142,0.775451,0.399924,ai_unified_email_engine,14,49,high_density,1,1,,,,,,,1,6
R002270,2026-09-01,2026-09,290,1,1,1,1,2,1,1,3,1,0.0909,0.638818,0.638818,0.556979,0.720656,0.347124,ai_unified_email_engine,14,54,high_density,1,1,,,,,,,1,5
R002271,2026-09-01,2026-09,378,1,1,1,1,2,1,1,3,0,0,0.57628,0.57628,0.565742,0.586817,0.270224,ai_unified_email_engine,14,49,high_density,1,1,,,,,,,1,5
R002272,2026-09-01,2026-09,384,1,1,1,1,2,1,1,3,0,0,0.803635,0.803635,0.768219,0.839051,0.503002,ai_unified_email_engine,14,39,high_density,1,1,,,,,,,1,8
R002273,2026-09-01,2026-09,70,1,1,1,1,2,1,0,3,0,0,0.752662,0.752662,0.729179,0.776145,0.528846,ai_unified_email_engine,14,28,medium_density,1,1,,,,,,,1,0
R002274,2026-09-01,2026-09,320,1,1,1,1,2,1,1,3,1,0.0769,0.581569,0.581569,0.551213,0.611925,0.649324,ai_unified_email_engine,14,39,high_density,1,1,,,,,,,1,6
R002275,2026-09-01,2026-09,171,1,1,1,1,2,1,1,3,0,0,0.623853,0.623853,0.613001,0.634705,0.53482,ai_unified_email_engine,14,18,low_density,1,1,,,,,,13,0,1
R002276,2026-09-01,2026-09,368,1,1,1,1,2,1,1,3,0,0,0.679522,0.679522,0.558976,0.800067,0.593709,ai_unified_email_engine,14,90,high_density,1,1,,,,,,,1,8
R002277,2026-09-01,2026-09,350,1,1,1,1,1,1,1,2,0,0,0.381249,0.381249,0.381249,0.381249,0.271757,ai_unified_email_engine,14,56,high_density,1,1,,,,,,15,0,7
R002278,2026-09-01,2026-09,266,1,1,1,1,2,1,1,3,0,0,0.246287,0.246287,0.227273,0.265301,0,ai_unified_email_engine,14,20,low_density,1,1,,,,,,,1,4
R002279,2026-09-01,2026-09,179,1,1,1,1,2,1,1,3,0,0,0.782599,0.782599,0.770967,0.79423,0.554484,ai_unified_email_engine,14,90,high_density,1,1,,,,,,4,0,1
R002280,2026-09-01,2026-09,73,1,1,1,1,2,1,0,3,0,0,0.506415,0.506415,0.441533,0.571297,0.606215,ai_unified_email_engine,14,39,high_density,1,1,,,,,,,1,0
R002281,2026-09-01,2026-09,51,1,1,1,1,2,1,0,3,0,0,0.754999,0.754999,0.737368,0.772629,0.515364,ai_unified_email_engine,14,28,medium_density,1,1,,,,,,,1,0
R002282,2026-09-01,2026-09,249,1,1,1,1,2,1,1,3,0,0,0.530349,0.530349,0.452463,0.608235,0.382866,ai_unified_email_engine,14,35,medium_density,1,1,,,,,,,1,4
R002283,2026-09-01,2026-09,157,1,1,1,1,2,1,1,3,0,0,0.818099,0.818099,0.800721,0.835476,0.528553,ai_unified_email_engine,14,28,medium_density,1,1,,,,,,,1,1
R002284,2026-09-01,2026-09,299,1,1,1,1,2,1,1,3,0,0,0.79236,0.79236,0.746651,0.838068,0,ai_unified_email_engine,14,35,medium_density,1,1,,,,,,,1,5
R002285,2026-09-01,2026-09,247,1,1,1,1,3,1,1,4,1,0.1,0.507259,0.498297,0.485024,0.538456,0.32078,ai_unified_email_engine,14,16,low_density,1,1,,,,,,,1,4
R002286,2026-09-01,2026-09,379,1,1,1,1,2,1,1,3,0,0,0.741872,0.741872,0.637469,0.846275,0,ai_unified_email_engine,14,49,high_density,1,1,,,,,,,1,6
R002287,2026-09-01,2026-09,41,1,1,1,1,2,1,0,3,0,0,0.785127,0.785127,0.7848,0.785453,0.549371,ai_unified_email_engine,14,130,high_density,1,1,,,,,,,1,0
R002288,2026-09-01,2026-09,254,1,1,1,1,2,1,1,3,0,0,0.837933,0.837933,0.833857,0.842009,0.535018,ai_unified_email_engine,14,24,medium_density,1,1,,,,,,,1,4
R002289,2026-09-01,2026-09,71,1,1,1,1,2,1,0,3,0,0,0.749224,0.749224,0.747258,0.75119,0.250248,ai_unified_email_engine,14,72,high_density,1,1,,,,,,,1,0
R002290,2026-09-01,2026-09,259,1,1,1,1,2,1,1,3,0,0,0.575333,0.575333,0.551045,0.599621,0,ai_unified_email_engine,14,53,high_density,1,1,,,,,,,1,3
R002291,2026-09-01,2026-09,341,1,1,1,1,2,1,1,3,0,0,0.714649,0.714649,0.602132,0.827167,0.582143,ai_unified_email_engine,14,38,high_density,1,1,,,,,,0,0,7
